order_id,facility_id,period,pilot_flag,dropped_at,promised_at,shift,channel,line_count,low_risk_flag,hazmat_flag,cycle_minutes,error_count,rework_flag,sla_miss_flag
BL-10001,AUS-01,baseline,0,2025-01-06T06:44:22,2025-01-06T08:44:22,Days,Marketplace,6,0,0,120.6,1,0,1
BL-10002,AUS-01,baseline,0,2025-01-06T06:47:18,2025-01-06T08:47:18,Days,Marketplace,3,0,0,94.3,0,0,0
BL-10003,AUS-01,baseline,0,2025-01-06T06:20:39,2025-01-06T08:20:39,Days,DTC web,1,1,0,81.8,0,0,0
BL-10004,AUS-01,baseline,0,2025-01-06T06:44:02,2025-01-06T08:44:02,Days,DTC web,7,0,0,110.4,0,0,0
BL-10005,AUS-01,baseline,0,2025-01-06T06:23:05,2025-01-06T08:23:05,Days,Store replen,2,0,0,76.3,0,0,0
BL-10006,AUS-01,baseline,0,2025-01-06T06:29:35,2025-01-06T08:29:35,Days,DTC web,3,0,0,72.4,0,0,0
BL-10007,AUS-01,baseline,0,2025-01-06T06:26:24,2025-01-06T08:26:24,Days,DTC web,6,0,0,100.5,0,0,0
BL-10008,AUS-01,baseline,0,2025-01-06T06:35:45,2025-01-06T08:35:45,Days,Marketplace,2,0,0,77.0,0,0,0
BL-10009,AUS-01,baseline,0,2025-01-06T14:40:37,2025-01-06T16:40:37,Swing,Marketplace,2,1,0,97.3,0,0,0
BL-10010,AUS-01,baseline,0,2025-01-06T14:50:06,2025-01-06T16:50:06,Swing,Marketplace,3,0,0,87.2,0,0,0
BL-10011,AUS-01,baseline,0,2025-01-06T14:14:31,2025-01-06T16:14:31,Swing,Store replen,1,0,0,67.5,0,0,0
BL-10012,AUS-01,baseline,0,2025-01-06T14:41:30,2025-01-06T16:41:30,Swing,DTC web,4,0,0,106.1,0,0,0
BL-10013,AUS-01,baseline,0,2025-01-06T14:33:07,2025-01-06T16:33:07,Swing,DTC web,1,1,0,101.5,0,0,0
BL-10014,AUS-01,baseline,0,2025-01-06T14:20:02,2025-01-06T16:20:02,Swing,Store replen,1,0,0,83.6,0,0,0
BL-10015,AUS-01,baseline,0,2025-01-06T22:27:23,2025-01-07T00:27:23,Night,DTC web,3,0,0,115.1,0,0,0
BL-10016,AUS-01,baseline,0,2025-01-06T22:15:36,2025-01-07T00:15:36,Night,Marketplace,2,1,0,77.9,0,0,0
BL-10017,AUS-01,baseline,0,2025-01-06T22:30:30,2025-01-07T00:30:30,Night,Marketplace,3,0,0,82.2,0,0,0
BL-10018,EWR-07,baseline,0,2025-01-06T06:11:46,2025-01-06T08:11:46,Days,Store replen,2,0,0,120.8,1,1,1
BL-10019,EWR-07,baseline,0,2025-01-06T06:26:14,2025-01-06T08:26:14,Days,Store replen,1,0,0,106.5,1,1,0
BL-10020,EWR-07,baseline,0,2025-01-06T06:08:45,2025-01-06T08:08:45,Days,DTC web,1,1,0,85.6,0,0,0
BL-10021,EWR-07,baseline,0,2025-01-06T06:32:31,2025-01-06T08:32:31,Days,DTC web,2,1,0,89.1,0,0,0
BL-10022,EWR-07,baseline,0,2025-01-06T06:19:31,2025-01-06T08:19:31,Days,DTC web,7,0,0,141.8,0,0,1
BL-10023,EWR-07,baseline,0,2025-01-06T14:12:28,2025-01-06T16:12:28,Swing,Marketplace,6,0,0,118.2,0,0,0
BL-10024,EWR-07,baseline,0,2025-01-06T14:46:42,2025-01-06T16:46:42,Swing,Marketplace,3,0,1,100.5,0,0,0
BL-10025,EWR-07,baseline,0,2025-01-06T14:14:35,2025-01-06T16:14:35,Swing,DTC web,1,1,0,81.4,0,0,0
BL-10026,EWR-07,baseline,0,2025-01-06T14:29:23,2025-01-06T16:29:23,Swing,DTC web,2,1,0,84.0,0,0,0
BL-10027,EWR-07,baseline,0,2025-01-06T22:45:26,2025-01-07T00:45:26,Night,DTC web,3,0,0,103.1,1,1,0
BL-10028,EWR-07,baseline,0,2025-01-06T22:36:45,2025-01-07T00:36:45,Night,Marketplace,1,1,0,107.5,0,0,0
BL-10029,EWR-07,baseline,0,2025-01-06T22:45:23,2025-01-07T00:45:23,Night,DTC web,2,0,0,83.5,0,0,0
BL-10030,EWR-07,baseline,0,2025-01-06T22:47:11,2025-01-07T00:47:11,Night,Marketplace,2,1,0,113.7,0,0,0
BL-10031,EWR-07,baseline,0,2025-01-06T22:37:04,2025-01-07T00:37:04,Night,DTC web,5,0,0,165.4,1,1,1
BL-10032,EWR-07,baseline,0,2025-01-06T22:47:47,2025-01-07T00:47:47,Night,DTC web,3,0,0,118.3,0,0,0
BL-10033,EWR-07,baseline,0,2025-01-06T22:35:21,2025-01-07T00:35:21,Night,Marketplace,7,0,0,131.4,1,1,1
BL-10034,EWR-07,baseline,0,2025-01-06T22:35:19,2025-01-07T00:35:19,Night,DTC web,5,0,0,124.8,0,0,1
BL-10035,EWR-07,baseline,0,2025-01-06T22:22:11,2025-01-07T00:22:11,Night,DTC web,1,1,0,96.6,1,1,0
BL-10036,EWR-07,baseline,0,2025-01-06T22:31:30,2025-01-07T00:31:30,Night,Marketplace,7,0,0,147.0,0,0,1
BL-10037,FNT-12,baseline,0,2025-01-06T06:37:34,2025-01-06T08:37:34,Days,DTC web,2,0,0,100.4,1,1,0
BL-10038,FNT-12,baseline,0,2025-01-06T06:45:43,2025-01-06T08:45:43,Days,Marketplace,5,0,0,119.6,0,0,0
BL-10039,FNT-12,baseline,0,2025-01-06T06:19:08,2025-01-06T08:19:08,Days,Store replen,12,0,0,179.7,0,0,1
BL-10040,FNT-12,baseline,0,2025-01-06T06:33:29,2025-01-06T08:33:29,Days,DTC web,3,0,0,110.7,0,0,0
BL-10041,FNT-12,baseline,0,2025-01-06T06:29:26,2025-01-06T08:29:26,Days,DTC web,1,0,0,82.7,0,0,0
BL-10042,FNT-12,baseline,0,2025-01-06T14:11:12,2025-01-06T16:11:12,Swing,DTC web,3,0,0,126.7,0,0,1
BL-10043,FNT-12,baseline,0,2025-01-06T14:16:12,2025-01-06T16:16:12,Swing,DTC web,5,0,0,120.4,0,0,1
BL-10044,FNT-12,baseline,0,2025-01-06T14:14:08,2025-01-06T16:14:08,Swing,DTC web,2,0,0,99.8,0,0,0
BL-10045,FNT-12,baseline,0,2025-01-06T14:32:02,2025-01-06T16:32:02,Swing,Store replen,8,0,0,145.3,0,0,1
BL-10046,FNT-12,baseline,0,2025-01-06T14:11:23,2025-01-06T16:11:23,Swing,DTC web,4,0,0,136.7,0,0,1
BL-10047,FNT-12,baseline,0,2025-01-06T14:16:32,2025-01-06T16:16:32,Swing,DTC web,2,1,0,106.0,1,1,0
BL-10048,FNT-12,baseline,0,2025-01-06T22:10:16,2025-01-07T00:10:16,Night,Marketplace,4,0,0,135.3,0,0,1
BL-10049,FNT-12,baseline,0,2025-01-06T22:08:37,2025-01-07T00:08:37,Night,Marketplace,3,0,0,129.3,1,0,1
BL-10050,FNT-12,baseline,0,2025-01-06T22:34:05,2025-01-07T00:34:05,Night,DTC web,2,1,0,113.0,0,0,0
BL-10051,FNT-12,baseline,0,2025-01-06T22:18:25,2025-01-07T00:18:25,Night,DTC web,7,0,0,156.4,0,0,1
BL-10052,FNT-12,baseline,0,2025-01-06T22:19:07,2025-01-07T00:19:07,Night,DTC web,2,0,1,130.7,0,0,1
BL-10053,FNT-12,baseline,0,2025-01-06T22:26:19,2025-01-07T00:26:19,Night,Marketplace,7,0,0,170.4,0,0,1
BL-10054,AUS-01,baseline,0,2025-01-07T06:40:27,2025-01-07T08:40:27,Days,DTC web,12,0,0,133.3,0,0,1
BL-10055,AUS-01,baseline,0,2025-01-07T06:34:44,2025-01-07T08:34:44,Days,DTC web,5,0,0,88.3,0,0,0
BL-10056,AUS-01,baseline,0,2025-01-07T06:31:17,2025-01-07T08:31:17,Days,DTC web,4,0,0,128.6,1,0,1
BL-10057,AUS-01,baseline,0,2025-01-07T06:48:08,2025-01-07T08:48:08,Days,DTC web,3,0,0,114.4,0,0,0
BL-10058,AUS-01,baseline,0,2025-01-07T06:40:19,2025-01-07T08:40:19,Days,DTC web,1,1,0,68.9,0,0,0
BL-10059,AUS-01,baseline,0,2025-01-07T06:50:46,2025-01-07T08:50:46,Days,Store replen,3,0,0,97.5,1,1,0
BL-10060,AUS-01,baseline,0,2025-01-07T14:45:09,2025-01-07T16:45:09,Swing,DTC web,1,0,0,51.7,0,0,0
BL-10061,AUS-01,baseline,0,2025-01-07T14:10:01,2025-01-07T16:10:01,Swing,Marketplace,4,0,0,103.9,0,0,0
BL-10062,AUS-01,baseline,0,2025-01-07T14:33:32,2025-01-07T16:33:32,Swing,DTC web,12,0,0,143.5,0,0,1
BL-10063,AUS-01,baseline,0,2025-01-07T14:49:07,2025-01-07T16:49:07,Swing,DTC web,3,0,0,108.8,0,0,0
BL-10064,AUS-01,baseline,0,2025-01-07T14:48:39,2025-01-07T16:48:39,Swing,DTC web,7,0,0,134.6,1,1,1
BL-10065,AUS-01,baseline,0,2025-01-07T14:09:11,2025-01-07T16:09:11,Swing,DTC web,1,1,0,114.9,0,0,0
BL-10066,AUS-01,baseline,0,2025-01-07T14:45:18,2025-01-07T16:45:18,Swing,Marketplace,2,1,0,68.2,0,0,0
BL-10067,AUS-01,baseline,0,2025-01-07T14:30:23,2025-01-07T16:30:23,Swing,Marketplace,2,1,0,87.8,0,0,0
BL-10068,AUS-01,baseline,0,2025-01-07T22:31:10,2025-01-08T00:31:10,Night,Marketplace,1,1,0,99.9,0,0,0
BL-10069,AUS-01,baseline,0,2025-01-07T22:42:23,2025-01-08T00:42:23,Night,DTC web,2,1,0,71.1,0,0,0
BL-10070,AUS-01,baseline,0,2025-01-07T22:48:37,2025-01-08T00:48:37,Night,Store replen,10,0,0,156.9,1,1,1
BL-10071,AUS-01,baseline,0,2025-01-07T22:39:11,2025-01-08T00:39:11,Night,Store replen,7,0,0,113.1,0,0,0
BL-10072,AUS-01,baseline,0,2025-01-07T22:51:13,2025-01-08T00:51:13,Night,DTC web,3,0,0,85.4,1,1,0
BL-10073,AUS-01,baseline,0,2025-01-07T22:47:25,2025-01-08T00:47:25,Night,DTC web,4,0,0,105.7,0,0,0
BL-10074,AUS-01,baseline,0,2025-01-07T22:26:23,2025-01-08T00:26:23,Night,DTC web,1,0,0,72.4,0,0,0
BL-10075,AUS-01,baseline,0,2025-01-07T22:42:31,2025-01-08T00:42:31,Night,Store replen,5,0,0,122.9,0,0,1
BL-10076,EWR-07,baseline,0,2025-01-07T06:45:19,2025-01-07T08:45:19,Days,Marketplace,1,1,0,88.8,0,0,0
BL-10077,EWR-07,baseline,0,2025-01-07T06:35:43,2025-01-07T08:35:43,Days,Marketplace,6,0,0,122.8,1,1,1
BL-10078,EWR-07,baseline,0,2025-01-07T06:31:12,2025-01-07T08:31:12,Days,DTC web,2,1,0,93.0,0,0,0
BL-10079,EWR-07,baseline,0,2025-01-07T06:44:40,2025-01-07T08:44:40,Days,Store replen,1,0,0,104.4,0,0,0
BL-10080,EWR-07,baseline,0,2025-01-07T06:11:38,2025-01-07T08:11:38,Days,DTC web,5,0,0,117.0,0,0,0
BL-10081,EWR-07,baseline,0,2025-01-07T14:22:34,2025-01-07T16:22:34,Swing,DTC web,1,1,0,104.5,0,0,0
BL-10082,EWR-07,baseline,0,2025-01-07T14:50:26,2025-01-07T16:50:26,Swing,DTC web,1,1,0,99.7,1,0,0
BL-10083,EWR-07,baseline,0,2025-01-07T14:50:07,2025-01-07T16:50:07,Swing,Marketplace,2,1,0,96.5,0,0,0
BL-10084,EWR-07,baseline,0,2025-01-07T14:08:49,2025-01-07T16:08:49,Swing,DTC web,6,0,0,119.3,0,0,0
BL-10085,EWR-07,baseline,0,2025-01-07T14:26:16,2025-01-07T16:26:16,Swing,Marketplace,3,0,0,99.2,0,0,0
BL-10086,EWR-07,baseline,0,2025-01-07T14:18:22,2025-01-07T16:18:22,Swing,DTC web,3,0,0,100.3,0,0,0
BL-10087,EWR-07,baseline,0,2025-01-07T14:40:02,2025-01-07T16:40:02,Swing,Marketplace,5,0,0,105.3,0,0,0
BL-10088,EWR-07,baseline,0,2025-01-07T14:34:46,2025-01-07T16:34:46,Swing,Marketplace,2,0,0,103.0,0,0,0
BL-10089,EWR-07,baseline,0,2025-01-07T14:16:42,2025-01-07T16:16:42,Swing,DTC web,6,0,0,111.3,0,0,0
BL-10090,EWR-07,baseline,0,2025-01-07T22:26:23,2025-01-08T00:26:23,Night,Store replen,5,0,0,128.1,0,0,1
BL-10091,EWR-07,baseline,0,2025-01-07T22:19:13,2025-01-08T00:19:13,Night,DTC web,3,0,0,97.1,0,0,0
BL-10092,EWR-07,baseline,0,2025-01-07T22:44:47,2025-01-08T00:44:47,Night,DTC web,7,0,0,168.5,1,1,1
BL-10093,FNT-12,baseline,0,2025-01-07T06:39:42,2025-01-07T08:39:42,Days,DTC web,2,0,0,101.9,0,0,0
BL-10094,FNT-12,baseline,0,2025-01-07T06:36:18,2025-01-07T08:36:18,Days,Store replen,1,0,0,96.4,0,0,0
BL-10095,FNT-12,baseline,0,2025-01-07T06:31:08,2025-01-07T08:31:08,Days,Store replen,3,0,0,101.2,0,0,0
BL-10096,FNT-12,baseline,0,2025-01-07T06:17:10,2025-01-07T08:17:10,Days,Marketplace,5,0,0,124.5,0,0,1
BL-10097,FNT-12,baseline,0,2025-01-07T06:37:38,2025-01-07T08:37:38,Days,DTC web,2,1,0,102.8,0,0,0
BL-10098,FNT-12,baseline,0,2025-01-07T06:24:25,2025-01-07T08:24:25,Days,Store replen,4,0,0,131.3,0,0,1
BL-10099,FNT-12,baseline,0,2025-01-07T14:30:25,2025-01-07T16:30:25,Swing,Store replen,2,0,0,117.9,0,0,0
BL-10100,FNT-12,baseline,0,2025-01-07T14:36:47,2025-01-07T16:36:47,Swing,DTC web,2,0,0,114.9,0,0,0
BL-10101,FNT-12,baseline,0,2025-01-07T14:49:18,2025-01-07T16:49:18,Swing,DTC web,2,1,0,96.8,0,0,0
BL-10102,FNT-12,baseline,0,2025-01-07T22:08:04,2025-01-08T00:08:04,Night,Store replen,3,0,0,133.1,0,0,1
BL-10103,FNT-12,baseline,0,2025-01-07T22:38:35,2025-01-08T00:38:35,Night,DTC web,3,0,0,132.4,1,0,1
BL-10104,FNT-12,baseline,0,2025-01-07T22:46:21,2025-01-08T00:46:21,Night,Marketplace,1,0,0,131.4,1,1,1
BL-10105,FNT-12,baseline,0,2025-01-07T22:25:49,2025-01-08T00:25:49,Night,Marketplace,2,1,0,147.0,0,0,1
BL-10106,AUS-01,baseline,0,2025-01-08T06:21:01,2025-01-08T08:21:01,Days,DTC web,2,0,0,87.3,0,0,0
BL-10107,AUS-01,baseline,0,2025-01-08T06:23:26,2025-01-08T08:23:26,Days,DTC web,3,0,0,82.5,0,0,0
BL-10108,AUS-01,baseline,0,2025-01-08T06:12:03,2025-01-08T08:12:03,Days,DTC web,5,0,0,104.2,0,0,0
BL-10109,AUS-01,baseline,0,2025-01-08T14:50:26,2025-01-08T16:50:26,Swing,DTC web,1,1,0,72.7,0,0,0
BL-10110,AUS-01,baseline,0,2025-01-08T14:10:29,2025-01-08T16:10:29,Swing,DTC web,5,0,0,92.0,0,0,0
BL-10111,AUS-01,baseline,0,2025-01-08T14:50:43,2025-01-08T16:50:43,Swing,Marketplace,2,0,0,83.4,0,0,0
BL-10112,AUS-01,baseline,0,2025-01-08T14:24:25,2025-01-08T16:24:25,Swing,Store replen,10,0,0,184.9,2,1,1
BL-10113,AUS-01,baseline,0,2025-01-08T14:46:23,2025-01-08T16:46:23,Swing,DTC web,1,0,0,88.6,0,0,0
BL-10114,AUS-01,baseline,0,2025-01-08T22:09:47,2025-01-09T00:09:47,Night,DTC web,2,1,0,103.4,0,0,0
BL-10115,AUS-01,baseline,0,2025-01-08T22:22:14,2025-01-09T00:22:14,Night,Marketplace,3,0,0,91.8,0,0,0
BL-10116,AUS-01,baseline,0,2025-01-08T22:24:27,2025-01-09T00:24:27,Night,Store replen,2,0,1,103.5,1,1,0
BL-10117,AUS-01,baseline,0,2025-01-08T22:29:04,2025-01-09T00:29:04,Night,DTC web,6,0,0,98.2,0,0,0
BL-10118,EWR-07,baseline,0,2025-01-08T06:51:04,2025-01-08T08:51:04,Days,Marketplace,7,0,0,161.9,0,0,1
BL-10119,EWR-07,baseline,0,2025-01-08T06:10:22,2025-01-08T08:10:22,Days,DTC web,5,0,0,101.9,0,0,0
BL-10120,EWR-07,baseline,0,2025-01-08T06:13:23,2025-01-08T08:13:23,Days,Store replen,2,0,0,97.5,0,0,0
BL-10121,EWR-07,baseline,0,2025-01-08T06:15:08,2025-01-08T08:15:08,Days,DTC web,10,0,0,143.3,1,0,1
BL-10122,EWR-07,baseline,0,2025-01-08T06:26:08,2025-01-08T08:26:08,Days,DTC web,1,0,1,100.2,0,0,0
BL-10123,EWR-07,baseline,0,2025-01-08T06:17:38,2025-01-08T08:17:38,Days,DTC web,4,0,0,126.0,0,0,1
BL-10124,EWR-07,baseline,0,2025-01-08T06:09:03,2025-01-08T08:09:03,Days,Marketplace,7,0,0,133.1,0,0,1
BL-10125,EWR-07,baseline,0,2025-01-08T06:33:46,2025-01-08T08:33:46,Days,Marketplace,1,0,0,90.4,0,0,0
BL-10126,EWR-07,baseline,0,2025-01-08T06:33:36,2025-01-08T08:33:36,Days,DTC web,4,0,0,108.5,0,0,0
BL-10127,EWR-07,baseline,0,2025-01-08T06:44:40,2025-01-08T08:44:40,Days,DTC web,1,0,0,102.4,0,0,0
BL-10128,EWR-07,baseline,0,2025-01-08T14:31:37,2025-01-08T16:31:37,Swing,DTC web,3,0,0,126.1,2,1,1
BL-10129,EWR-07,baseline,0,2025-01-08T14:14:20,2025-01-08T16:14:20,Swing,DTC web,1,1,0,98.8,0,0,0
BL-10130,EWR-07,baseline,0,2025-01-08T14:25:48,2025-01-08T16:25:48,Swing,Marketplace,6,0,0,123.2,0,0,1
BL-10131,EWR-07,baseline,0,2025-01-08T14:20:35,2025-01-08T16:20:35,Swing,DTC web,6,0,0,125.2,1,1,1
BL-10132,EWR-07,baseline,0,2025-01-08T14:37:14,2025-01-08T16:37:14,Swing,Store replen,6,0,0,122.0,0,0,1
BL-10133,EWR-07,baseline,0,2025-01-08T14:44:14,2025-01-08T16:44:14,Swing,Marketplace,1,1,0,123.2,0,0,1
BL-10134,EWR-07,baseline,0,2025-01-08T22:17:30,2025-01-09T00:17:30,Night,DTC web,2,1,0,93.0,0,0,0
BL-10135,EWR-07,baseline,0,2025-01-08T22:41:37,2025-01-09T00:41:37,Night,Marketplace,3,0,0,89.1,0,0,0
BL-10136,FNT-12,baseline,0,2025-01-08T06:14:49,2025-01-08T08:14:49,Days,DTC web,1,1,0,96.8,0,0,0
BL-10137,FNT-12,baseline,0,2025-01-08T06:09:39,2025-01-08T08:09:39,Days,DTC web,2,1,0,114.1,1,1,0
BL-10138,FNT-12,baseline,0,2025-01-08T06:08:45,2025-01-08T08:08:45,Days,DTC web,2,1,0,91.2,0,0,0
BL-10139,FNT-12,baseline,0,2025-01-08T14:35:12,2025-01-08T16:35:12,Swing,Store replen,1,0,0,105.9,0,0,0
BL-10140,FNT-12,baseline,0,2025-01-08T14:14:07,2025-01-08T16:14:07,Swing,DTC web,2,1,0,109.6,1,1,0
BL-10141,FNT-12,baseline,0,2025-01-08T22:19:41,2025-01-09T00:19:41,Night,Marketplace,4,0,0,132.3,0,0,1
BL-10142,FNT-12,baseline,0,2025-01-08T22:10:34,2025-01-09T00:10:34,Night,Store replen,8,0,0,178.8,0,0,1
BL-10143,FNT-12,baseline,0,2025-01-08T22:20:09,2025-01-09T00:20:09,Night,DTC web,4,0,0,147.0,1,0,1
BL-10144,FNT-12,baseline,0,2025-01-08T22:50:39,2025-01-09T00:50:39,Night,DTC web,5,0,0,132.0,0,0,1
BL-10145,FNT-12,baseline,0,2025-01-08T22:30:08,2025-01-09T00:30:08,Night,DTC web,2,0,0,116.2,0,0,0
BL-10146,AUS-01,baseline,0,2025-01-09T06:43:15,2025-01-09T08:43:15,Days,DTC web,3,0,0,83.9,0,0,0
BL-10147,AUS-01,baseline,0,2025-01-09T06:26:26,2025-01-09T08:26:26,Days,DTC web,3,0,0,112.2,0,0,0
BL-10148,AUS-01,baseline,0,2025-01-09T14:27:12,2025-01-09T16:27:12,Swing,Marketplace,1,1,0,105.4,1,1,0
BL-10149,AUS-01,baseline,0,2025-01-09T14:16:42,2025-01-09T16:16:42,Swing,DTC web,4,0,0,94.6,0,0,0
BL-10150,AUS-01,baseline,0,2025-01-09T14:44:39,2025-01-09T16:44:39,Swing,DTC web,3,0,0,105.2,0,0,0
BL-10151,AUS-01,baseline,0,2025-01-09T14:33:34,2025-01-09T16:33:34,Swing,Store replen,3,0,0,124.6,0,0,1
BL-10152,AUS-01,baseline,0,2025-01-09T22:25:34,2025-01-10T00:25:34,Night,Marketplace,4,0,0,97.1,0,0,0
BL-10153,AUS-01,baseline,0,2025-01-09T22:31:25,2025-01-10T00:31:25,Night,Marketplace,2,1,0,84.6,0,0,0
BL-10154,AUS-01,baseline,0,2025-01-09T22:47:49,2025-01-10T00:47:49,Night,DTC web,2,1,0,85.2,1,1,0
BL-10155,AUS-01,baseline,0,2025-01-09T22:35:39,2025-01-10T00:35:39,Night,Marketplace,1,1,0,62.7,0,0,0
BL-10156,EWR-07,baseline,0,2025-01-09T06:35:24,2025-01-09T08:35:24,Days,DTC web,2,0,0,142.1,1,1,1
BL-10157,EWR-07,baseline,0,2025-01-09T06:30:47,2025-01-09T08:30:47,Days,Store replen,8,0,0,155.0,1,0,1
BL-10158,EWR-07,baseline,0,2025-01-09T06:34:11,2025-01-09T08:34:11,Days,Store replen,1,0,0,103.5,0,0,0
BL-10159,EWR-07,baseline,0,2025-01-09T06:20:14,2025-01-09T08:20:14,Days,Store replen,7,0,0,139.4,0,0,1
BL-10160,EWR-07,baseline,0,2025-01-09T06:40:37,2025-01-09T08:40:37,Days,Marketplace,9,0,0,149.5,1,1,1
BL-10161,EWR-07,baseline,0,2025-01-09T06:34:09,2025-01-09T08:34:09,Days,Store replen,8,0,0,146.5,0,0,1
BL-10162,EWR-07,baseline,0,2025-01-09T06:42:20,2025-01-09T08:42:20,Days,Marketplace,2,1,0,100.4,0,0,0
BL-10163,EWR-07,baseline,0,2025-01-09T06:31:10,2025-01-09T08:31:10,Days,DTC web,4,0,0,139.2,0,0,1
BL-10164,EWR-07,baseline,0,2025-01-09T06:48:39,2025-01-09T08:48:39,Days,Marketplace,3,0,0,148.6,0,0,1
BL-10165,EWR-07,baseline,0,2025-01-09T06:18:37,2025-01-09T08:18:37,Days,DTC web,2,0,0,100.4,0,0,0
BL-10166,EWR-07,baseline,0,2025-01-09T06:47:42,2025-01-09T08:47:42,Days,Marketplace,12,0,0,189.7,0,0,1
BL-10167,EWR-07,baseline,0,2025-01-09T06:43:25,2025-01-09T08:43:25,Days,Marketplace,7,0,0,135.4,1,1,1
BL-10168,EWR-07,baseline,0,2025-01-09T06:20:31,2025-01-09T08:20:31,Days,DTC web,5,0,0,104.1,0,0,0
BL-10169,EWR-07,baseline,0,2025-01-09T06:38:16,2025-01-09T08:38:16,Days,DTC web,5,0,1,124.1,0,0,1
BL-10170,EWR-07,baseline,0,2025-01-09T14:14:34,2025-01-09T16:14:34,Swing,DTC web,14,0,0,160.9,0,0,1
BL-10171,EWR-07,baseline,0,2025-01-09T14:51:01,2025-01-09T16:51:01,Swing,Store replen,4,0,0,124.7,0,0,1
BL-10172,EWR-07,baseline,0,2025-01-09T14:37:35,2025-01-09T16:37:35,Swing,Marketplace,1,1,0,105.3,1,1,0
BL-10173,EWR-07,baseline,0,2025-01-09T14:43:20,2025-01-09T16:43:20,Swing,Marketplace,9,0,0,138.9,0,0,1
BL-10174,EWR-07,baseline,0,2025-01-09T22:25:25,2025-01-10T00:25:25,Night,DTC web,6,0,0,117.9,0,0,0
BL-10175,EWR-07,baseline,0,2025-01-09T22:43:04,2025-01-10T00:43:04,Night,Marketplace,1,1,0,104.2,0,0,0
BL-10176,EWR-07,baseline,0,2025-01-09T22:37:05,2025-01-10T00:37:05,Night,DTC web,3,0,0,122.4,0,0,1
BL-10177,EWR-07,baseline,0,2025-01-09T22:50:32,2025-01-10T00:50:32,Night,DTC web,2,1,0,115.2,0,0,0
BL-10178,EWR-07,baseline,0,2025-01-09T22:13:09,2025-01-10T00:13:09,Night,DTC web,2,1,0,106.0,0,0,0
BL-10179,EWR-07,baseline,0,2025-01-09T22:22:36,2025-01-10T00:22:36,Night,Store replen,1,0,0,109.5,0,0,0
BL-10180,EWR-07,baseline,0,2025-01-09T22:44:42,2025-01-10T00:44:42,Night,Store replen,3,0,0,110.6,0,0,0
BL-10181,EWR-07,baseline,0,2025-01-09T22:13:19,2025-01-10T00:13:19,Night,Marketplace,2,1,0,106.5,0,0,0
BL-10182,EWR-07,baseline,0,2025-01-09T22:10:07,2025-01-10T00:10:07,Night,DTC web,2,1,0,110.9,0,0,0
BL-10183,EWR-07,baseline,0,2025-01-09T22:22:34,2025-01-10T00:22:34,Night,Store replen,3,0,0,126.9,0,0,1
BL-10184,FNT-12,baseline,0,2025-01-09T06:32:39,2025-01-09T08:32:39,Days,DTC web,4,0,0,122.1,1,1,1
BL-10185,FNT-12,baseline,0,2025-01-09T06:51:12,2025-01-09T08:51:12,Days,Store replen,3,0,0,101.1,0,0,0
BL-10186,FNT-12,baseline,0,2025-01-09T06:46:48,2025-01-09T08:46:48,Days,Marketplace,1,1,0,91.5,0,0,0
BL-10187,FNT-12,baseline,0,2025-01-09T06:49:24,2025-01-09T08:49:24,Days,Store replen,5,0,0,149.4,0,0,1
BL-10188,FNT-12,baseline,0,2025-01-09T06:18:17,2025-01-09T08:18:17,Days,Store replen,4,0,0,146.4,2,1,1
BL-10189,FNT-12,baseline,0,2025-01-09T06:29:19,2025-01-09T08:29:19,Days,DTC web,3,0,0,112.2,1,1,0
BL-10190,FNT-12,baseline,0,2025-01-09T06:40:44,2025-01-09T08:40:44,Days,Marketplace,8,0,0,147.7,0,0,1
BL-10191,FNT-12,baseline,0,2025-01-09T06:47:45,2025-01-09T08:47:45,Days,DTC web,2,1,0,101.7,0,0,0
BL-10192,FNT-12,baseline,0,2025-01-09T06:25:27,2025-01-09T08:25:27,Days,Marketplace,6,0,0,141.9,1,1,1
BL-10193,FNT-12,baseline,0,2025-01-09T14:19:00,2025-01-09T16:19:00,Swing,DTC web,3,0,0,105.0,1,1,0
BL-10194,FNT-12,baseline,0,2025-01-09T14:38:24,2025-01-09T16:38:24,Swing,DTC web,8,0,0,147.2,0,0,1
BL-10195,FNT-12,baseline,0,2025-01-09T14:17:23,2025-01-09T16:17:23,Swing,Marketplace,3,0,0,125.4,1,1,1
BL-10196,FNT-12,baseline,0,2025-01-09T14:28:18,2025-01-09T16:28:18,Swing,Marketplace,2,1,0,94.2,1,1,0
BL-10197,FNT-12,baseline,0,2025-01-09T22:21:14,2025-01-10T00:21:14,Night,Store replen,1,0,0,107.2,1,1,0
BL-10198,FNT-12,baseline,0,2025-01-09T22:37:29,2025-01-10T00:37:29,Night,DTC web,2,0,0,128.3,0,0,1
BL-10199,FNT-12,baseline,0,2025-01-09T22:47:11,2025-01-10T00:47:11,Night,Marketplace,6,0,0,134.1,0,0,1
BL-10200,FNT-12,baseline,0,2025-01-09T22:27:00,2025-01-10T00:27:00,Night,DTC web,2,1,0,124.7,0,0,1
BL-10201,FNT-12,baseline,0,2025-01-09T22:40:04,2025-01-10T00:40:04,Night,DTC web,6,0,0,141.0,1,1,1
BL-10202,FNT-12,baseline,0,2025-01-09T22:39:49,2025-01-10T00:39:49,Night,Marketplace,2,1,0,133.7,0,0,1
BL-10203,FNT-12,baseline,0,2025-01-09T22:51:37,2025-01-10T00:51:37,Night,DTC web,6,0,0,160.9,0,0,1
BL-10204,AUS-01,baseline,0,2025-01-10T06:13:48,2025-01-10T08:13:48,Days,DTC web,1,1,0,94.0,0,0,0
BL-10205,AUS-01,baseline,0,2025-01-10T06:43:16,2025-01-10T08:43:16,Days,DTC web,3,0,0,91.0,0,0,0
BL-10206,AUS-01,baseline,0,2025-01-10T06:38:32,2025-01-10T08:38:32,Days,DTC web,2,0,1,87.5,0,0,0
BL-10207,AUS-01,baseline,0,2025-01-10T06:37:20,2025-01-10T08:37:20,Days,DTC web,6,0,0,105.3,1,0,0
BL-10208,AUS-01,baseline,0,2025-01-10T06:38:03,2025-01-10T08:38:03,Days,Store replen,5,0,0,100.5,0,0,0
BL-10209,AUS-01,baseline,0,2025-01-10T14:30:21,2025-01-10T16:30:21,Swing,Store replen,3,0,0,88.5,0,0,0
BL-10210,AUS-01,baseline,0,2025-01-10T14:19:12,2025-01-10T16:19:12,Swing,Marketplace,9,0,0,111.5,0,0,0
BL-10211,AUS-01,baseline,0,2025-01-10T14:16:24,2025-01-10T16:16:24,Swing,Store replen,3,0,0,103.5,1,1,0
BL-10212,AUS-01,baseline,0,2025-01-10T14:42:03,2025-01-10T16:42:03,Swing,Marketplace,1,1,0,93.0,1,1,0
BL-10213,AUS-01,baseline,0,2025-01-10T22:27:02,2025-01-11T00:27:02,Night,DTC web,3,0,0,111.2,1,1,0
BL-10214,AUS-01,baseline,0,2025-01-10T22:24:35,2025-01-11T00:24:35,Night,DTC web,5,0,0,105.0,0,0,0
BL-10215,AUS-01,baseline,0,2025-01-10T22:08:15,2025-01-11T00:08:15,Night,Marketplace,3,0,0,104.0,1,1,0
BL-10216,AUS-01,baseline,0,2025-01-10T22:34:14,2025-01-11T00:34:14,Night,DTC web,1,1,0,99.2,0,0,0
BL-10217,AUS-01,baseline,0,2025-01-10T22:13:42,2025-01-11T00:13:42,Night,Store replen,1,0,0,69.8,0,0,0
BL-10218,EWR-07,baseline,0,2025-01-10T06:17:23,2025-01-10T08:17:23,Days,DTC web,6,0,0,109.6,0,0,0
BL-10219,EWR-07,baseline,0,2025-01-10T06:29:31,2025-01-10T08:29:31,Days,Marketplace,5,0,0,97.9,0,0,0
BL-10220,EWR-07,baseline,0,2025-01-10T06:27:42,2025-01-10T08:27:42,Days,DTC web,1,1,0,99.2,1,1,0
BL-10221,EWR-07,baseline,0,2025-01-10T06:10:23,2025-01-10T08:10:23,Days,DTC web,3,0,0,96.8,0,0,0
BL-10222,EWR-07,baseline,0,2025-01-10T06:48:08,2025-01-10T08:48:08,Days,DTC web,5,0,0,123.0,0,0,1
BL-10223,EWR-07,baseline,0,2025-01-10T06:29:30,2025-01-10T08:29:30,Days,Marketplace,7,0,1,123.0,0,0,1
BL-10224,EWR-07,baseline,0,2025-01-10T06:15:15,2025-01-10T08:15:15,Days,Store replen,4,0,0,120.2,0,0,1
BL-10225,EWR-07,baseline,0,2025-01-10T14:26:17,2025-01-10T16:26:17,Swing,DTC web,2,1,0,91.5,0,0,0
BL-10226,EWR-07,baseline,0,2025-01-10T14:08:37,2025-01-10T16:08:37,Swing,Marketplace,2,1,0,81.3,0,0,0
BL-10227,EWR-07,baseline,0,2025-01-10T14:26:30,2025-01-10T16:26:30,Swing,Marketplace,2,1,0,82.3,0,0,0
BL-10228,EWR-07,baseline,0,2025-01-10T14:48:08,2025-01-10T16:48:08,Swing,DTC web,2,1,0,95.8,0,0,0
BL-10229,EWR-07,baseline,0,2025-01-10T14:14:04,2025-01-10T16:14:04,Swing,DTC web,2,1,0,82.7,0,0,0
BL-10230,EWR-07,baseline,0,2025-01-10T14:44:31,2025-01-10T16:44:31,Swing,DTC web,2,1,0,118.1,2,1,0
BL-10231,EWR-07,baseline,0,2025-01-10T14:13:44,2025-01-10T16:13:44,Swing,DTC web,8,0,0,118.4,0,0,0
BL-10232,EWR-07,baseline,0,2025-01-10T22:27:05,2025-01-11T00:27:05,Night,DTC web,2,1,0,108.0,0,0,0
BL-10233,EWR-07,baseline,0,2025-01-10T22:47:13,2025-01-11T00:47:13,Night,DTC web,1,1,0,91.1,0,0,0
BL-10234,EWR-07,baseline,0,2025-01-10T22:25:07,2025-01-11T00:25:07,Night,DTC web,1,0,0,116.6,0,0,0
BL-10235,FNT-12,baseline,0,2025-01-10T06:15:39,2025-01-10T08:15:39,Days,DTC web,2,0,0,97.6,0,0,0
BL-10236,FNT-12,baseline,0,2025-01-10T06:09:49,2025-01-10T08:09:49,Days,DTC web,3,0,0,120.9,1,1,1
BL-10237,FNT-12,baseline,0,2025-01-10T06:41:21,2025-01-10T08:41:21,Days,DTC web,2,1,0,119.5,1,1,0
BL-10238,FNT-12,baseline,0,2025-01-10T06:41:10,2025-01-10T08:41:10,Days,Marketplace,7,0,0,159.9,0,0,1
BL-10239,FNT-12,baseline,0,2025-01-10T14:47:39,2025-01-10T16:47:39,Swing,DTC web,2,1,0,107.1,1,1,0
BL-10240,FNT-12,baseline,0,2025-01-10T14:13:27,2025-01-10T16:13:27,Swing,DTC web,8,0,1,160.5,0,0,1
BL-10241,FNT-12,baseline,0,2025-01-10T14:14:30,2025-01-10T16:14:30,Swing,DTC web,8,0,0,148.8,0,0,1
BL-10242,FNT-12,baseline,0,2025-01-10T14:50:46,2025-01-10T16:50:46,Swing,Marketplace,3,0,0,128.1,1,1,1
BL-10243,FNT-12,baseline,0,2025-01-10T14:48:10,2025-01-10T16:48:10,Swing,DTC web,2,1,0,113.4,0,0,0
BL-10244,FNT-12,baseline,0,2025-01-10T14:48:48,2025-01-10T16:48:48,Swing,Marketplace,4,0,0,130.1,0,0,1
BL-10245,FNT-12,baseline,0,2025-01-10T14:29:09,2025-01-10T16:29:09,Swing,DTC web,2,1,0,121.1,0,0,1
BL-10246,FNT-12,baseline,0,2025-01-10T22:12:48,2025-01-11T00:12:48,Night,DTC web,7,0,0,166.9,0,0,1
BL-10247,FNT-12,baseline,0,2025-01-10T22:48:46,2025-01-11T00:48:46,Night,DTC web,4,0,0,124.1,0,0,1
BL-10248,AUS-01,baseline,0,2025-01-11T06:20:29,2025-01-11T08:20:29,Days,DTC web,5,0,0,105.5,0,0,0
BL-10249,AUS-01,baseline,0,2025-01-11T06:27:31,2025-01-11T08:27:31,Days,DTC web,7,0,0,112.5,0,0,0
BL-10250,AUS-01,baseline,0,2025-01-11T06:29:02,2025-01-11T08:29:02,Days,Marketplace,3,0,0,90.6,0,0,0
BL-10251,AUS-01,baseline,0,2025-01-11T06:14:06,2025-01-11T08:14:06,Days,DTC web,1,1,0,58.9,0,0,0
BL-10252,AUS-01,baseline,0,2025-01-11T06:51:28,2025-01-11T08:51:28,Days,Marketplace,3,0,0,86.5,0,0,0
BL-10253,AUS-01,baseline,0,2025-01-11T06:33:45,2025-01-11T08:33:45,Days,DTC web,2,1,0,92.1,0,0,0
BL-10254,AUS-01,baseline,0,2025-01-11T14:40:38,2025-01-11T16:40:38,Swing,Store replen,5,0,0,106.2,0,0,0
BL-10255,AUS-01,baseline,0,2025-01-11T14:46:39,2025-01-11T16:46:39,Swing,Store replen,2,0,0,101.8,0,0,0
BL-10256,AUS-01,baseline,0,2025-01-11T22:44:30,2025-01-12T00:44:30,Night,Marketplace,6,0,0,90.4,0,0,0
BL-10257,AUS-01,baseline,0,2025-01-11T22:41:40,2025-01-12T00:41:40,Night,Marketplace,1,1,0,88.1,0,0,0
BL-10258,AUS-01,baseline,0,2025-01-11T22:22:37,2025-01-12T00:22:37,Night,DTC web,5,0,0,127.5,0,0,1
BL-10259,AUS-01,baseline,0,2025-01-11T22:46:14,2025-01-12T00:46:14,Night,DTC web,9,0,0,137.3,1,0,1
BL-10260,AUS-01,baseline,0,2025-01-11T22:27:27,2025-01-12T00:27:27,Night,Marketplace,1,1,0,91.5,0,0,0
BL-10261,EWR-07,baseline,0,2025-01-11T06:29:39,2025-01-11T08:29:39,Days,DTC web,1,1,0,92.7,1,1,0
BL-10262,EWR-07,baseline,0,2025-01-11T06:38:06,2025-01-11T08:38:06,Days,DTC web,4,0,0,121.3,0,0,1
BL-10263,EWR-07,baseline,0,2025-01-11T06:44:15,2025-01-11T08:44:15,Days,Store replen,4,0,0,106.9,0,0,0
BL-10264,EWR-07,baseline,0,2025-01-11T06:47:01,2025-01-11T08:47:01,Days,DTC web,4,0,0,111.6,1,0,0
BL-10265,EWR-07,baseline,0,2025-01-11T14:40:26,2025-01-11T16:40:26,Swing,Marketplace,2,1,0,111.1,0,0,0
BL-10266,EWR-07,baseline,0,2025-01-11T14:51:28,2025-01-11T16:51:28,Swing,DTC web,5,0,0,116.4,0,0,0
BL-10267,EWR-07,baseline,0,2025-01-11T14:51:07,2025-01-11T16:51:07,Swing,Store replen,4,0,0,126.0,0,0,1
BL-10268,EWR-07,baseline,0,2025-01-11T14:15:14,2025-01-11T16:15:14,Swing,DTC web,5,0,0,145.8,1,0,1
BL-10269,EWR-07,baseline,0,2025-01-11T14:40:31,2025-01-11T16:40:31,Swing,DTC web,5,0,0,108.2,0,0,0
BL-10270,EWR-07,baseline,0,2025-01-11T22:38:40,2025-01-12T00:38:40,Night,Marketplace,1,1,0,90.6,0,0,0
BL-10271,EWR-07,baseline,0,2025-01-11T22:39:21,2025-01-12T00:39:21,Night,DTC web,2,1,0,121.3,1,1,1
BL-10272,FNT-12,baseline,0,2025-01-11T06:49:26,2025-01-11T08:49:26,Days,Marketplace,1,1,0,85.0,0,0,0
BL-10273,FNT-12,baseline,0,2025-01-11T06:40:16,2025-01-11T08:40:16,Days,DTC web,5,0,0,138.0,1,1,1
BL-10274,FNT-12,baseline,0,2025-01-11T14:51:21,2025-01-11T16:51:21,Swing,Marketplace,3,0,0,106.3,1,0,0
BL-10275,FNT-12,baseline,0,2025-01-11T14:10:25,2025-01-11T16:10:25,Swing,Marketplace,4,0,1,114.7,0,0,0
BL-10276,FNT-12,baseline,0,2025-01-11T14:36:05,2025-01-11T16:36:05,Swing,Marketplace,9,0,0,140.7,0,0,1
BL-10277,FNT-12,baseline,0,2025-01-11T14:16:10,2025-01-11T16:16:10,Swing,DTC web,4,0,0,127.5,1,1,1
BL-10278,FNT-12,baseline,0,2025-01-11T14:11:01,2025-01-11T16:11:01,Swing,DTC web,2,1,0,97.2,0,0,0
BL-10279,FNT-12,baseline,0,2025-01-11T14:36:06,2025-01-11T16:36:06,Swing,DTC web,6,0,0,113.6,0,0,0
BL-10280,FNT-12,baseline,0,2025-01-11T22:40:43,2025-01-12T00:40:43,Night,DTC web,7,0,0,151.9,0,0,1
BL-10281,FNT-12,baseline,0,2025-01-11T22:50:47,2025-01-12T00:50:47,Night,Marketplace,3,0,0,120.7,0,0,1
BL-10282,FNT-12,baseline,0,2025-01-11T22:35:21,2025-01-12T00:35:21,Night,DTC web,6,0,0,169.4,0,0,1
BL-10283,FNT-12,baseline,0,2025-01-11T22:25:10,2025-01-12T00:25:10,Night,Marketplace,2,1,0,147.7,1,1,1
BL-10284,AUS-01,baseline,0,2025-01-13T06:48:07,2025-01-13T08:48:07,Days,DTC web,7,0,0,118.1,0,0,0
BL-10285,AUS-01,baseline,0,2025-01-13T06:18:28,2025-01-13T08:18:28,Days,Marketplace,9,0,0,127.8,0,0,1
BL-10286,AUS-01,baseline,0,2025-01-13T06:48:11,2025-01-13T08:48:11,Days,DTC web,12,0,0,152.2,1,1,1
BL-10287,AUS-01,baseline,0,2025-01-13T06:36:33,2025-01-13T08:36:33,Days,DTC web,3,0,0,80.3,0,0,0
BL-10288,AUS-01,baseline,0,2025-01-13T14:08:23,2025-01-13T16:08:23,Swing,Store replen,7,0,0,133.3,0,0,1
BL-10289,AUS-01,baseline,0,2025-01-13T14:48:37,2025-01-13T16:48:37,Swing,DTC web,5,0,0,106.6,0,0,0
BL-10290,AUS-01,baseline,0,2025-01-13T14:28:17,2025-01-13T16:28:17,Swing,Marketplace,1,1,0,74.8,0,0,0
BL-10291,AUS-01,baseline,0,2025-01-13T22:32:00,2025-01-14T00:32:00,Night,DTC web,7,0,0,134.7,1,1,1
BL-10292,AUS-01,baseline,0,2025-01-13T22:26:25,2025-01-14T00:26:25,Night,Marketplace,3,0,0,92.0,0,0,0
BL-10293,AUS-01,baseline,0,2025-01-13T22:17:39,2025-01-14T00:17:39,Night,Marketplace,4,0,0,94.7,0,0,0
BL-10294,AUS-01,baseline,0,2025-01-13T22:48:18,2025-01-14T00:48:18,Night,Store replen,3,0,0,133.7,0,0,1
BL-10295,AUS-01,baseline,0,2025-01-13T22:09:06,2025-01-14T00:09:06,Night,DTC web,1,1,0,87.8,0,0,0
BL-10296,EWR-07,baseline,0,2025-01-13T06:21:31,2025-01-13T08:21:31,Days,DTC web,1,1,0,75.1,0,0,0
BL-10297,EWR-07,baseline,0,2025-01-13T06:44:19,2025-01-13T08:44:19,Days,DTC web,2,1,0,110.9,0,0,0
BL-10298,EWR-07,baseline,0,2025-01-13T06:20:29,2025-01-13T08:20:29,Days,DTC web,1,1,0,91.5,0,0,0
BL-10299,EWR-07,baseline,0,2025-01-13T06:47:12,2025-01-13T08:47:12,Days,DTC web,8,0,0,139.0,0,0,1
BL-10300,EWR-07,baseline,0,2025-01-13T06:33:32,2025-01-13T08:33:32,Days,Marketplace,5,0,0,103.0,0,0,0
BL-10301,EWR-07,baseline,0,2025-01-13T06:41:26,2025-01-13T08:41:26,Days,DTC web,4,0,0,114.5,1,1,0
BL-10302,EWR-07,baseline,0,2025-01-13T14:18:31,2025-01-13T16:18:31,Swing,Marketplace,4,0,0,117.3,0,0,0
BL-10303,EWR-07,baseline,0,2025-01-13T14:34:10,2025-01-13T16:34:10,Swing,Marketplace,7,0,0,121.3,0,0,1
BL-10304,EWR-07,baseline,0,2025-01-13T14:29:19,2025-01-13T16:29:19,Swing,Marketplace,3,0,0,124.9,1,0,1
BL-10305,EWR-07,baseline,0,2025-01-13T14:44:15,2025-01-13T16:44:15,Swing,Marketplace,11,0,0,155.4,0,0,1
BL-10306,EWR-07,baseline,0,2025-01-13T14:26:36,2025-01-13T16:26:36,Swing,Marketplace,6,0,0,109.5,0,0,0
BL-10307,EWR-07,baseline,0,2025-01-13T14:26:35,2025-01-13T16:26:35,Swing,DTC web,8,0,0,118.7,0,0,0
BL-10308,EWR-07,baseline,0,2025-01-13T14:08:35,2025-01-13T16:08:35,Swing,Marketplace,1,1,0,84.1,0,0,0
BL-10309,EWR-07,baseline,0,2025-01-13T22:19:00,2025-01-14T00:19:00,Night,Marketplace,2,1,0,95.4,0,0,0
BL-10310,EWR-07,baseline,0,2025-01-13T22:43:00,2025-01-14T00:43:00,Night,DTC web,1,1,0,100.3,0,0,0
BL-10311,EWR-07,baseline,0,2025-01-13T22:29:14,2025-01-14T00:29:14,Night,DTC web,1,1,0,101.3,1,1,0
BL-10312,EWR-07,baseline,0,2025-01-13T22:08:35,2025-01-14T00:08:35,Night,DTC web,4,0,0,135.5,0,0,1
BL-10313,EWR-07,baseline,0,2025-01-13T22:25:23,2025-01-14T00:25:23,Night,DTC web,2,1,0,116.7,2,1,0
BL-10314,EWR-07,baseline,0,2025-01-13T22:10:26,2025-01-14T00:10:26,Night,Marketplace,3,0,0,139.8,0,0,1
BL-10315,EWR-07,baseline,0,2025-01-13T22:51:21,2025-01-14T00:51:21,Night,DTC web,3,0,0,142.7,0,0,1
BL-10316,EWR-07,baseline,0,2025-01-13T22:44:28,2025-01-14T00:44:28,Night,Marketplace,4,0,0,121.3,1,0,1
BL-10317,EWR-07,baseline,0,2025-01-13T22:14:00,2025-01-14T00:14:00,Night,Marketplace,4,0,0,104.2,0,0,0
BL-10318,FNT-12,baseline,0,2025-01-13T06:31:49,2025-01-13T08:31:49,Days,Marketplace,3,0,0,103.4,0,0,0
BL-10319,FNT-12,baseline,0,2025-01-13T06:42:06,2025-01-13T08:42:06,Days,DTC web,1,1,0,143.9,0,0,1
BL-10320,FNT-12,baseline,0,2025-01-13T06:28:35,2025-01-13T08:28:35,Days,Store replen,7,0,0,165.9,1,1,1
BL-10321,FNT-12,baseline,0,2025-01-13T06:22:31,2025-01-13T08:22:31,Days,DTC web,3,0,0,99.0,0,0,0
BL-10322,FNT-12,baseline,0,2025-01-13T06:49:05,2025-01-13T08:49:05,Days,DTC web,1,0,0,91.1,0,0,0
BL-10323,FNT-12,baseline,0,2025-01-13T06:09:03,2025-01-13T08:09:03,Days,DTC web,2,1,0,104.1,1,0,0
BL-10324,FNT-12,baseline,0,2025-01-13T14:32:19,2025-01-13T16:32:19,Swing,DTC web,3,0,0,97.7,0,0,0
BL-10325,FNT-12,baseline,0,2025-01-13T14:13:24,2025-01-13T16:13:24,Swing,Marketplace,2,1,0,91.9,0,0,0
BL-10326,FNT-12,baseline,0,2025-01-13T14:21:27,2025-01-13T16:21:27,Swing,DTC web,4,0,0,121.1,2,1,1
BL-10327,FNT-12,baseline,0,2025-01-13T14:36:15,2025-01-13T16:36:15,Swing,Store replen,4,0,0,121.4,0,0,1
BL-10328,FNT-12,baseline,0,2025-01-13T14:14:05,2025-01-13T16:14:05,Swing,Store replen,3,0,0,114.2,0,0,0
BL-10329,FNT-12,baseline,0,2025-01-13T14:25:44,2025-01-13T16:25:44,Swing,Marketplace,3,0,0,114.9,0,0,0
BL-10330,FNT-12,baseline,0,2025-01-13T22:38:10,2025-01-14T00:38:10,Night,DTC web,4,0,0,142.7,1,1,1
BL-10331,FNT-12,baseline,0,2025-01-13T22:16:47,2025-01-14T00:16:47,Night,DTC web,2,0,1,118.5,0,0,0
BL-10332,FNT-12,baseline,0,2025-01-13T22:21:02,2025-01-14T00:21:02,Night,DTC web,3,0,1,116.0,0,0,0
BL-10333,FNT-12,baseline,0,2025-01-13T22:17:19,2025-01-14T00:17:19,Night,Store replen,5,0,0,167.5,1,1,1
BL-10334,FNT-12,baseline,0,2025-01-13T22:46:45,2025-01-14T00:46:45,Night,DTC web,5,0,0,172.5,2,1,1
BL-10335,AUS-01,baseline,0,2025-01-14T06:34:49,2025-01-14T08:34:49,Days,Store replen,1,0,0,69.0,0,0,0
BL-10336,AUS-01,baseline,0,2025-01-14T06:08:49,2025-01-14T08:08:49,Days,DTC web,6,0,0,111.5,1,1,0
BL-10337,AUS-01,baseline,0,2025-01-14T06:29:25,2025-01-14T08:29:25,Days,DTC web,3,0,0,106.5,0,0,0
BL-10338,AUS-01,baseline,0,2025-01-14T06:38:40,2025-01-14T08:38:40,Days,DTC web,1,1,0,81.7,0,0,0
BL-10339,AUS-01,baseline,0,2025-01-14T14:32:48,2025-01-14T16:32:48,Swing,Marketplace,5,0,0,88.2,0,0,0
BL-10340,AUS-01,baseline,0,2025-01-14T14:18:28,2025-01-14T16:18:28,Swing,DTC web,5,0,0,126.3,0,0,1
BL-10341,AUS-01,baseline,0,2025-01-14T14:32:43,2025-01-14T16:32:43,Swing,DTC web,3,0,0,106.5,0,0,0
BL-10342,AUS-01,baseline,0,2025-01-14T14:42:22,2025-01-14T16:42:22,Swing,Store replen,8,0,0,114.1,1,1,0
BL-10343,AUS-01,baseline,0,2025-01-14T14:19:48,2025-01-14T16:19:48,Swing,Store replen,2,0,0,94.5,0,0,0
BL-10344,AUS-01,baseline,0,2025-01-14T14:48:42,2025-01-14T16:48:42,Swing,Marketplace,4,0,0,111.1,0,0,0
BL-10345,AUS-01,baseline,0,2025-01-14T14:20:47,2025-01-14T16:20:47,Swing,DTC web,3,0,0,98.2,0,0,0
BL-10346,AUS-01,baseline,0,2025-01-14T22:26:34,2025-01-15T00:26:34,Night,Marketplace,1,1,0,67.7,0,0,0
BL-10347,AUS-01,baseline,0,2025-01-14T22:16:29,2025-01-15T00:16:29,Night,DTC web,7,0,0,118.3,1,0,0
BL-10348,AUS-01,baseline,0,2025-01-14T22:10:38,2025-01-15T00:10:38,Night,DTC web,2,1,0,92.4,0,0,0
BL-10349,AUS-01,baseline,0,2025-01-14T22:16:03,2025-01-15T00:16:03,Night,Store replen,2,0,0,87.0,0,0,0
BL-10350,EWR-07,baseline,0,2025-01-14T06:11:09,2025-01-14T08:11:09,Days,Marketplace,1,1,0,88.8,0,0,0
BL-10351,EWR-07,baseline,0,2025-01-14T06:30:29,2025-01-14T08:30:29,Days,Marketplace,4,0,0,101.8,0,0,0
BL-10352,EWR-07,baseline,0,2025-01-14T06:14:40,2025-01-14T08:14:40,Days,DTC web,1,1,0,90.5,1,1,0
BL-10353,EWR-07,baseline,0,2025-01-14T06:43:47,2025-01-14T08:43:47,Days,DTC web,3,0,0,91.5,1,1,0
BL-10354,EWR-07,baseline,0,2025-01-14T06:25:42,2025-01-14T08:25:42,Days,DTC web,1,1,0,99.6,0,0,0
BL-10355,EWR-07,baseline,0,2025-01-14T06:46:29,2025-01-14T08:46:29,Days,DTC web,2,0,0,104.0,0,0,0
BL-10356,EWR-07,baseline,0,2025-01-14T06:29:34,2025-01-14T08:29:34,Days,Marketplace,6,0,0,134.1,0,0,1
BL-10357,EWR-07,baseline,0,2025-01-14T06:50:11,2025-01-14T08:50:11,Days,DTC web,2,0,0,94.5,0,0,0
BL-10358,EWR-07,baseline,0,2025-01-14T14:44:26,2025-01-14T16:44:26,Swing,DTC web,1,1,0,79.4,0,0,0
BL-10359,EWR-07,baseline,0,2025-01-14T14:17:29,2025-01-14T16:17:29,Swing,DTC web,2,1,0,107.8,0,0,0
BL-10360,EWR-07,baseline,0,2025-01-14T14:21:27,2025-01-14T16:21:27,Swing,DTC web,3,0,0,93.2,0,0,0
BL-10361,EWR-07,baseline,0,2025-01-14T14:19:43,2025-01-14T16:19:43,Swing,DTC web,1,1,0,96.7,0,0,0
BL-10362,EWR-07,baseline,0,2025-01-14T22:31:19,2025-01-15T00:31:19,Night,Marketplace,2,1,0,115.7,1,0,0
BL-10363,EWR-07,baseline,0,2025-01-14T22:39:19,2025-01-15T00:39:19,Night,Store replen,2,0,0,96.2,0,0,0
BL-10364,EWR-07,baseline,0,2025-01-14T22:26:06,2025-01-15T00:26:06,Night,Store replen,4,0,0,119.6,0,0,0
BL-10365,EWR-07,baseline,0,2025-01-14T22:29:07,2025-01-15T00:29:07,Night,Marketplace,3,0,0,119.3,0,0,0
BL-10366,EWR-07,baseline,0,2025-01-14T22:34:46,2025-01-15T00:34:46,Night,DTC web,7,0,0,144.9,0,0,1
BL-10367,EWR-07,baseline,0,2025-01-14T22:51:37,2025-01-15T00:51:37,Night,Marketplace,1,1,0,122.0,1,1,1
BL-10368,EWR-07,baseline,0,2025-01-14T22:21:15,2025-01-15T00:21:15,Night,DTC web,1,0,0,100.7,0,0,0
BL-10369,EWR-07,baseline,0,2025-01-14T22:21:09,2025-01-15T00:21:09,Night,Marketplace,2,0,0,104.7,0,0,0
BL-10370,FNT-12,baseline,0,2025-01-14T06:43:08,2025-01-14T08:43:08,Days,Store replen,2,0,0,93.7,0,0,0
BL-10371,FNT-12,baseline,0,2025-01-14T06:25:21,2025-01-14T08:25:21,Days,DTC web,7,0,0,144.6,0,0,1
BL-10372,FNT-12,baseline,0,2025-01-14T06:30:41,2025-01-14T08:30:41,Days,Marketplace,1,0,0,85.3,0,0,0
BL-10373,FNT-12,baseline,0,2025-01-14T06:31:32,2025-01-14T08:31:32,Days,Store replen,3,0,0,111.5,0,0,0
BL-10374,FNT-12,baseline,0,2025-01-14T06:08:16,2025-01-14T08:08:16,Days,DTC web,1,1,0,86.6,0,0,0
BL-10375,FNT-12,baseline,0,2025-01-14T06:28:32,2025-01-14T08:28:32,Days,DTC web,5,0,0,167.7,1,1,1
BL-10376,FNT-12,baseline,0,2025-01-14T06:38:41,2025-01-14T08:38:41,Days,Store replen,3,0,0,121.2,1,0,1
BL-10377,FNT-12,baseline,0,2025-01-14T06:20:28,2025-01-14T08:20:28,Days,DTC web,2,1,0,96.4,0,0,0
BL-10378,FNT-12,baseline,0,2025-01-14T06:09:41,2025-01-14T08:09:41,Days,DTC web,2,1,0,134.0,1,0,1
BL-10379,FNT-12,baseline,0,2025-01-14T14:48:43,2025-01-14T16:48:43,Swing,DTC web,14,0,0,200.1,1,1,1
BL-10380,FNT-12,baseline,0,2025-01-14T14:33:02,2025-01-14T16:33:02,Swing,DTC web,8,0,0,159.2,1,1,1
BL-10381,FNT-12,baseline,0,2025-01-14T14:44:08,2025-01-14T16:44:08,Swing,Marketplace,2,1,0,108.7,0,0,0
BL-10382,FNT-12,baseline,0,2025-01-14T14:08:26,2025-01-14T16:08:26,Swing,DTC web,2,1,0,112.2,0,0,0
BL-10383,FNT-12,baseline,0,2025-01-14T14:09:28,2025-01-14T16:09:28,Swing,Marketplace,4,0,0,116.3,0,0,0
BL-10384,FNT-12,baseline,0,2025-01-14T14:37:34,2025-01-14T16:37:34,Swing,Marketplace,4,0,0,127.2,1,1,1
BL-10385,FNT-12,baseline,0,2025-01-14T14:17:27,2025-01-14T16:17:27,Swing,DTC web,4,0,0,108.2,1,1,0
BL-10386,FNT-12,baseline,0,2025-01-14T14:20:37,2025-01-14T16:20:37,Swing,DTC web,3,0,0,139.6,1,1,1
BL-10387,FNT-12,baseline,0,2025-01-14T14:40:20,2025-01-14T16:40:20,Swing,DTC web,7,0,0,131.5,0,0,1
BL-10388,FNT-12,baseline,0,2025-01-14T14:35:03,2025-01-14T16:35:03,Swing,DTC web,3,0,0,116.9,0,0,0
BL-10389,FNT-12,baseline,0,2025-01-14T14:45:40,2025-01-14T16:45:40,Swing,DTC web,4,0,0,112.6,0,0,0
BL-10390,FNT-12,baseline,0,2025-01-14T22:41:36,2025-01-15T00:41:36,Night,DTC web,5,0,0,168.1,0,0,1
BL-10391,FNT-12,baseline,0,2025-01-14T22:08:29,2025-01-15T00:08:29,Night,Marketplace,5,0,0,134.5,0,0,1
BL-10392,FNT-12,baseline,0,2025-01-14T22:44:20,2025-01-15T00:44:20,Night,Marketplace,3,0,1,122.9,0,0,1
BL-10393,FNT-12,baseline,0,2025-01-14T22:19:29,2025-01-15T00:19:29,Night,DTC web,5,0,0,151.3,0,0,1
BL-10394,FNT-12,baseline,0,2025-01-14T22:38:11,2025-01-15T00:38:11,Night,DTC web,2,1,0,146.8,1,1,1
BL-10395,FNT-12,baseline,0,2025-01-14T22:46:30,2025-01-15T00:46:30,Night,DTC web,5,0,0,149.2,1,1,1
BL-10396,FNT-12,baseline,0,2025-01-14T22:37:23,2025-01-15T00:37:23,Night,DTC web,1,1,0,106.4,0,0,0
BL-10397,FNT-12,baseline,0,2025-01-14T22:45:02,2025-01-15T00:45:02,Night,Marketplace,7,0,0,152.4,0,0,1
BL-10398,FNT-12,baseline,0,2025-01-14T22:20:23,2025-01-15T00:20:23,Night,DTC web,2,0,1,126.3,0,0,1
BL-10399,FNT-12,baseline,0,2025-01-14T22:11:19,2025-01-15T00:11:19,Night,Marketplace,6,0,0,152.5,0,0,1
BL-10400,FNT-12,baseline,0,2025-01-14T22:47:05,2025-01-15T00:47:05,Night,DTC web,3,0,0,120.6,0,0,1
BL-10401,FNT-12,baseline,0,2025-01-14T22:48:42,2025-01-15T00:48:42,Night,Marketplace,4,0,0,149.6,1,1,1
BL-10402,AUS-01,baseline,0,2025-01-15T06:32:13,2025-01-15T08:32:13,Days,Marketplace,1,1,0,80.2,0,0,0
BL-10403,AUS-01,baseline,0,2025-01-15T06:49:36,2025-01-15T08:49:36,Days,DTC web,9,0,0,118.1,0,0,0
BL-10404,AUS-01,baseline,0,2025-01-15T14:12:24,2025-01-15T16:12:24,Swing,Store replen,2,0,0,77.7,0,0,0
BL-10405,AUS-01,baseline,0,2025-01-15T14:10:45,2025-01-15T16:10:45,Swing,DTC web,10,0,0,140.5,1,1,1
BL-10406,AUS-01,baseline,0,2025-01-15T14:18:37,2025-01-15T16:18:37,Swing,DTC web,3,0,0,84.0,0,0,0
BL-10407,AUS-01,baseline,0,2025-01-15T14:09:01,2025-01-15T16:09:01,Swing,DTC web,7,0,0,103.7,0,0,0
BL-10408,AUS-01,baseline,0,2025-01-15T22:41:45,2025-01-16T00:41:45,Night,Marketplace,9,0,0,114.6,0,0,0
BL-10409,AUS-01,baseline,0,2025-01-15T22:34:21,2025-01-16T00:34:21,Night,DTC web,12,0,0,167.3,1,0,1
BL-10410,AUS-01,baseline,0,2025-01-15T22:18:49,2025-01-16T00:18:49,Night,Store replen,2,0,0,89.9,0,0,0
BL-10411,AUS-01,baseline,0,2025-01-15T22:20:39,2025-01-16T00:20:39,Night,DTC web,1,1,0,74.7,0,0,0
BL-10412,EWR-07,baseline,0,2025-01-15T06:50:23,2025-01-15T08:50:23,Days,Marketplace,2,1,0,100.0,1,1,0
BL-10413,EWR-07,baseline,0,2025-01-15T06:08:19,2025-01-15T08:08:19,Days,Marketplace,1,1,0,92.2,0,0,0
BL-10414,EWR-07,baseline,0,2025-01-15T06:09:13,2025-01-15T08:09:13,Days,Marketplace,4,0,0,128.8,0,0,1
BL-10415,EWR-07,baseline,0,2025-01-15T06:46:44,2025-01-15T08:46:44,Days,Marketplace,1,0,0,105.7,0,0,0
BL-10416,EWR-07,baseline,0,2025-01-15T14:34:48,2025-01-15T16:34:48,Swing,Marketplace,1,1,0,67.0,0,0,0
BL-10417,EWR-07,baseline,0,2025-01-15T14:41:29,2025-01-15T16:41:29,Swing,DTC web,8,0,0,118.7,0,0,0
BL-10418,EWR-07,baseline,0,2025-01-15T14:09:08,2025-01-15T16:09:08,Swing,Store replen,2,0,0,90.3,0,0,0
BL-10419,EWR-07,baseline,0,2025-01-15T14:36:16,2025-01-15T16:36:16,Swing,Store replen,1,0,0,77.4,0,0,0
BL-10420,EWR-07,baseline,0,2025-01-15T14:42:03,2025-01-15T16:42:03,Swing,Marketplace,1,1,0,84.4,0,0,0
BL-10421,EWR-07,baseline,0,2025-01-15T14:25:18,2025-01-15T16:25:18,Swing,DTC web,3,0,0,89.2,0,0,0
BL-10422,EWR-07,baseline,0,2025-01-15T14:20:11,2025-01-15T16:20:11,Swing,DTC web,3,0,0,86.7,0,0,0
BL-10423,EWR-07,baseline,0,2025-01-15T22:27:31,2025-01-16T00:27:31,Night,Marketplace,3,0,0,92.7,0,0,0
BL-10424,EWR-07,baseline,0,2025-01-15T22:30:41,2025-01-16T00:30:41,Night,Marketplace,2,1,0,107.9,0,0,0
BL-10425,EWR-07,baseline,0,2025-01-15T22:44:09,2025-01-16T00:44:09,Night,DTC web,7,0,0,129.9,0,0,1
BL-10426,EWR-07,baseline,0,2025-01-15T22:27:33,2025-01-16T00:27:33,Night,DTC web,1,0,1,81.2,0,0,0
BL-10427,EWR-07,baseline,0,2025-01-15T22:10:42,2025-01-16T00:10:42,Night,DTC web,4,0,0,98.0,0,0,0
BL-10428,FNT-12,baseline,0,2025-01-15T06:31:28,2025-01-15T08:31:28,Days,DTC web,2,0,0,88.1,1,1,0
BL-10429,FNT-12,baseline,0,2025-01-15T06:34:05,2025-01-15T08:34:05,Days,Marketplace,6,0,0,149.4,1,0,1
BL-10430,FNT-12,baseline,0,2025-01-15T06:47:40,2025-01-15T08:47:40,Days,DTC web,8,0,0,137.4,0,0,1
BL-10431,FNT-12,baseline,0,2025-01-15T06:18:47,2025-01-15T08:18:47,Days,Marketplace,1,1,0,101.3,0,0,0
BL-10432,FNT-12,baseline,0,2025-01-15T06:25:04,2025-01-15T08:25:04,Days,Marketplace,5,0,0,100.1,0,0,0
BL-10433,FNT-12,baseline,0,2025-01-15T06:44:06,2025-01-15T08:44:06,Days,DTC web,3,0,0,116.4,0,0,0
BL-10434,FNT-12,baseline,0,2025-01-15T06:27:19,2025-01-15T08:27:19,Days,DTC web,3,0,0,94.9,0,0,0
BL-10435,FNT-12,baseline,0,2025-01-15T14:26:23,2025-01-15T16:26:23,Swing,DTC web,4,0,0,110.2,0,0,0
BL-10436,FNT-12,baseline,0,2025-01-15T14:23:25,2025-01-15T16:23:25,Swing,Store replen,2,0,0,115.1,1,1,0
BL-10437,FNT-12,baseline,0,2025-01-15T14:50:32,2025-01-15T16:50:32,Swing,Store replen,4,0,0,117.4,1,1,0
BL-10438,FNT-12,baseline,0,2025-01-15T22:33:31,2025-01-16T00:33:31,Night,DTC web,2,1,0,121.0,0,0,1
BL-10439,FNT-12,baseline,0,2025-01-15T22:43:34,2025-01-16T00:43:34,Night,Marketplace,8,0,0,169.5,0,0,1
BL-10440,FNT-12,baseline,0,2025-01-15T22:16:37,2025-01-16T00:16:37,Night,DTC web,3,0,0,164.8,1,1,1
BL-10441,FNT-12,baseline,0,2025-01-15T22:10:05,2025-01-16T00:10:05,Night,Store replen,1,0,0,135.6,0,0,1
BL-10442,FNT-12,baseline,0,2025-01-15T22:08:15,2025-01-16T00:08:15,Night,DTC web,4,0,0,127.1,1,0,1
BL-10443,AUS-01,baseline,0,2025-01-16T06:10:49,2025-01-16T08:10:49,Days,Store replen,2,0,0,68.7,1,1,0
BL-10444,AUS-01,baseline,0,2025-01-16T06:22:21,2025-01-16T08:22:21,Days,DTC web,1,1,0,126.0,0,0,1
BL-10445,AUS-01,baseline,0,2025-01-16T06:12:19,2025-01-16T08:12:19,Days,DTC web,1,0,0,69.5,0,0,0
BL-10446,AUS-01,baseline,0,2025-01-16T06:30:40,2025-01-16T08:30:40,Days,DTC web,4,0,0,94.6,0,0,0
BL-10447,AUS-01,baseline,0,2025-01-16T14:27:43,2025-01-16T16:27:43,Swing,DTC web,5,0,0,121.0,1,1,1
BL-10448,AUS-01,baseline,0,2025-01-16T14:27:34,2025-01-16T16:27:34,Swing,DTC web,11,0,0,126.0,0,0,1
BL-10449,AUS-01,baseline,0,2025-01-16T14:26:15,2025-01-16T16:26:15,Swing,Store replen,4,0,0,97.7,0,0,0
BL-10450,AUS-01,baseline,0,2025-01-16T14:34:33,2025-01-16T16:34:33,Swing,DTC web,1,1,0,78.8,0,0,0
BL-10451,AUS-01,baseline,0,2025-01-16T14:51:31,2025-01-16T16:51:31,Swing,DTC web,4,0,0,98.4,1,1,0
BL-10452,AUS-01,baseline,0,2025-01-16T14:19:35,2025-01-16T16:19:35,Swing,DTC web,5,0,0,104.5,0,0,0
BL-10453,AUS-01,baseline,0,2025-01-16T22:35:46,2025-01-17T00:35:46,Night,Marketplace,2,1,0,78.7,0,0,0
BL-10454,AUS-01,baseline,0,2025-01-16T22:33:11,2025-01-17T00:33:11,Night,DTC web,2,1,0,77.3,0,0,0
BL-10455,AUS-01,baseline,0,2025-01-16T22:31:06,2025-01-17T00:31:06,Night,DTC web,5,0,0,114.7,0,0,0
BL-10456,EWR-07,baseline,0,2025-01-16T06:43:29,2025-01-16T08:43:29,Days,DTC web,7,0,0,115.4,1,0,0
BL-10457,EWR-07,baseline,0,2025-01-16T06:37:17,2025-01-16T08:37:17,Days,Marketplace,2,1,0,99.6,0,0,0
BL-10458,EWR-07,baseline,0,2025-01-16T06:09:24,2025-01-16T08:09:24,Days,DTC web,2,1,0,109.0,1,1,0
BL-10459,EWR-07,baseline,0,2025-01-16T06:31:34,2025-01-16T08:31:34,Days,DTC web,4,0,0,88.0,0,0,0
BL-10460,EWR-07,baseline,0,2025-01-16T06:37:25,2025-01-16T08:37:25,Days,DTC web,2,1,0,108.0,1,1,0
BL-10461,EWR-07,baseline,0,2025-01-16T06:31:49,2025-01-16T08:31:49,Days,Marketplace,6,0,0,119.6,0,0,0
BL-10462,EWR-07,baseline,0,2025-01-16T06:48:48,2025-01-16T08:48:48,Days,DTC web,5,0,0,118.9,0,0,0
BL-10463,EWR-07,baseline,0,2025-01-16T06:25:39,2025-01-16T08:25:39,Days,DTC web,2,0,0,104.1,0,0,0
BL-10464,EWR-07,baseline,0,2025-01-16T06:48:08,2025-01-16T08:48:08,Days,DTC web,2,1,0,101.9,0,0,0
BL-10465,EWR-07,baseline,0,2025-01-16T06:15:00,2025-01-16T08:15:00,Days,DTC web,7,0,0,130.1,0,0,1
BL-10466,EWR-07,baseline,0,2025-01-16T06:20:29,2025-01-16T08:20:29,Days,Store replen,3,0,1,104.3,0,0,0
BL-10467,EWR-07,baseline,0,2025-01-16T14:32:33,2025-01-16T16:32:33,Swing,Marketplace,2,1,0,77.5,0,0,0
BL-10468,EWR-07,baseline,0,2025-01-16T14:10:22,2025-01-16T16:10:22,Swing,Store replen,1,0,0,112.5,0,0,0
BL-10469,EWR-07,baseline,0,2025-01-16T14:13:07,2025-01-16T16:13:07,Swing,DTC web,11,0,0,157.1,0,0,1
BL-10470,EWR-07,baseline,0,2025-01-16T14:33:41,2025-01-16T16:33:41,Swing,DTC web,5,0,0,120.0,0,0,0
BL-10471,EWR-07,baseline,0,2025-01-16T14:17:38,2025-01-16T16:17:38,Swing,DTC web,1,1,0,96.3,0,0,0
BL-10472,EWR-07,baseline,0,2025-01-16T14:30:40,2025-01-16T16:30:40,Swing,Store replen,4,0,0,109.1,0,0,0
BL-10473,EWR-07,baseline,0,2025-01-16T14:22:33,2025-01-16T16:22:33,Swing,Marketplace,8,0,0,140.1,0,0,1
BL-10474,EWR-07,baseline,0,2025-01-16T14:22:38,2025-01-16T16:22:38,Swing,Marketplace,1,0,0,104.1,1,0,0
BL-10475,EWR-07,baseline,0,2025-01-16T22:51:34,2025-01-17T00:51:34,Night,DTC web,7,0,0,136.5,0,0,1
BL-10476,EWR-07,baseline,0,2025-01-16T22:42:44,2025-01-17T00:42:44,Night,Marketplace,2,1,0,97.4,0,0,0
BL-10477,EWR-07,baseline,0,2025-01-16T22:42:09,2025-01-17T00:42:09,Night,DTC web,4,0,0,109.5,0,0,0
BL-10478,FNT-12,baseline,0,2025-01-16T06:33:21,2025-01-16T08:33:21,Days,Marketplace,4,0,0,119.3,0,0,0
BL-10479,FNT-12,baseline,0,2025-01-16T06:08:10,2025-01-16T08:08:10,Days,DTC web,3,0,0,111.3,0,0,0
BL-10480,FNT-12,baseline,0,2025-01-16T06:25:27,2025-01-16T08:25:27,Days,Marketplace,1,0,0,112.5,0,0,0
BL-10481,FNT-12,baseline,0,2025-01-16T06:47:11,2025-01-16T08:47:11,Days,DTC web,2,1,0,119.1,1,1,0
BL-10482,FNT-12,baseline,0,2025-01-16T06:40:33,2025-01-16T08:40:33,Days,DTC web,7,0,0,135.6,1,1,1
BL-10483,FNT-12,baseline,0,2025-01-16T14:12:32,2025-01-16T16:12:32,Swing,Store replen,8,0,0,146.5,0,0,1
BL-10484,FNT-12,baseline,0,2025-01-16T14:38:06,2025-01-16T16:38:06,Swing,Marketplace,6,0,0,115.4,0,0,0
BL-10485,FNT-12,baseline,0,2025-01-16T14:21:12,2025-01-16T16:21:12,Swing,Marketplace,3,0,0,112.8,1,1,0
BL-10486,FNT-12,baseline,0,2025-01-16T14:09:44,2025-01-16T16:09:44,Swing,Store replen,2,0,0,95.5,0,0,0
BL-10487,FNT-12,baseline,0,2025-01-16T14:23:24,2025-01-16T16:23:24,Swing,Marketplace,13,0,0,168.4,0,0,1
BL-10488,FNT-12,baseline,0,2025-01-16T14:36:46,2025-01-16T16:36:46,Swing,DTC web,2,1,0,115.9,0,0,0
BL-10489,FNT-12,baseline,0,2025-01-16T14:08:11,2025-01-16T16:08:11,Swing,DTC web,3,0,0,101.0,0,0,0
BL-10490,FNT-12,baseline,0,2025-01-16T22:47:33,2025-01-17T00:47:33,Night,Marketplace,1,1,0,126.9,0,0,1
BL-10491,FNT-12,baseline,0,2025-01-16T22:22:33,2025-01-17T00:22:33,Night,Marketplace,2,1,0,138.9,0,0,1
BL-10492,FNT-12,baseline,0,2025-01-16T22:39:07,2025-01-17T00:39:07,Night,DTC web,1,1,0,102.1,0,0,0
BL-10493,AUS-01,baseline,0,2025-01-17T06:09:44,2025-01-17T08:09:44,Days,Marketplace,1,0,0,107.5,1,0,0
BL-10494,AUS-01,baseline,0,2025-01-17T06:23:25,2025-01-17T08:23:25,Days,Marketplace,3,0,0,68.5,0,0,0
BL-10495,AUS-01,baseline,0,2025-01-17T06:41:40,2025-01-17T08:41:40,Days,DTC web,3,0,0,72.0,0,0,0
BL-10496,AUS-01,baseline,0,2025-01-17T14:50:41,2025-01-17T16:50:41,Swing,Marketplace,7,0,0,117.1,0,0,0
BL-10497,AUS-01,baseline,0,2025-01-17T14:46:17,2025-01-17T16:46:17,Swing,DTC web,8,0,0,115.6,0,0,0
BL-10498,AUS-01,baseline,0,2025-01-17T14:28:25,2025-01-17T16:28:25,Swing,Store replen,1,0,0,107.0,0,0,0
BL-10499,AUS-01,baseline,0,2025-01-17T14:18:25,2025-01-17T16:18:25,Swing,DTC web,3,0,0,103.1,1,1,0
BL-10500,AUS-01,baseline,0,2025-01-17T22:25:41,2025-01-18T00:25:41,Night,DTC web,6,0,0,107.8,0,0,0
BL-10501,AUS-01,baseline,0,2025-01-17T22:33:20,2025-01-18T00:33:20,Night,DTC web,2,0,0,91.3,0,0,0
BL-10502,AUS-01,baseline,0,2025-01-17T22:40:21,2025-01-18T00:40:21,Night,DTC web,1,0,0,80.0,0,0,0
BL-10503,AUS-01,baseline,0,2025-01-17T22:41:16,2025-01-18T00:41:16,Night,Store replen,1,0,0,94.6,0,0,0
BL-10504,AUS-01,baseline,0,2025-01-17T22:21:25,2025-01-18T00:21:25,Night,Marketplace,1,1,0,99.2,0,0,0
BL-10505,EWR-07,baseline,0,2025-01-17T06:29:36,2025-01-17T08:29:36,Days,DTC web,2,1,0,107.6,1,1,0
BL-10506,EWR-07,baseline,0,2025-01-17T06:22:04,2025-01-17T08:22:04,Days,Store replen,1,0,1,86.5,0,0,0
BL-10507,EWR-07,baseline,0,2025-01-17T06:19:02,2025-01-17T08:19:02,Days,Marketplace,6,0,0,153.5,1,0,1
BL-10508,EWR-07,baseline,0,2025-01-17T14:47:42,2025-01-17T16:47:42,Swing,DTC web,4,0,0,120.9,0,0,1
BL-10509,EWR-07,baseline,0,2025-01-17T14:31:30,2025-01-17T16:31:30,Swing,DTC web,2,1,0,100.8,0,0,0
BL-10510,EWR-07,baseline,0,2025-01-17T14:24:06,2025-01-17T16:24:06,Swing,Marketplace,1,1,0,79.5,0,0,0
BL-10511,EWR-07,baseline,0,2025-01-17T14:40:29,2025-01-17T16:40:29,Swing,DTC web,4,0,0,83.5,0,0,0
BL-10512,EWR-07,baseline,0,2025-01-17T14:42:21,2025-01-17T16:42:21,Swing,DTC web,8,0,0,138.7,0,0,1
BL-10513,EWR-07,baseline,0,2025-01-17T14:28:07,2025-01-17T16:28:07,Swing,DTC web,4,0,0,89.2,0,0,0
BL-10514,EWR-07,baseline,0,2025-01-17T14:15:38,2025-01-17T16:15:38,Swing,DTC web,3,0,0,93.3,0,0,0
BL-10515,EWR-07,baseline,0,2025-01-17T14:46:16,2025-01-17T16:46:16,Swing,DTC web,4,0,0,130.2,1,1,1
BL-10516,EWR-07,baseline,0,2025-01-17T14:44:18,2025-01-17T16:44:18,Swing,Marketplace,6,0,0,129.9,0,0,1
BL-10517,EWR-07,baseline,0,2025-01-17T22:12:26,2025-01-18T00:12:26,Night,DTC web,4,0,0,136.3,0,0,1
BL-10518,EWR-07,baseline,0,2025-01-17T22:51:34,2025-01-18T00:51:34,Night,Store replen,2,0,0,97.7,0,0,0
BL-10519,EWR-07,baseline,0,2025-01-17T22:34:15,2025-01-18T00:34:15,Night,DTC web,2,1,0,106.0,0,0,0
BL-10520,FNT-12,baseline,0,2025-01-17T06:40:18,2025-01-17T08:40:18,Days,DTC web,3,0,0,131.8,1,0,1
BL-10521,FNT-12,baseline,0,2025-01-17T06:51:31,2025-01-17T08:51:31,Days,DTC web,4,0,0,125.4,0,0,1
BL-10522,FNT-12,baseline,0,2025-01-17T14:50:22,2025-01-17T16:50:22,Swing,DTC web,6,0,0,140.9,1,1,1
BL-10523,FNT-12,baseline,0,2025-01-17T14:25:22,2025-01-17T16:25:22,Swing,DTC web,12,0,0,202.3,0,0,1
BL-10524,FNT-12,baseline,0,2025-01-17T14:39:28,2025-01-17T16:39:28,Swing,Marketplace,3,0,0,103.6,1,1,0
BL-10525,FNT-12,baseline,0,2025-01-17T14:41:48,2025-01-17T16:41:48,Swing,DTC web,1,1,0,92.2,0,0,0
BL-10526,FNT-12,baseline,0,2025-01-17T14:17:30,2025-01-17T16:17:30,Swing,Store replen,5,0,0,106.8,0,0,0
BL-10527,FNT-12,baseline,0,2025-01-17T14:31:35,2025-01-17T16:31:35,Swing,Marketplace,2,0,0,97.7,0,0,0
BL-10528,FNT-12,baseline,0,2025-01-17T22:27:49,2025-01-18T00:27:49,Night,Marketplace,2,1,0,113.3,0,0,0
BL-10529,FNT-12,baseline,0,2025-01-17T22:10:16,2025-01-18T00:10:16,Night,DTC web,7,0,0,177.1,0,0,1
BL-10530,FNT-12,baseline,0,2025-01-17T22:48:20,2025-01-18T00:48:20,Night,Store replen,7,0,0,175.6,0,0,1
BL-10531,FNT-12,baseline,0,2025-01-17T22:23:22,2025-01-18T00:23:22,Night,Marketplace,7,0,0,184.8,2,1,1
BL-10532,AUS-01,baseline,0,2025-01-18T06:16:21,2025-01-18T08:16:21,Days,DTC web,3,0,0,82.8,0,0,0
BL-10533,AUS-01,baseline,0,2025-01-18T06:44:02,2025-01-18T08:44:02,Days,DTC web,3,0,0,100.7,0,0,0
BL-10534,AUS-01,baseline,0,2025-01-18T06:19:19,2025-01-18T08:19:19,Days,Store replen,12,0,0,166.3,1,1,1
BL-10535,AUS-01,baseline,0,2025-01-18T06:50:31,2025-01-18T08:50:31,Days,DTC web,2,1,0,92.4,0,0,0
BL-10536,AUS-01,baseline,0,2025-01-18T14:49:19,2025-01-18T16:49:19,Swing,Store replen,4,0,0,129.9,1,0,1
BL-10537,AUS-01,baseline,0,2025-01-18T14:12:23,2025-01-18T16:12:23,Swing,Store replen,8,0,0,136.1,1,0,1
BL-10538,AUS-01,baseline,0,2025-01-18T14:33:04,2025-01-18T16:33:04,Swing,DTC web,2,1,0,80.8,0,0,0
BL-10539,AUS-01,baseline,0,2025-01-18T14:48:43,2025-01-18T16:48:43,Swing,Store replen,2,0,0,96.2,0,0,0
BL-10540,AUS-01,baseline,0,2025-01-18T14:34:08,2025-01-18T16:34:08,Swing,Store replen,3,0,0,81.9,0,0,0
BL-10541,AUS-01,baseline,0,2025-01-18T14:46:38,2025-01-18T16:46:38,Swing,DTC web,3,0,0,99.4,0,0,0
BL-10542,AUS-01,baseline,0,2025-01-18T14:48:13,2025-01-18T16:48:13,Swing,DTC web,5,0,0,91.2,0,0,0
BL-10543,AUS-01,baseline,0,2025-01-18T14:15:32,2025-01-18T16:15:32,Swing,DTC web,1,1,0,90.1,0,0,0
BL-10544,AUS-01,baseline,0,2025-01-18T14:32:33,2025-01-18T16:32:33,Swing,DTC web,6,0,0,96.1,0,0,0
BL-10545,AUS-01,baseline,0,2025-01-18T22:35:44,2025-01-19T00:35:44,Night,Store replen,4,0,0,89.3,0,0,0
BL-10546,AUS-01,baseline,0,2025-01-18T22:34:49,2025-01-19T00:34:49,Night,Store replen,3,0,0,100.9,1,1,0
BL-10547,AUS-01,baseline,0,2025-01-18T22:24:09,2025-01-19T00:24:09,Night,DTC web,2,1,0,82.5,0,0,0
BL-10548,AUS-01,baseline,0,2025-01-18T22:31:26,2025-01-19T00:31:26,Night,Marketplace,9,0,0,138.8,1,1,1
BL-10549,AUS-01,baseline,0,2025-01-18T22:50:35,2025-01-19T00:50:35,Night,DTC web,1,1,0,63.4,0,0,0
BL-10550,EWR-07,baseline,0,2025-01-18T06:12:40,2025-01-18T08:12:40,Days,Marketplace,1,1,0,77.6,0,0,0
BL-10551,EWR-07,baseline,0,2025-01-18T06:23:23,2025-01-18T08:23:23,Days,Store replen,6,0,0,123.7,0,0,1
BL-10552,EWR-07,baseline,0,2025-01-18T06:14:12,2025-01-18T08:14:12,Days,Marketplace,1,1,0,81.5,1,1,0
BL-10553,EWR-07,baseline,0,2025-01-18T06:38:11,2025-01-18T08:38:11,Days,Marketplace,2,1,0,108.7,0,0,0
BL-10554,EWR-07,baseline,0,2025-01-18T06:30:27,2025-01-18T08:30:27,Days,DTC web,2,1,0,98.2,0,0,0
BL-10555,EWR-07,baseline,0,2025-01-18T06:15:47,2025-01-18T08:15:47,Days,Store replen,2,0,0,77.0,0,0,0
BL-10556,EWR-07,baseline,0,2025-01-18T14:26:23,2025-01-18T16:26:23,Swing,Store replen,6,0,0,139.0,0,0,1
BL-10557,EWR-07,baseline,0,2025-01-18T14:31:34,2025-01-18T16:31:34,Swing,Marketplace,10,0,0,161.7,1,1,1
BL-10558,EWR-07,baseline,0,2025-01-18T14:08:24,2025-01-18T16:08:24,Swing,DTC web,1,1,0,82.0,0,0,0
BL-10559,EWR-07,baseline,0,2025-01-18T14:29:47,2025-01-18T16:29:47,Swing,DTC web,5,0,0,126.6,0,0,1
BL-10560,EWR-07,baseline,0,2025-01-18T22:50:07,2025-01-19T00:50:07,Night,DTC web,2,1,0,99.6,0,0,0
BL-10561,EWR-07,baseline,0,2025-01-18T22:26:19,2025-01-19T00:26:19,Night,DTC web,1,1,0,92.4,0,0,0
BL-10562,FNT-12,baseline,0,2025-01-18T06:25:43,2025-01-18T08:25:43,Days,Store replen,4,0,0,109.3,0,0,0
BL-10563,FNT-12,baseline,0,2025-01-18T06:51:17,2025-01-18T08:51:17,Days,DTC web,2,1,0,95.1,0,0,0
BL-10564,FNT-12,baseline,0,2025-01-18T14:18:34,2025-01-18T16:18:34,Swing,DTC web,1,1,0,87.1,0,0,0
BL-10565,FNT-12,baseline,0,2025-01-18T14:41:07,2025-01-18T16:41:07,Swing,Marketplace,1,0,0,80.7,0,0,0
BL-10566,FNT-12,baseline,0,2025-01-18T14:32:35,2025-01-18T16:32:35,Swing,DTC web,2,0,0,107.6,0,0,0
BL-10567,FNT-12,baseline,0,2025-01-18T14:40:25,2025-01-18T16:40:25,Swing,Store replen,2,0,0,97.8,0,0,0
BL-10568,FNT-12,baseline,0,2025-01-18T22:50:46,2025-01-19T00:50:46,Night,Marketplace,1,1,0,109.6,0,0,0
BL-10569,FNT-12,baseline,0,2025-01-18T22:51:38,2025-01-19T00:51:38,Night,Store replen,7,0,0,178.3,0,0,1
BL-10570,FNT-12,baseline,0,2025-01-18T22:12:29,2025-01-19T00:12:29,Night,Store replen,3,0,0,128.9,0,0,1
BL-10571,AUS-01,baseline,0,2025-01-20T06:39:47,2025-01-20T08:39:47,Days,DTC web,5,0,0,95.0,0,0,0
BL-10572,AUS-01,baseline,0,2025-01-20T06:27:13,2025-01-20T08:27:13,Days,DTC web,3,0,0,83.5,0,0,0
BL-10573,AUS-01,baseline,0,2025-01-20T06:46:29,2025-01-20T08:46:29,Days,Marketplace,7,0,0,115.3,0,0,0
BL-10574,AUS-01,baseline,0,2025-01-20T06:37:21,2025-01-20T08:37:21,Days,Marketplace,4,0,0,91.0,0,0,0
BL-10575,AUS-01,baseline,0,2025-01-20T06:46:49,2025-01-20T08:46:49,Days,DTC web,3,0,0,99.4,0,0,0
BL-10576,AUS-01,baseline,0,2025-01-20T14:44:34,2025-01-20T16:44:34,Swing,Store replen,1,0,0,73.0,0,0,0
BL-10577,AUS-01,baseline,0,2025-01-20T14:09:19,2025-01-20T16:09:19,Swing,DTC web,1,1,0,96.5,1,1,0
BL-10578,AUS-01,baseline,0,2025-01-20T22:39:43,2025-01-21T00:39:43,Night,DTC web,9,0,0,130.5,1,0,1
BL-10579,AUS-01,baseline,0,2025-01-20T22:47:20,2025-01-21T00:47:20,Night,Marketplace,3,0,0,95.1,0,0,0
BL-10580,EWR-07,baseline,0,2025-01-20T06:30:32,2025-01-20T08:30:32,Days,DTC web,4,0,0,105.9,0,0,0
BL-10581,EWR-07,baseline,0,2025-01-20T06:23:38,2025-01-20T08:23:38,Days,DTC web,6,0,0,124.1,0,0,1
BL-10582,EWR-07,baseline,0,2025-01-20T06:31:06,2025-01-20T08:31:06,Days,DTC web,1,0,0,96.5,0,0,0
BL-10583,EWR-07,baseline,0,2025-01-20T06:09:17,2025-01-20T08:09:17,Days,DTC web,4,0,0,116.3,0,0,0
BL-10584,EWR-07,baseline,0,2025-01-20T06:46:46,2025-01-20T08:46:46,Days,Marketplace,2,1,0,78.8,0,0,0
BL-10585,EWR-07,baseline,0,2025-01-20T06:37:05,2025-01-20T08:37:05,Days,DTC web,2,0,0,97.9,1,0,0
BL-10586,EWR-07,baseline,0,2025-01-20T06:27:34,2025-01-20T08:27:34,Days,DTC web,2,1,0,85.1,0,0,0
BL-10587,EWR-07,baseline,0,2025-01-20T14:27:49,2025-01-20T16:27:49,Swing,DTC web,7,0,0,136.5,0,0,1
BL-10588,EWR-07,baseline,0,2025-01-20T14:34:07,2025-01-20T16:34:07,Swing,Marketplace,2,1,0,93.4,1,1,0
BL-10589,EWR-07,baseline,0,2025-01-20T14:43:25,2025-01-20T16:43:25,Swing,DTC web,3,0,0,105.9,0,0,0
BL-10590,EWR-07,baseline,0,2025-01-20T14:48:36,2025-01-20T16:48:36,Swing,DTC web,4,0,0,110.8,0,0,0
BL-10591,EWR-07,baseline,0,2025-01-20T22:41:33,2025-01-21T00:41:33,Night,DTC web,6,0,1,145.8,0,0,1
BL-10592,EWR-07,baseline,0,2025-01-20T22:12:30,2025-01-21T00:12:30,Night,DTC web,1,1,0,106.1,0,0,0
BL-10593,FNT-12,baseline,0,2025-01-20T06:09:48,2025-01-20T08:09:48,Days,Marketplace,4,0,0,94.2,0,0,0
BL-10594,FNT-12,baseline,0,2025-01-20T06:16:44,2025-01-20T08:16:44,Days,DTC web,4,0,0,136.0,0,0,1
BL-10595,FNT-12,baseline,0,2025-01-20T06:44:36,2025-01-20T08:44:36,Days,DTC web,2,1,0,106.1,0,0,0
BL-10596,FNT-12,baseline,0,2025-01-20T06:15:38,2025-01-20T08:15:38,Days,DTC web,2,1,0,113.9,0,0,0
BL-10597,FNT-12,baseline,0,2025-01-20T06:42:18,2025-01-20T08:42:18,Days,DTC web,3,0,0,111.1,0,0,0
BL-10598,FNT-12,baseline,0,2025-01-20T06:28:03,2025-01-20T08:28:03,Days,Store replen,7,0,0,162.8,1,1,1
BL-10599,FNT-12,baseline,0,2025-01-20T06:15:49,2025-01-20T08:15:49,Days,Marketplace,2,1,0,110.0,0,0,0
BL-10600,FNT-12,baseline,0,2025-01-20T06:10:49,2025-01-20T08:10:49,Days,DTC web,10,0,0,170.9,1,1,1
BL-10601,FNT-12,baseline,0,2025-01-20T14:47:45,2025-01-20T16:47:45,Swing,Store replen,4,0,1,177.8,1,1,1
BL-10602,FNT-12,baseline,0,2025-01-20T14:20:47,2025-01-20T16:20:47,Swing,DTC web,2,0,0,117.2,0,0,0
BL-10603,FNT-12,baseline,0,2025-01-20T14:08:08,2025-01-20T16:08:08,Swing,Marketplace,3,0,0,95.9,0,0,0
BL-10604,FNT-12,baseline,0,2025-01-20T22:18:26,2025-01-21T00:18:26,Night,DTC web,1,1,0,134.1,1,1,1
BL-10605,FNT-12,baseline,0,2025-01-20T22:31:12,2025-01-21T00:31:12,Night,DTC web,3,0,0,140.9,0,0,1
BL-10606,FNT-12,baseline,0,2025-01-20T22:17:30,2025-01-21T00:17:30,Night,Marketplace,1,1,0,110.1,1,1,0
BL-10607,FNT-12,baseline,0,2025-01-20T22:09:31,2025-01-21T00:09:31,Night,Store replen,3,0,0,131.3,0,0,1
BL-10608,FNT-12,baseline,0,2025-01-20T22:10:21,2025-01-21T00:10:21,Night,DTC web,1,1,0,122.9,0,0,1
BL-10609,AUS-01,baseline,0,2025-01-21T06:19:41,2025-01-21T08:19:41,Days,Marketplace,6,0,0,114.5,0,0,0
BL-10610,AUS-01,baseline,0,2025-01-21T06:28:15,2025-01-21T08:28:15,Days,Marketplace,1,1,0,72.5,0,0,0
BL-10611,AUS-01,baseline,0,2025-01-21T06:13:17,2025-01-21T08:13:17,Days,DTC web,1,1,0,68.9,0,0,0
BL-10612,AUS-01,baseline,0,2025-01-21T06:25:38,2025-01-21T08:25:38,Days,DTC web,6,0,0,128.4,0,0,1
BL-10613,AUS-01,baseline,0,2025-01-21T06:25:21,2025-01-21T08:25:21,Days,DTC web,3,0,0,89.0,0,0,0
BL-10614,AUS-01,baseline,0,2025-01-21T14:28:27,2025-01-21T16:28:27,Swing,DTC web,1,1,0,70.7,1,1,0
BL-10615,AUS-01,baseline,0,2025-01-21T14:08:47,2025-01-21T16:08:47,Swing,DTC web,5,0,0,119.6,0,0,0
BL-10616,AUS-01,baseline,0,2025-01-21T14:27:17,2025-01-21T16:27:17,Swing,Marketplace,1,0,1,75.0,0,0,0
BL-10617,AUS-01,baseline,0,2025-01-21T14:22:46,2025-01-21T16:22:46,Swing,DTC web,9,0,0,109.6,0,0,0
BL-10618,AUS-01,baseline,0,2025-01-21T14:28:02,2025-01-21T16:28:02,Swing,Marketplace,1,1,0,91.8,0,0,0
BL-10619,AUS-01,baseline,0,2025-01-21T14:45:41,2025-01-21T16:45:41,Swing,DTC web,5,0,0,106.3,0,0,0
BL-10620,AUS-01,baseline,0,2025-01-21T14:23:34,2025-01-21T16:23:34,Swing,DTC web,3,0,0,77.4,0,0,0
BL-10621,AUS-01,baseline,0,2025-01-21T22:23:18,2025-01-22T00:23:18,Night,DTC web,1,1,0,89.2,0,0,0
BL-10622,AUS-01,baseline,0,2025-01-21T22:51:13,2025-01-22T00:51:13,Night,DTC web,8,0,0,147.9,1,1,1
BL-10623,AUS-01,baseline,0,2025-01-21T22:28:45,2025-01-22T00:28:45,Night,Marketplace,4,0,0,85.1,0,0,0
BL-10624,AUS-01,baseline,0,2025-01-21T22:23:27,2025-01-22T00:23:27,Night,Store replen,4,0,0,97.3,0,0,0
BL-10625,AUS-01,baseline,0,2025-01-21T22:25:28,2025-01-22T00:25:28,Night,DTC web,4,0,0,98.5,0,0,0
BL-10626,EWR-07,baseline,0,2025-01-21T06:45:27,2025-01-21T08:45:27,Days,DTC web,1,0,0,94.7,0,0,0
BL-10627,EWR-07,baseline,0,2025-01-21T06:19:38,2025-01-21T08:19:38,Days,Marketplace,8,0,0,151.4,1,1,1
BL-10628,EWR-07,baseline,0,2025-01-21T06:19:42,2025-01-21T08:19:42,Days,DTC web,2,1,0,122.1,1,1,1
BL-10629,EWR-07,baseline,0,2025-01-21T06:38:16,2025-01-21T08:38:16,Days,DTC web,1,1,0,118.3,1,1,0
BL-10630,EWR-07,baseline,0,2025-01-21T06:25:34,2025-01-21T08:25:34,Days,DTC web,13,0,0,170.3,0,0,1
BL-10631,EWR-07,baseline,0,2025-01-21T06:26:21,2025-01-21T08:26:21,Days,DTC web,2,0,0,94.6,0,0,0
BL-10632,EWR-07,baseline,0,2025-01-21T06:48:47,2025-01-21T08:48:47,Days,DTC web,3,0,0,85.4,0,0,0
BL-10633,EWR-07,baseline,0,2025-01-21T06:45:03,2025-01-21T08:45:03,Days,DTC web,2,1,0,102.0,0,0,0
BL-10634,EWR-07,baseline,0,2025-01-21T06:11:46,2025-01-21T08:11:46,Days,DTC web,4,0,0,124.6,0,0,1
BL-10635,EWR-07,baseline,0,2025-01-21T14:50:02,2025-01-21T16:50:02,Swing,DTC web,2,1,0,95.1,0,0,0
BL-10636,EWR-07,baseline,0,2025-01-21T14:17:46,2025-01-21T16:17:46,Swing,DTC web,4,0,0,120.9,0,0,1
BL-10637,EWR-07,baseline,0,2025-01-21T14:43:22,2025-01-21T16:43:22,Swing,Marketplace,1,1,0,87.7,0,0,0
BL-10638,EWR-07,baseline,0,2025-01-21T14:17:30,2025-01-21T16:17:30,Swing,Marketplace,2,0,0,95.8,0,0,0
BL-10639,EWR-07,baseline,0,2025-01-21T14:10:38,2025-01-21T16:10:38,Swing,DTC web,1,0,0,82.1,0,0,0
BL-10640,EWR-07,baseline,0,2025-01-21T14:38:13,2025-01-21T16:38:13,Swing,DTC web,3,0,0,91.4,0,0,0
BL-10641,EWR-07,baseline,0,2025-01-21T14:48:44,2025-01-21T16:48:44,Swing,DTC web,12,0,0,154.5,0,0,1
BL-10642,EWR-07,baseline,0,2025-01-21T14:40:29,2025-01-21T16:40:29,Swing,DTC web,10,0,0,152.4,1,1,1
BL-10643,EWR-07,baseline,0,2025-01-21T22:49:12,2025-01-22T00:49:12,Night,DTC web,4,0,0,117.4,0,0,0
BL-10644,EWR-07,baseline,0,2025-01-21T22:18:45,2025-01-22T00:18:45,Night,DTC web,2,1,0,94.4,1,1,0
BL-10645,EWR-07,baseline,0,2025-01-21T22:24:02,2025-01-22T00:24:02,Night,DTC web,1,1,0,103.9,0,0,0
BL-10646,EWR-07,baseline,0,2025-01-21T22:48:08,2025-01-22T00:48:08,Night,Marketplace,3,0,0,102.4,0,0,0
BL-10647,EWR-07,baseline,0,2025-01-21T22:45:04,2025-01-22T00:45:04,Night,DTC web,6,0,0,146.2,0,0,1
BL-10648,EWR-07,baseline,0,2025-01-21T22:45:31,2025-01-22T00:45:31,Night,Marketplace,8,0,0,139.9,1,1,1
BL-10649,EWR-07,baseline,0,2025-01-21T22:26:26,2025-01-22T00:26:26,Night,DTC web,5,0,0,112.8,0,0,0
BL-10650,EWR-07,baseline,0,2025-01-21T22:23:37,2025-01-22T00:23:37,Night,DTC web,2,1,0,92.6,0,0,0
BL-10651,EWR-07,baseline,0,2025-01-21T22:34:09,2025-01-22T00:34:09,Night,DTC web,6,0,0,132.8,0,0,1
BL-10652,EWR-07,baseline,0,2025-01-21T22:51:04,2025-01-22T00:51:04,Night,DTC web,2,1,0,95.4,0,0,0
BL-10653,FNT-12,baseline,0,2025-01-21T06:09:33,2025-01-21T08:09:33,Days,DTC web,3,0,0,93.6,0,0,0
BL-10654,FNT-12,baseline,0,2025-01-21T06:29:29,2025-01-21T08:29:29,Days,DTC web,4,0,0,126.0,1,1,1
BL-10655,FNT-12,baseline,0,2025-01-21T06:36:01,2025-01-21T08:36:01,Days,DTC web,2,1,0,122.0,0,0,1
BL-10656,FNT-12,baseline,0,2025-01-21T06:33:07,2025-01-21T08:33:07,Days,DTC web,1,1,0,104.3,1,1,0
BL-10657,FNT-12,baseline,0,2025-01-21T14:25:43,2025-01-21T16:25:43,Swing,Marketplace,1,0,0,103.0,0,0,0
BL-10658,FNT-12,baseline,0,2025-01-21T14:34:01,2025-01-21T16:34:01,Swing,Marketplace,8,0,0,137.3,0,0,1
BL-10659,FNT-12,baseline,0,2025-01-21T14:10:10,2025-01-21T16:10:10,Swing,DTC web,4,0,0,126.4,0,0,1
BL-10660,FNT-12,baseline,0,2025-01-21T14:08:11,2025-01-21T16:08:11,Swing,Marketplace,5,0,0,103.8,0,0,0
BL-10661,FNT-12,baseline,0,2025-01-21T14:22:46,2025-01-21T16:22:46,Swing,DTC web,7,0,0,155.9,0,0,1
BL-10662,FNT-12,baseline,0,2025-01-21T14:47:15,2025-01-21T16:47:15,Swing,DTC web,2,0,0,97.8,0,0,0
BL-10663,FNT-12,baseline,0,2025-01-21T14:24:12,2025-01-21T16:24:12,Swing,Store replen,1,0,0,115.0,1,1,0
BL-10664,FNT-12,baseline,0,2025-01-21T14:27:04,2025-01-21T16:27:04,Swing,Store replen,5,0,0,132.9,0,0,1
BL-10665,FNT-12,baseline,0,2025-01-21T14:28:02,2025-01-21T16:28:02,Swing,Marketplace,2,1,0,86.0,0,0,0
BL-10666,FNT-12,baseline,0,2025-01-21T22:37:39,2025-01-22T00:37:39,Night,Marketplace,6,0,1,144.0,0,0,1
BL-10667,FNT-12,baseline,0,2025-01-21T22:09:03,2025-01-22T00:09:03,Night,DTC web,2,1,0,119.7,1,0,0
BL-10668,FNT-12,baseline,0,2025-01-21T22:38:12,2025-01-22T00:38:12,Night,DTC web,3,0,0,158.3,1,1,1
BL-10669,FNT-12,baseline,0,2025-01-21T22:18:31,2025-01-22T00:18:31,Night,DTC web,3,0,0,130.0,0,0,1
BL-10670,AUS-01,baseline,0,2025-01-22T06:50:40,2025-01-22T08:50:40,Days,DTC web,1,1,0,73.7,0,0,0
BL-10671,AUS-01,baseline,0,2025-01-22T06:30:15,2025-01-22T08:30:15,Days,DTC web,4,0,0,106.7,1,1,0
BL-10672,AUS-01,baseline,0,2025-01-22T06:17:13,2025-01-22T08:17:13,Days,Marketplace,5,0,0,97.4,0,0,0
BL-10673,AUS-01,baseline,0,2025-01-22T06:29:35,2025-01-22T08:29:35,Days,DTC web,5,0,1,96.3,0,0,0
BL-10674,AUS-01,baseline,0,2025-01-22T06:37:43,2025-01-22T08:37:43,Days,Store replen,1,0,0,83.2,0,0,0
BL-10675,AUS-01,baseline,0,2025-01-22T06:30:05,2025-01-22T08:30:05,Days,Marketplace,6,0,0,90.9,0,0,0
BL-10676,AUS-01,baseline,0,2025-01-22T06:22:04,2025-01-22T08:22:04,Days,DTC web,1,0,0,92.2,1,1,0
BL-10677,AUS-01,baseline,0,2025-01-22T06:10:10,2025-01-22T08:10:10,Days,DTC web,1,0,0,74.6,1,1,0
BL-10678,AUS-01,baseline,0,2025-01-22T14:44:47,2025-01-22T16:44:47,Swing,DTC web,3,0,0,87.2,0,0,0
BL-10679,AUS-01,baseline,0,2025-01-22T14:09:42,2025-01-22T16:09:42,Swing,DTC web,6,0,0,101.5,0,0,0
BL-10680,AUS-01,baseline,0,2025-01-22T14:19:07,2025-01-22T16:19:07,Swing,Marketplace,2,1,0,88.1,1,1,0
BL-10681,AUS-01,baseline,0,2025-01-22T14:28:17,2025-01-22T16:28:17,Swing,Store replen,5,0,0,116.8,0,0,0
BL-10682,AUS-01,baseline,0,2025-01-22T14:46:23,2025-01-22T16:46:23,Swing,Marketplace,2,1,0,84.1,0,0,0
BL-10683,AUS-01,baseline,0,2025-01-22T14:36:15,2025-01-22T16:36:15,Swing,Marketplace,5,0,0,109.1,0,0,0
BL-10684,AUS-01,baseline,0,2025-01-22T14:21:47,2025-01-22T16:21:47,Swing,Marketplace,1,0,0,87.7,0,0,0
BL-10685,AUS-01,baseline,0,2025-01-22T14:34:04,2025-01-22T16:34:04,Swing,Store replen,7,0,0,130.4,1,1,1
BL-10686,AUS-01,baseline,0,2025-01-22T14:41:10,2025-01-22T16:41:10,Swing,Store replen,8,0,0,137.8,1,1,1
BL-10687,AUS-01,baseline,0,2025-01-22T14:46:13,2025-01-22T16:46:13,Swing,Marketplace,3,0,0,108.9,1,1,0
BL-10688,AUS-01,baseline,0,2025-01-22T22:36:17,2025-01-23T00:36:17,Night,DTC web,1,0,1,79.1,1,1,0
BL-10689,AUS-01,baseline,0,2025-01-22T22:15:10,2025-01-23T00:15:10,Night,DTC web,4,0,0,102.1,0,0,0
BL-10690,EWR-07,baseline,0,2025-01-22T06:29:42,2025-01-22T08:29:42,Days,Marketplace,3,0,0,88.2,0,0,0
BL-10691,EWR-07,baseline,0,2025-01-22T06:14:09,2025-01-22T08:14:09,Days,Marketplace,3,0,0,115.9,2,1,0
BL-10692,EWR-07,baseline,0,2025-01-22T14:37:21,2025-01-22T16:37:21,Swing,Marketplace,3,0,0,114.0,1,1,0
BL-10693,EWR-07,baseline,0,2025-01-22T14:50:30,2025-01-22T16:50:30,Swing,Store replen,3,0,1,92.2,0,0,0
BL-10694,EWR-07,baseline,0,2025-01-22T14:50:41,2025-01-22T16:50:41,Swing,DTC web,2,1,0,83.7,0,0,0
BL-10695,EWR-07,baseline,0,2025-01-22T14:32:13,2025-01-22T16:32:13,Swing,Store replen,8,0,0,171.4,1,1,1
BL-10696,EWR-07,baseline,0,2025-01-22T22:22:49,2025-01-23T00:22:49,Night,Marketplace,8,0,1,169.0,1,1,1
BL-10697,EWR-07,baseline,0,2025-01-22T22:46:48,2025-01-23T00:46:48,Night,DTC web,2,1,0,95.4,0,0,0
BL-10698,FNT-12,baseline,0,2025-01-22T06:14:43,2025-01-22T08:14:43,Days,DTC web,6,0,0,117.3,0,0,0
BL-10699,FNT-12,baseline,0,2025-01-22T06:08:18,2025-01-22T08:08:18,Days,DTC web,3,0,0,123.4,0,0,1
BL-10700,FNT-12,baseline,0,2025-01-22T06:18:01,2025-01-22T08:18:01,Days,Store replen,5,0,0,116.8,0,0,0
BL-10701,FNT-12,baseline,0,2025-01-22T14:46:28,2025-01-22T16:46:28,Swing,Marketplace,4,0,0,116.1,1,1,0
BL-10702,FNT-12,baseline,0,2025-01-22T14:26:19,2025-01-22T16:26:19,Swing,Store replen,2,0,0,106.3,1,1,0
BL-10703,FNT-12,baseline,0,2025-01-22T14:26:38,2025-01-22T16:26:38,Swing,DTC web,2,0,0,134.9,1,1,1
BL-10704,FNT-12,baseline,0,2025-01-22T22:42:48,2025-01-23T00:42:48,Night,DTC web,2,1,0,118.7,0,0,0
BL-10705,FNT-12,baseline,0,2025-01-22T22:31:22,2025-01-23T00:31:22,Night,DTC web,2,0,0,144.5,1,1,1
BL-10706,FNT-12,baseline,0,2025-01-22T22:48:36,2025-01-23T00:48:36,Night,DTC web,13,0,0,196.3,0,0,1
BL-10707,FNT-12,baseline,0,2025-01-22T22:22:22,2025-01-23T00:22:22,Night,Marketplace,8,0,0,183.0,1,1,1
BL-10708,FNT-12,baseline,0,2025-01-22T22:44:17,2025-01-23T00:44:17,Night,Marketplace,1,1,0,134.7,2,1,1
BL-10709,AUS-01,baseline,0,2025-01-23T06:13:34,2025-01-23T08:13:34,Days,DTC web,6,0,0,102.5,0,0,0
BL-10710,AUS-01,baseline,0,2025-01-23T06:27:01,2025-01-23T08:27:01,Days,DTC web,1,1,0,79.7,0,0,0
BL-10711,AUS-01,baseline,0,2025-01-23T06:35:05,2025-01-23T08:35:05,Days,Store replen,5,0,0,90.3,0,0,0
BL-10712,AUS-01,baseline,0,2025-01-23T06:42:03,2025-01-23T08:42:03,Days,DTC web,9,0,1,122.3,0,0,1
BL-10713,AUS-01,baseline,0,2025-01-23T06:13:12,2025-01-23T08:13:12,Days,DTC web,1,1,0,78.5,1,1,0
BL-10714,AUS-01,baseline,0,2025-01-23T06:42:21,2025-01-23T08:42:21,Days,Marketplace,3,0,0,101.4,0,0,0
BL-10715,AUS-01,baseline,0,2025-01-23T06:27:24,2025-01-23T08:27:24,Days,DTC web,2,1,0,79.3,0,0,0
BL-10716,AUS-01,baseline,0,2025-01-23T14:33:47,2025-01-23T16:33:47,Swing,Store replen,3,0,0,84.4,0,0,0
BL-10717,AUS-01,baseline,0,2025-01-23T14:40:36,2025-01-23T16:40:36,Swing,DTC web,2,1,0,94.6,0,0,0
BL-10718,AUS-01,baseline,0,2025-01-23T14:36:43,2025-01-23T16:36:43,Swing,Store replen,8,0,0,130.7,0,0,1
BL-10719,AUS-01,baseline,0,2025-01-23T14:12:04,2025-01-23T16:12:04,Swing,Store replen,5,0,0,103.1,0,0,0
BL-10720,AUS-01,baseline,0,2025-01-23T22:21:26,2025-01-24T00:21:26,Night,DTC web,3,0,1,100.6,0,0,0
BL-10721,AUS-01,baseline,0,2025-01-23T22:23:02,2025-01-24T00:23:02,Night,DTC web,1,1,0,67.7,0,0,0
BL-10722,AUS-01,baseline,0,2025-01-23T22:22:28,2025-01-24T00:22:28,Night,DTC web,5,0,0,117.3,0,0,0
BL-10723,AUS-01,baseline,0,2025-01-23T22:40:36,2025-01-24T00:40:36,Night,DTC web,5,0,0,83.4,0,0,0
BL-10724,AUS-01,baseline,0,2025-01-23T22:24:41,2025-01-24T00:24:41,Night,DTC web,2,1,0,68.1,0,0,0
BL-10725,AUS-01,baseline,0,2025-01-23T22:13:02,2025-01-24T00:13:02,Night,DTC web,3,0,0,96.6,0,0,0
BL-10726,EWR-07,baseline,0,2025-01-23T06:30:27,2025-01-23T08:30:27,Days,Marketplace,2,0,0,116.2,0,0,0
BL-10727,EWR-07,baseline,0,2025-01-23T06:48:16,2025-01-23T08:48:16,Days,Marketplace,4,0,0,102.5,0,0,0
BL-10728,EWR-07,baseline,0,2025-01-23T06:29:44,2025-01-23T08:29:44,Days,Store replen,4,0,0,114.1,0,0,0
BL-10729,EWR-07,baseline,0,2025-01-23T06:18:42,2025-01-23T08:18:42,Days,DTC web,1,1,0,94.4,0,0,0
BL-10730,EWR-07,baseline,0,2025-01-23T06:29:07,2025-01-23T08:29:07,Days,DTC web,2,1,0,128.1,1,1,1
BL-10731,EWR-07,baseline,0,2025-01-23T06:25:18,2025-01-23T08:25:18,Days,DTC web,3,0,0,113.7,1,1,0
BL-10732,EWR-07,baseline,0,2025-01-23T06:23:31,2025-01-23T08:23:31,Days,Marketplace,6,0,0,138.2,1,1,1
BL-10733,EWR-07,baseline,0,2025-01-23T06:48:18,2025-01-23T08:48:18,Days,Marketplace,13,0,0,191.7,0,0,1
BL-10734,EWR-07,baseline,0,2025-01-23T14:28:36,2025-01-23T16:28:36,Swing,DTC web,4,0,0,100.9,0,0,0
BL-10735,EWR-07,baseline,0,2025-01-23T14:42:36,2025-01-23T16:42:36,Swing,Store replen,2,0,0,83.7,0,0,0
BL-10736,EWR-07,baseline,0,2025-01-23T14:29:32,2025-01-23T16:29:32,Swing,DTC web,5,0,0,117.6,0,0,0
BL-10737,EWR-07,baseline,0,2025-01-23T14:51:05,2025-01-23T16:51:05,Swing,DTC web,11,0,0,144.0,0,0,1
BL-10738,EWR-07,baseline,0,2025-01-23T14:49:23,2025-01-23T16:49:23,Swing,Store replen,9,0,0,186.0,2,1,1
BL-10739,EWR-07,baseline,0,2025-01-23T22:25:32,2025-01-24T00:25:32,Night,DTC web,7,0,0,147.8,0,0,1
BL-10740,EWR-07,baseline,0,2025-01-23T22:40:32,2025-01-24T00:40:32,Night,DTC web,7,0,0,146.1,0,0,1
BL-10741,FNT-12,baseline,0,2025-01-23T06:37:12,2025-01-23T08:37:12,Days,DTC web,3,0,0,97.3,0,0,0
BL-10742,FNT-12,baseline,0,2025-01-23T06:20:19,2025-01-23T08:20:19,Days,DTC web,3,0,0,141.8,1,0,1
BL-10743,FNT-12,baseline,0,2025-01-23T06:08:44,2025-01-23T08:08:44,Days,DTC web,1,1,0,102.2,1,0,0
BL-10744,FNT-12,baseline,0,2025-01-23T06:51:44,2025-01-23T08:51:44,Days,DTC web,8,0,0,163.2,0,0,1
BL-10745,FNT-12,baseline,0,2025-01-23T06:19:17,2025-01-23T08:19:17,Days,Store replen,5,0,0,131.6,0,0,1
BL-10746,FNT-12,baseline,0,2025-01-23T06:26:31,2025-01-23T08:26:31,Days,DTC web,5,0,0,132.0,0,0,1
BL-10747,FNT-12,baseline,0,2025-01-23T14:37:02,2025-01-23T16:37:02,Swing,DTC web,1,1,0,102.2,1,1,0
BL-10748,FNT-12,baseline,0,2025-01-23T14:11:47,2025-01-23T16:11:47,Swing,DTC web,4,0,0,127.4,2,1,1
BL-10749,FNT-12,baseline,0,2025-01-23T14:09:13,2025-01-23T16:09:13,Swing,Store replen,6,0,0,136.7,1,1,1
BL-10750,FNT-12,baseline,0,2025-01-23T14:49:13,2025-01-23T16:49:13,Swing,Store replen,6,0,0,137.5,0,0,1
BL-10751,FNT-12,baseline,0,2025-01-23T14:30:20,2025-01-23T16:30:20,Swing,DTC web,5,0,0,127.5,0,0,1
BL-10752,FNT-12,baseline,0,2025-01-23T14:43:15,2025-01-23T16:43:15,Swing,DTC web,6,0,0,163.2,2,1,1
BL-10753,FNT-12,baseline,0,2025-01-23T22:15:46,2025-01-24T00:15:46,Night,DTC web,1,0,0,126.9,0,0,1
BL-10754,FNT-12,baseline,0,2025-01-23T22:39:06,2025-01-24T00:39:06,Night,Marketplace,12,0,0,192.9,0,0,1
BL-10755,FNT-12,baseline,0,2025-01-23T22:48:43,2025-01-24T00:48:43,Night,DTC web,3,0,0,129.2,0,0,1
BL-10756,FNT-12,baseline,0,2025-01-23T22:48:19,2025-01-24T00:48:19,Night,DTC web,2,1,0,125.2,0,0,1
BL-10757,FNT-12,baseline,0,2025-01-23T22:41:38,2025-01-24T00:41:38,Night,DTC web,3,0,0,113.7,1,1,0
BL-10758,FNT-12,baseline,0,2025-01-23T22:26:05,2025-01-24T00:26:05,Night,DTC web,2,1,0,139.8,0,0,1
BL-10759,FNT-12,baseline,0,2025-01-23T22:19:05,2025-01-24T00:19:05,Night,DTC web,1,1,0,112.4,1,0,0
BL-10760,AUS-01,baseline,0,2025-01-24T06:31:49,2025-01-24T08:31:49,Days,DTC web,3,0,1,85.7,0,0,0
BL-10761,AUS-01,baseline,0,2025-01-24T06:40:09,2025-01-24T08:40:09,Days,Marketplace,6,0,0,122.0,1,1,1
BL-10762,AUS-01,baseline,0,2025-01-24T06:15:46,2025-01-24T08:15:46,Days,DTC web,2,1,0,105.3,1,1,0
BL-10763,AUS-01,baseline,0,2025-01-24T06:42:26,2025-01-24T08:42:26,Days,Store replen,4,0,1,95.6,0,0,0
BL-10764,AUS-01,baseline,0,2025-01-24T06:50:45,2025-01-24T08:50:45,Days,Marketplace,4,0,0,115.8,1,0,0
BL-10765,AUS-01,baseline,0,2025-01-24T06:09:24,2025-01-24T08:09:24,Days,DTC web,2,0,0,89.7,0,0,0
BL-10766,AUS-01,baseline,0,2025-01-24T14:15:01,2025-01-24T16:15:01,Swing,Marketplace,5,0,0,127.6,0,0,1
BL-10767,AUS-01,baseline,0,2025-01-24T14:19:17,2025-01-24T16:19:17,Swing,Store replen,3,0,0,88.0,0,0,0
BL-10768,AUS-01,baseline,0,2025-01-24T14:23:10,2025-01-24T16:23:10,Swing,Marketplace,3,0,0,107.4,0,0,0
BL-10769,AUS-01,baseline,0,2025-01-24T14:37:37,2025-01-24T16:37:37,Swing,DTC web,1,1,0,90.6,0,0,0
BL-10770,AUS-01,baseline,0,2025-01-24T22:26:29,2025-01-25T00:26:29,Night,DTC web,2,1,0,91.7,0,0,0
BL-10771,AUS-01,baseline,0,2025-01-24T22:16:09,2025-01-25T00:16:09,Night,Marketplace,9,0,0,149.0,1,1,1
BL-10772,AUS-01,baseline,0,2025-01-24T22:38:04,2025-01-25T00:38:04,Night,DTC web,3,0,0,130.2,1,1,1
BL-10773,EWR-07,baseline,0,2025-01-24T06:32:28,2025-01-24T08:32:28,Days,Store replen,3,0,0,96.8,0,0,0
BL-10774,EWR-07,baseline,0,2025-01-24T06:13:35,2025-01-24T08:13:35,Days,Marketplace,2,1,0,95.6,0,0,0
BL-10775,EWR-07,baseline,0,2025-01-24T06:11:47,2025-01-24T08:11:47,Days,Store replen,2,0,0,101.3,0,0,0
BL-10776,EWR-07,baseline,0,2025-01-24T06:48:39,2025-01-24T08:48:39,Days,Marketplace,3,0,0,112.8,0,0,0
BL-10777,EWR-07,baseline,0,2025-01-24T06:23:33,2025-01-24T08:23:33,Days,Marketplace,2,1,0,110.3,1,1,0
BL-10778,EWR-07,baseline,0,2025-01-24T14:10:41,2025-01-24T16:10:41,Swing,Store replen,3,0,0,149.8,1,1,1
BL-10779,EWR-07,baseline,0,2025-01-24T14:22:10,2025-01-24T16:22:10,Swing,DTC web,2,1,0,107.9,0,0,0
BL-10780,EWR-07,baseline,0,2025-01-24T14:32:36,2025-01-24T16:32:36,Swing,DTC web,4,0,0,107.0,0,0,0
BL-10781,EWR-07,baseline,0,2025-01-24T14:50:13,2025-01-24T16:50:13,Swing,DTC web,5,0,0,104.7,0,0,0
BL-10782,EWR-07,baseline,0,2025-01-24T14:44:43,2025-01-24T16:44:43,Swing,Marketplace,1,1,0,87.0,0,0,0
BL-10783,EWR-07,baseline,0,2025-01-24T14:30:43,2025-01-24T16:30:43,Swing,Marketplace,9,0,0,143.9,1,1,1
BL-10784,EWR-07,baseline,0,2025-01-24T14:32:36,2025-01-24T16:32:36,Swing,DTC web,7,0,0,128.8,1,1,1
BL-10785,EWR-07,baseline,0,2025-01-24T14:50:29,2025-01-24T16:50:29,Swing,DTC web,7,0,0,128.3,0,0,1
BL-10786,EWR-07,baseline,0,2025-01-24T14:08:18,2025-01-24T16:08:18,Swing,Store replen,3,0,0,99.1,0,0,0
BL-10787,EWR-07,baseline,0,2025-01-24T14:14:36,2025-01-24T16:14:36,Swing,Marketplace,4,0,0,102.7,0,0,0
BL-10788,EWR-07,baseline,0,2025-01-24T22:34:38,2025-01-25T00:34:38,Night,DTC web,1,1,0,87.5,0,0,0
BL-10789,EWR-07,baseline,0,2025-01-24T22:40:38,2025-01-25T00:40:38,Night,Marketplace,10,0,0,171.2,0,0,1
BL-10790,EWR-07,baseline,0,2025-01-24T22:39:16,2025-01-25T00:39:16,Night,DTC web,3,0,0,132.4,0,0,1
BL-10791,EWR-07,baseline,0,2025-01-24T22:35:38,2025-01-25T00:35:38,Night,Marketplace,2,0,0,95.8,0,0,0
BL-10792,EWR-07,baseline,0,2025-01-24T22:08:46,2025-01-25T00:08:46,Night,DTC web,8,0,0,156.1,0,0,1
BL-10793,FNT-12,baseline,0,2025-01-24T06:09:09,2025-01-24T08:09:09,Days,Store replen,4,0,0,109.3,0,0,0
BL-10794,FNT-12,baseline,0,2025-01-24T06:29:21,2025-01-24T08:29:21,Days,Store replen,5,0,0,126.4,0,0,1
BL-10795,FNT-12,baseline,0,2025-01-24T14:51:32,2025-01-24T16:51:32,Swing,DTC web,8,0,0,146.4,0,0,1
BL-10796,FNT-12,baseline,0,2025-01-24T14:28:28,2025-01-24T16:28:28,Swing,DTC web,3,0,0,109.5,0,0,0
BL-10797,FNT-12,baseline,0,2025-01-24T14:51:35,2025-01-24T16:51:35,Swing,Marketplace,3,0,0,125.1,1,0,1
BL-10798,FNT-12,baseline,0,2025-01-24T14:23:37,2025-01-24T16:23:37,Swing,DTC web,3,0,0,113.1,0,0,0
BL-10799,FNT-12,baseline,0,2025-01-24T14:49:05,2025-01-24T16:49:05,Swing,DTC web,1,1,0,89.6,0,0,0
BL-10800,FNT-12,baseline,0,2025-01-24T14:09:07,2025-01-24T16:09:07,Swing,DTC web,4,0,0,120.8,1,0,1
BL-10801,FNT-12,baseline,0,2025-01-24T22:29:22,2025-01-25T00:29:22,Night,Marketplace,2,1,0,109.0,0,0,0
BL-10802,FNT-12,baseline,0,2025-01-24T22:33:34,2025-01-25T00:33:34,Night,DTC web,4,0,0,139.4,0,0,1
BL-10803,FNT-12,baseline,0,2025-01-24T22:26:16,2025-01-25T00:26:16,Night,DTC web,2,0,1,129.8,0,0,1
BL-10804,FNT-12,baseline,0,2025-01-24T22:36:06,2025-01-25T00:36:06,Night,DTC web,4,0,0,157.0,1,1,1
BL-10805,FNT-12,baseline,0,2025-01-24T22:24:17,2025-01-25T00:24:17,Night,DTC web,3,0,0,147.7,0,0,1
BL-10806,FNT-12,baseline,0,2025-01-24T22:26:36,2025-01-25T00:26:36,Night,DTC web,3,0,0,125.2,1,1,1
BL-10807,FNT-12,baseline,0,2025-01-24T22:36:49,2025-01-25T00:36:49,Night,DTC web,5,0,0,134.6,0,0,1
BL-10808,AUS-01,baseline,0,2025-01-25T06:09:10,2025-01-25T08:09:10,Days,DTC web,8,0,0,157.3,1,0,1
BL-10809,AUS-01,baseline,0,2025-01-25T06:15:45,2025-01-25T08:15:45,Days,DTC web,2,0,0,88.7,0,0,0
BL-10810,AUS-01,baseline,0,2025-01-25T06:10:49,2025-01-25T08:10:49,Days,Marketplace,1,1,0,75.7,0,0,0
BL-10811,AUS-01,baseline,0,2025-01-25T14:11:23,2025-01-25T16:11:23,Swing,Store replen,2,0,0,89.5,0,0,0
BL-10812,AUS-01,baseline,0,2025-01-25T14:31:22,2025-01-25T16:31:22,Swing,Store replen,6,0,1,108.4,0,0,0
BL-10813,AUS-01,baseline,0,2025-01-25T14:09:33,2025-01-25T16:09:33,Swing,DTC web,6,0,0,116.4,0,0,0
BL-10814,AUS-01,baseline,0,2025-01-25T22:08:48,2025-01-26T00:08:48,Night,DTC web,3,0,0,113.7,0,0,0
BL-10815,AUS-01,baseline,0,2025-01-25T22:14:33,2025-01-26T00:14:33,Night,Marketplace,8,0,0,137.2,0,0,1
BL-10816,EWR-07,baseline,0,2025-01-25T06:25:38,2025-01-25T08:25:38,Days,DTC web,1,0,1,82.1,0,0,0
BL-10817,EWR-07,baseline,0,2025-01-25T06:18:08,2025-01-25T08:18:08,Days,Marketplace,1,1,0,92.1,1,0,0
BL-10818,EWR-07,baseline,0,2025-01-25T06:17:00,2025-01-25T08:17:00,Days,DTC web,1,1,0,83.5,0,0,0
BL-10819,EWR-07,baseline,0,2025-01-25T06:39:03,2025-01-25T08:39:03,Days,DTC web,5,0,0,111.8,0,0,0
BL-10820,EWR-07,baseline,0,2025-01-25T06:10:33,2025-01-25T08:10:33,Days,Store replen,1,0,0,88.4,0,0,0
BL-10821,EWR-07,baseline,0,2025-01-25T14:37:45,2025-01-25T16:37:45,Swing,DTC web,2,1,0,89.6,0,0,0
BL-10822,EWR-07,baseline,0,2025-01-25T14:29:05,2025-01-25T16:29:05,Swing,Store replen,1,0,0,115.9,0,0,0
BL-10823,EWR-07,baseline,0,2025-01-25T22:27:24,2025-01-26T00:27:24,Night,Store replen,1,0,0,114.3,2,1,0
BL-10824,EWR-07,baseline,0,2025-01-25T22:19:17,2025-01-26T00:19:17,Night,DTC web,2,1,0,98.7,0,0,0
BL-10825,EWR-07,baseline,0,2025-01-25T22:08:43,2025-01-26T00:08:43,Night,DTC web,1,1,0,95.1,1,1,0
BL-10826,EWR-07,baseline,0,2025-01-25T22:11:24,2025-01-26T00:11:24,Night,Store replen,2,0,0,96.5,0,0,0
BL-10827,EWR-07,baseline,0,2025-01-25T22:48:28,2025-01-26T00:48:28,Night,DTC web,2,0,0,102.0,0,0,0
BL-10828,FNT-12,baseline,0,2025-01-25T06:08:25,2025-01-25T08:08:25,Days,DTC web,2,1,0,127.3,0,0,1
BL-10829,FNT-12,baseline,0,2025-01-25T06:50:48,2025-01-25T08:50:48,Days,Store replen,2,0,0,123.7,1,0,1
BL-10830,FNT-12,baseline,0,2025-01-25T06:17:03,2025-01-25T08:17:03,Days,DTC web,2,1,0,95.8,0,0,0
BL-10831,FNT-12,baseline,0,2025-01-25T06:34:44,2025-01-25T08:34:44,Days,Marketplace,5,0,0,125.9,1,1,1
BL-10832,FNT-12,baseline,0,2025-01-25T06:42:04,2025-01-25T08:42:04,Days,Store replen,2,0,0,93.5,0,0,0
BL-10833,FNT-12,baseline,0,2025-01-25T06:20:19,2025-01-25T08:20:19,Days,DTC web,5,0,0,130.2,1,0,1
BL-10834,FNT-12,baseline,0,2025-01-25T06:34:09,2025-01-25T08:34:09,Days,DTC web,2,1,0,104.3,1,1,0
BL-10835,FNT-12,baseline,0,2025-01-25T14:22:30,2025-01-25T16:22:30,Swing,Store replen,6,0,0,140.4,1,1,1
BL-10836,FNT-12,baseline,0,2025-01-25T14:33:30,2025-01-25T16:33:30,Swing,DTC web,7,0,0,123.5,0,0,1
BL-10837,FNT-12,baseline,0,2025-01-25T14:32:35,2025-01-25T16:32:35,Swing,DTC web,5,0,0,141.1,0,0,1
BL-10838,FNT-12,baseline,0,2025-01-25T14:18:18,2025-01-25T16:18:18,Swing,DTC web,9,0,0,158.5,0,0,1
BL-10839,FNT-12,baseline,0,2025-01-25T22:29:35,2025-01-26T00:29:35,Night,DTC web,3,0,0,145.0,0,0,1
BL-10840,FNT-12,baseline,0,2025-01-25T22:32:24,2025-01-26T00:32:24,Night,Marketplace,2,1,0,110.8,0,0,0
BL-10841,AUS-01,baseline,0,2025-01-27T06:44:34,2025-01-27T08:44:34,Days,Marketplace,1,1,0,105.6,0,0,0
BL-10842,AUS-01,baseline,0,2025-01-27T06:50:05,2025-01-27T08:50:05,Days,DTC web,2,1,0,81.9,0,0,0
BL-10843,AUS-01,baseline,0,2025-01-27T06:43:37,2025-01-27T08:43:37,Days,DTC web,2,0,0,79.8,0,0,0
BL-10844,AUS-01,baseline,0,2025-01-27T06:15:37,2025-01-27T08:15:37,Days,Marketplace,6,0,0,90.1,0,0,0
BL-10845,AUS-01,baseline,0,2025-01-27T06:47:17,2025-01-27T08:47:17,Days,DTC web,2,1,0,83.2,1,1,0
BL-10846,AUS-01,baseline,0,2025-01-27T14:12:26,2025-01-27T16:12:26,Swing,DTC web,1,1,0,93.6,1,1,0
BL-10847,AUS-01,baseline,0,2025-01-27T14:21:29,2025-01-27T16:21:29,Swing,Marketplace,1,1,0,84.9,0,0,0
BL-10848,AUS-01,baseline,0,2025-01-27T14:24:23,2025-01-27T16:24:23,Swing,Store replen,1,0,0,76.7,0,0,0
BL-10849,AUS-01,baseline,0,2025-01-27T22:18:31,2025-01-28T00:18:31,Night,Marketplace,7,0,0,150.8,1,1,1
BL-10850,AUS-01,baseline,0,2025-01-27T22:22:20,2025-01-28T00:22:20,Night,DTC web,6,0,0,142.7,1,0,1
BL-10851,EWR-07,baseline,0,2025-01-27T06:51:43,2025-01-27T08:51:43,Days,Marketplace,11,0,1,157.1,0,0,1
BL-10852,EWR-07,baseline,0,2025-01-27T06:16:22,2025-01-27T08:16:22,Days,Store replen,2,0,0,86.5,0,0,0
BL-10853,EWR-07,baseline,0,2025-01-27T06:09:21,2025-01-27T08:09:21,Days,Store replen,4,0,0,117.9,0,0,0
BL-10854,EWR-07,baseline,0,2025-01-27T06:19:01,2025-01-27T08:19:01,Days,DTC web,4,0,0,106.5,0,0,0
BL-10855,EWR-07,baseline,0,2025-01-27T06:35:28,2025-01-27T08:35:28,Days,Marketplace,4,0,0,135.2,0,0,1
BL-10856,EWR-07,baseline,0,2025-01-27T06:21:43,2025-01-27T08:21:43,Days,Store replen,7,0,0,150.1,1,1,1
BL-10857,EWR-07,baseline,0,2025-01-27T06:13:03,2025-01-27T08:13:03,Days,DTC web,7,0,0,164.1,2,1,1
BL-10858,EWR-07,baseline,0,2025-01-27T14:24:28,2025-01-27T16:24:28,Swing,Store replen,3,0,0,113.8,1,1,0
BL-10859,EWR-07,baseline,0,2025-01-27T14:39:39,2025-01-27T16:39:39,Swing,Marketplace,1,0,0,127.3,0,0,1
BL-10860,EWR-07,baseline,0,2025-01-27T14:09:10,2025-01-27T16:09:10,Swing,Marketplace,2,1,0,102.6,0,0,0
BL-10861,EWR-07,baseline,0,2025-01-27T14:44:21,2025-01-27T16:44:21,Swing,Marketplace,6,0,0,130.1,1,1,1
BL-10862,EWR-07,baseline,0,2025-01-27T14:34:46,2025-01-27T16:34:46,Swing,DTC web,13,0,1,160.7,0,0,1
BL-10863,EWR-07,baseline,0,2025-01-27T14:21:17,2025-01-27T16:21:17,Swing,DTC web,3,0,0,99.4,0,0,0
BL-10864,EWR-07,baseline,0,2025-01-27T14:17:31,2025-01-27T16:17:31,Swing,DTC web,4,0,0,100.8,0,0,0
BL-10865,EWR-07,baseline,0,2025-01-27T14:35:31,2025-01-27T16:35:31,Swing,DTC web,2,1,0,99.7,0,0,0
BL-10866,EWR-07,baseline,0,2025-01-27T14:22:15,2025-01-27T16:22:15,Swing,DTC web,6,0,0,128.3,0,0,1
BL-10867,EWR-07,baseline,0,2025-01-27T14:37:06,2025-01-27T16:37:06,Swing,DTC web,2,1,0,93.6,0,0,0
BL-10868,EWR-07,baseline,0,2025-01-27T22:22:08,2025-01-28T00:22:08,Night,DTC web,2,1,0,109.0,0,0,0
BL-10869,EWR-07,baseline,0,2025-01-27T22:11:06,2025-01-28T00:11:06,Night,Marketplace,3,0,0,131.2,0,0,1
BL-10870,EWR-07,baseline,0,2025-01-27T22:39:19,2025-01-28T00:39:19,Night,DTC web,10,0,0,168.5,0,0,1
BL-10871,EWR-07,baseline,0,2025-01-27T22:19:46,2025-01-28T00:19:46,Night,DTC web,6,0,0,135.1,0,0,1
BL-10872,EWR-07,baseline,0,2025-01-27T22:35:09,2025-01-28T00:35:09,Night,DTC web,8,0,0,138.2,0,0,1
BL-10873,EWR-07,baseline,0,2025-01-27T22:31:32,2025-01-28T00:31:32,Night,DTC web,1,1,0,112.5,0,0,0
BL-10874,EWR-07,baseline,0,2025-01-27T22:34:02,2025-01-28T00:34:02,Night,DTC web,3,0,0,112.6,0,0,0
BL-10875,FNT-12,baseline,0,2025-01-27T06:08:43,2025-01-27T08:08:43,Days,DTC web,9,0,0,152.3,1,1,1
BL-10876,FNT-12,baseline,0,2025-01-27T06:33:45,2025-01-27T08:33:45,Days,Store replen,1,0,0,113.9,0,0,0
BL-10877,FNT-12,baseline,0,2025-01-27T14:44:11,2025-01-27T16:44:11,Swing,DTC web,3,0,0,110.7,0,0,0
BL-10878,FNT-12,baseline,0,2025-01-27T14:33:21,2025-01-27T16:33:21,Swing,DTC web,7,0,0,158.6,2,1,1
BL-10879,FNT-12,baseline,0,2025-01-27T22:19:42,2025-01-28T00:19:42,Night,Marketplace,1,1,0,100.0,0,0,0
BL-10880,FNT-12,baseline,0,2025-01-27T22:51:05,2025-01-28T00:51:05,Night,DTC web,7,0,0,203.4,1,0,1
BL-10881,FNT-12,baseline,0,2025-01-27T22:39:22,2025-01-28T00:39:22,Night,Marketplace,6,0,0,150.2,0,0,1
BL-10882,FNT-12,baseline,0,2025-01-27T22:29:37,2025-01-28T00:29:37,Night,DTC web,1,0,0,128.7,1,1,1
BL-10883,FNT-12,baseline,0,2025-01-27T22:33:17,2025-01-28T00:33:17,Night,DTC web,3,0,0,141.0,0,0,1
BL-10884,FNT-12,baseline,0,2025-01-27T22:35:41,2025-01-28T00:35:41,Night,DTC web,2,1,0,120.8,1,1,1
BL-10885,AUS-01,baseline,0,2025-01-28T06:09:20,2025-01-28T08:09:20,Days,DTC web,2,1,0,93.3,0,0,0
BL-10886,AUS-01,baseline,0,2025-01-28T06:34:44,2025-01-28T08:34:44,Days,DTC web,2,1,0,85.4,0,0,0
BL-10887,AUS-01,baseline,0,2025-01-28T06:11:45,2025-01-28T08:11:45,Days,Store replen,8,0,0,124.9,1,1,1
BL-10888,AUS-01,baseline,0,2025-01-28T06:14:14,2025-01-28T08:14:14,Days,Marketplace,4,0,0,91.2,0,0,0
BL-10889,AUS-01,baseline,0,2025-01-28T06:35:21,2025-01-28T08:35:21,Days,DTC web,3,0,0,94.6,0,0,0
BL-10890,AUS-01,baseline,0,2025-01-28T06:34:16,2025-01-28T08:34:16,Days,DTC web,1,1,0,68.9,0,0,0
BL-10891,AUS-01,baseline,0,2025-01-28T06:50:39,2025-01-28T08:50:39,Days,DTC web,3,0,0,67.2,0,0,0
BL-10892,AUS-01,baseline,0,2025-01-28T14:33:19,2025-01-28T16:33:19,Swing,DTC web,3,0,0,87.3,0,0,0
BL-10893,AUS-01,baseline,0,2025-01-28T14:20:12,2025-01-28T16:20:12,Swing,DTC web,4,0,0,132.8,0,0,1
BL-10894,AUS-01,baseline,0,2025-01-28T22:49:09,2025-01-29T00:49:09,Night,DTC web,2,0,0,89.0,0,0,0
BL-10895,AUS-01,baseline,0,2025-01-28T22:36:44,2025-01-29T00:36:44,Night,Store replen,4,0,0,120.8,0,0,1
BL-10896,EWR-07,baseline,0,2025-01-28T06:10:11,2025-01-28T08:10:11,Days,DTC web,5,0,0,125.3,0,0,1
BL-10897,EWR-07,baseline,0,2025-01-28T06:18:32,2025-01-28T08:18:32,Days,DTC web,2,0,0,97.2,0,0,0
BL-10898,EWR-07,baseline,0,2025-01-28T06:29:20,2025-01-28T08:29:20,Days,DTC web,4,0,0,99.9,0,0,0
BL-10899,EWR-07,baseline,0,2025-01-28T06:32:36,2025-01-28T08:32:36,Days,Marketplace,10,0,0,156.6,0,0,1
BL-10900,EWR-07,baseline,0,2025-01-28T14:19:05,2025-01-28T16:19:05,Swing,DTC web,2,0,0,129.3,1,1,1
BL-10901,EWR-07,baseline,0,2025-01-28T14:44:23,2025-01-28T16:44:23,Swing,DTC web,1,0,0,111.9,0,0,0
BL-10902,EWR-07,baseline,0,2025-01-28T14:40:39,2025-01-28T16:40:39,Swing,DTC web,8,0,0,117.1,0,0,0
BL-10903,EWR-07,baseline,0,2025-01-28T14:35:32,2025-01-28T16:35:32,Swing,DTC web,1,0,0,96.1,0,0,0
BL-10904,EWR-07,baseline,0,2025-01-28T14:46:29,2025-01-28T16:46:29,Swing,DTC web,7,0,0,136.1,1,1,1
BL-10905,EWR-07,baseline,0,2025-01-28T14:13:13,2025-01-28T16:13:13,Swing,Store replen,1,0,0,89.7,0,0,0
BL-10906,EWR-07,baseline,0,2025-01-28T14:37:26,2025-01-28T16:37:26,Swing,DTC web,4,0,0,120.9,1,1,1
BL-10907,EWR-07,baseline,0,2025-01-28T14:44:25,2025-01-28T16:44:25,Swing,Marketplace,9,0,0,159.9,0,0,1
BL-10908,EWR-07,baseline,0,2025-01-28T22:26:33,2025-01-29T00:26:33,Night,Marketplace,5,0,0,132.3,0,0,1
BL-10909,EWR-07,baseline,0,2025-01-28T22:15:20,2025-01-29T00:15:20,Night,Store replen,8,0,0,162.3,1,1,1
BL-10910,FNT-12,baseline,0,2025-01-28T06:24:32,2025-01-28T08:24:32,Days,DTC web,5,0,0,128.8,0,0,1
BL-10911,FNT-12,baseline,0,2025-01-28T06:26:12,2025-01-28T08:26:12,Days,Store replen,4,0,0,117.1,0,0,0
BL-10912,FNT-12,baseline,0,2025-01-28T06:38:39,2025-01-28T08:38:39,Days,DTC web,3,0,0,117.7,0,0,0
BL-10913,FNT-12,baseline,0,2025-01-28T06:19:15,2025-01-28T08:19:15,Days,Store replen,3,0,0,97.2,0,0,0
BL-10914,FNT-12,baseline,0,2025-01-28T06:34:06,2025-01-28T08:34:06,Days,DTC web,7,0,0,126.4,0,0,1
BL-10915,FNT-12,baseline,0,2025-01-28T06:22:34,2025-01-28T08:22:34,Days,DTC web,2,0,0,84.8,0,0,0
BL-10916,FNT-12,baseline,0,2025-01-28T06:38:13,2025-01-28T08:38:13,Days,DTC web,5,0,0,134.4,0,0,1
BL-10917,FNT-12,baseline,0,2025-01-28T06:19:33,2025-01-28T08:19:33,Days,Marketplace,5,0,0,117.3,1,1,0
BL-10918,FNT-12,baseline,0,2025-01-28T06:48:39,2025-01-28T08:48:39,Days,DTC web,2,1,0,97.7,0,0,0
BL-10919,FNT-12,baseline,0,2025-01-28T06:36:47,2025-01-28T08:36:47,Days,Store replen,1,0,0,101.5,0,0,0
BL-10920,FNT-12,baseline,0,2025-01-28T14:42:22,2025-01-28T16:42:22,Swing,DTC web,7,0,0,146.0,0,0,1
BL-10921,FNT-12,baseline,0,2025-01-28T14:11:37,2025-01-28T16:11:37,Swing,Marketplace,1,1,0,92.2,0,0,0
BL-10922,FNT-12,baseline,0,2025-01-28T14:24:18,2025-01-28T16:24:18,Swing,DTC web,13,0,0,175.2,0,0,1
BL-10923,FNT-12,baseline,0,2025-01-28T14:22:03,2025-01-28T16:22:03,Swing,Marketplace,1,1,0,97.4,0,0,0
BL-10924,FNT-12,baseline,0,2025-01-28T14:40:11,2025-01-28T16:40:11,Swing,DTC web,1,0,0,102.6,0,0,0
BL-10925,FNT-12,baseline,0,2025-01-28T22:51:07,2025-01-29T00:51:07,Night,DTC web,2,1,0,127.3,0,0,1
BL-10926,FNT-12,baseline,0,2025-01-28T22:12:47,2025-01-29T00:12:47,Night,DTC web,2,1,0,118.3,0,0,0
BL-10927,FNT-12,baseline,0,2025-01-28T22:41:38,2025-01-29T00:41:38,Night,DTC web,6,0,1,142.1,0,0,1
BL-10928,FNT-12,baseline,0,2025-01-28T22:24:45,2025-01-29T00:24:45,Night,DTC web,2,0,1,108.3,0,0,0
BL-10929,AUS-01,baseline,0,2025-01-29T06:36:11,2025-01-29T08:36:11,Days,Store replen,4,0,0,100.6,0,0,0
BL-10930,AUS-01,baseline,0,2025-01-29T06:33:42,2025-01-29T08:33:42,Days,Marketplace,7,0,0,113.8,0,0,0
BL-10931,AUS-01,baseline,0,2025-01-29T06:17:10,2025-01-29T08:17:10,Days,Marketplace,3,0,0,108.9,1,1,0
BL-10932,AUS-01,baseline,0,2025-01-29T14:20:29,2025-01-29T16:20:29,Swing,DTC web,7,0,0,110.3,0,0,0
BL-10933,AUS-01,baseline,0,2025-01-29T14:46:39,2025-01-29T16:46:39,Swing,Marketplace,6,0,0,103.5,0,0,0
BL-10934,AUS-01,baseline,0,2025-01-29T14:25:27,2025-01-29T16:25:27,Swing,DTC web,1,1,0,94.7,0,0,0
BL-10935,AUS-01,baseline,0,2025-01-29T14:17:47,2025-01-29T16:17:47,Swing,Marketplace,3,0,0,96.7,0,0,0
BL-10936,AUS-01,baseline,0,2025-01-29T14:43:25,2025-01-29T16:43:25,Swing,Store replen,3,0,0,85.1,0,0,0
BL-10937,AUS-01,baseline,0,2025-01-29T14:27:20,2025-01-29T16:27:20,Swing,Marketplace,1,0,1,70.0,0,0,0
BL-10938,AUS-01,baseline,0,2025-01-29T14:09:16,2025-01-29T16:09:16,Swing,DTC web,4,0,0,108.9,0,0,0
BL-10939,AUS-01,baseline,0,2025-01-29T22:28:07,2025-01-30T00:28:07,Night,DTC web,1,0,0,77.8,0,0,0
BL-10940,AUS-01,baseline,0,2025-01-29T22:38:38,2025-01-30T00:38:38,Night,DTC web,7,0,0,93.4,0,0,0
BL-10941,AUS-01,baseline,0,2025-01-29T22:15:24,2025-01-30T00:15:24,Night,Marketplace,2,1,0,94.8,0,0,0
BL-10942,EWR-07,baseline,0,2025-01-29T06:30:46,2025-01-29T08:30:46,Days,Store replen,12,0,0,174.9,0,0,1
BL-10943,EWR-07,baseline,0,2025-01-29T06:10:46,2025-01-29T08:10:46,Days,DTC web,2,1,0,90.7,0,0,0
BL-10944,EWR-07,baseline,0,2025-01-29T06:09:44,2025-01-29T08:09:44,Days,Store replen,4,0,0,102.8,0,0,0
BL-10945,EWR-07,baseline,0,2025-01-29T06:47:16,2025-01-29T08:47:16,Days,DTC web,3,0,0,94.5,0,0,0
BL-10946,EWR-07,baseline,0,2025-01-29T06:21:06,2025-01-29T08:21:06,Days,DTC web,1,1,0,107.7,0,0,0
BL-10947,EWR-07,baseline,0,2025-01-29T06:13:38,2025-01-29T08:13:38,Days,DTC web,4,0,0,113.4,0,0,0
BL-10948,EWR-07,baseline,0,2025-01-29T14:10:43,2025-01-29T16:10:43,Swing,Store replen,2,0,0,105.1,1,0,0
BL-10949,EWR-07,baseline,0,2025-01-29T14:09:04,2025-01-29T16:09:04,Swing,DTC web,1,0,0,69.8,0,0,0
BL-10950,EWR-07,baseline,0,2025-01-29T14:08:14,2025-01-29T16:08:14,Swing,DTC web,1,0,0,78.4,0,0,0
BL-10951,EWR-07,baseline,0,2025-01-29T14:17:29,2025-01-29T16:17:29,Swing,DTC web,1,1,0,102.9,0,0,0
BL-10952,EWR-07,baseline,0,2025-01-29T14:19:41,2025-01-29T16:19:41,Swing,Store replen,1,0,0,98.5,0,0,0
BL-10953,EWR-07,baseline,0,2025-01-29T14:46:21,2025-01-29T16:46:21,Swing,Marketplace,4,0,0,121.4,0,0,1
BL-10954,EWR-07,baseline,0,2025-01-29T14:28:44,2025-01-29T16:28:44,Swing,Marketplace,3,0,0,109.8,0,0,0
BL-10955,EWR-07,baseline,0,2025-01-29T14:12:21,2025-01-29T16:12:21,Swing,Marketplace,4,0,0,115.8,0,0,0
BL-10956,EWR-07,baseline,0,2025-01-29T22:36:17,2025-01-30T00:36:17,Night,DTC web,3,0,0,99.9,0,0,0
BL-10957,EWR-07,baseline,0,2025-01-29T22:45:10,2025-01-30T00:45:10,Night,Store replen,4,0,0,111.0,0,0,0
BL-10958,EWR-07,baseline,0,2025-01-29T22:23:24,2025-01-30T00:23:24,Night,Marketplace,2,1,0,106.0,2,1,0
BL-10959,EWR-07,baseline,0,2025-01-29T22:20:02,2025-01-30T00:20:02,Night,DTC web,2,1,0,109.1,0,0,0
BL-10960,FNT-12,baseline,0,2025-01-29T06:10:20,2025-01-29T08:10:20,Days,Marketplace,5,0,0,112.5,0,0,0
BL-10961,FNT-12,baseline,0,2025-01-29T06:23:37,2025-01-29T08:23:37,Days,DTC web,2,0,0,123.8,1,1,1
BL-10962,FNT-12,baseline,0,2025-01-29T06:44:09,2025-01-29T08:44:09,Days,DTC web,3,0,0,102.8,0,0,0
BL-10963,FNT-12,baseline,0,2025-01-29T06:09:13,2025-01-29T08:09:13,Days,DTC web,2,1,0,123.4,1,0,1
BL-10964,FNT-12,baseline,0,2025-01-29T06:35:20,2025-01-29T08:35:20,Days,DTC web,5,0,0,148.2,1,1,1
BL-10965,FNT-12,baseline,0,2025-01-29T06:51:31,2025-01-29T08:51:31,Days,DTC web,1,1,0,96.9,1,1,0
BL-10966,FNT-12,baseline,0,2025-01-29T06:47:01,2025-01-29T08:47:01,Days,DTC web,1,1,0,125.1,0,0,1
BL-10967,FNT-12,baseline,0,2025-01-29T14:24:25,2025-01-29T16:24:25,Swing,Store replen,4,0,0,133.7,0,0,1
BL-10968,FNT-12,baseline,0,2025-01-29T14:40:29,2025-01-29T16:40:29,Swing,DTC web,4,0,0,102.8,0,0,0
BL-10969,FNT-12,baseline,0,2025-01-29T14:48:40,2025-01-29T16:48:40,Swing,DTC web,10,0,0,138.8,0,0,1
BL-10970,FNT-12,baseline,0,2025-01-29T14:22:23,2025-01-29T16:22:23,Swing,Store replen,9,0,0,178.1,0,0,1
BL-10971,FNT-12,baseline,0,2025-01-29T14:24:36,2025-01-29T16:24:36,Swing,DTC web,2,0,0,89.6,0,0,0
BL-10972,FNT-12,baseline,0,2025-01-29T14:32:21,2025-01-29T16:32:21,Swing,Store replen,2,0,0,126.6,1,1,1
BL-10973,FNT-12,baseline,0,2025-01-29T14:24:14,2025-01-29T16:24:14,Swing,DTC web,1,1,0,94.9,0,0,0
BL-10974,FNT-12,baseline,0,2025-01-29T14:51:30,2025-01-29T16:51:30,Swing,DTC web,1,0,0,83.3,1,0,0
BL-10975,FNT-12,baseline,0,2025-01-29T14:23:10,2025-01-29T16:23:10,Swing,Store replen,1,0,0,108.4,0,0,0
BL-10976,FNT-12,baseline,0,2025-01-29T22:15:33,2025-01-30T00:15:33,Night,DTC web,4,0,0,124.9,0,0,1
BL-10977,FNT-12,baseline,0,2025-01-29T22:08:33,2025-01-30T00:08:33,Night,Marketplace,2,1,0,110.4,0,0,0
BL-10978,FNT-12,baseline,0,2025-01-29T22:20:31,2025-01-30T00:20:31,Night,Store replen,2,0,0,136.2,0,0,1
BL-10979,FNT-12,baseline,0,2025-01-29T22:46:45,2025-01-30T00:46:45,Night,Marketplace,8,0,0,166.5,0,0,1
BL-10980,FNT-12,baseline,0,2025-01-29T22:38:41,2025-01-30T00:38:41,Night,DTC web,3,0,0,142.2,0,0,1
BL-10981,AUS-01,baseline,0,2025-01-30T06:23:23,2025-01-30T08:23:23,Days,DTC web,6,0,0,107.1,0,0,0
BL-10982,AUS-01,baseline,0,2025-01-30T06:37:44,2025-01-30T08:37:44,Days,Marketplace,2,1,0,89.7,0,0,0
BL-10983,AUS-01,baseline,0,2025-01-30T06:33:14,2025-01-30T08:33:14,Days,Marketplace,3,0,0,97.7,0,0,0
BL-10984,AUS-01,baseline,0,2025-01-30T06:41:07,2025-01-30T08:41:07,Days,DTC web,2,1,0,60.0,0,0,0
BL-10985,AUS-01,baseline,0,2025-01-30T06:41:37,2025-01-30T08:41:37,Days,DTC web,1,1,0,76.7,0,0,0
BL-10986,AUS-01,baseline,0,2025-01-30T06:31:21,2025-01-30T08:31:21,Days,DTC web,2,1,0,83.0,0,0,0
BL-10987,AUS-01,baseline,0,2025-01-30T06:50:06,2025-01-30T08:50:06,Days,Marketplace,4,0,0,109.2,0,0,0
BL-10988,AUS-01,baseline,0,2025-01-30T06:44:31,2025-01-30T08:44:31,Days,Marketplace,8,0,0,106.1,0,0,0
BL-10989,AUS-01,baseline,0,2025-01-30T14:21:24,2025-01-30T16:21:24,Swing,Store replen,2,0,0,74.6,0,0,0
BL-10990,AUS-01,baseline,0,2025-01-30T14:45:30,2025-01-30T16:45:30,Swing,Marketplace,6,0,0,97.8,0,0,0
BL-10991,AUS-01,baseline,0,2025-01-30T14:45:43,2025-01-30T16:45:43,Swing,DTC web,3,0,0,86.3,0,0,0
BL-10992,AUS-01,baseline,0,2025-01-30T14:50:47,2025-01-30T16:50:47,Swing,DTC web,1,1,0,91.2,2,1,0
BL-10993,AUS-01,baseline,0,2025-01-30T22:20:32,2025-01-31T00:20:32,Night,Store replen,1,0,0,73.4,0,0,0
BL-10994,AUS-01,baseline,0,2025-01-30T22:15:04,2025-01-31T00:15:04,Night,DTC web,3,0,1,103.3,0,0,0
BL-10995,EWR-07,baseline,0,2025-01-30T06:14:19,2025-01-30T08:14:19,Days,DTC web,1,0,0,79.1,0,0,0
BL-10996,EWR-07,baseline,0,2025-01-30T06:28:16,2025-01-30T08:28:16,Days,DTC web,4,0,0,100.5,0,0,0
BL-10997,EWR-07,baseline,0,2025-01-30T06:19:28,2025-01-30T08:19:28,Days,Marketplace,8,0,0,132.4,0,0,1
BL-10998,EWR-07,baseline,0,2025-01-30T06:10:46,2025-01-30T08:10:46,Days,Marketplace,2,0,0,81.9,0,0,0
BL-10999,EWR-07,baseline,0,2025-01-30T06:32:26,2025-01-30T08:32:26,Days,Store replen,6,0,0,135.9,1,1,1
BL-11000,EWR-07,baseline,0,2025-01-30T06:28:41,2025-01-30T08:28:41,Days,DTC web,2,1,0,91.7,0,0,0
BL-11001,EWR-07,baseline,0,2025-01-30T14:50:18,2025-01-30T16:50:18,Swing,DTC web,3,0,0,100.7,0,0,0
BL-11002,EWR-07,baseline,0,2025-01-30T14:13:01,2025-01-30T16:13:01,Swing,Store replen,5,0,0,112.4,0,0,0
BL-11003,EWR-07,baseline,0,2025-01-30T22:20:35,2025-01-31T00:20:35,Night,Marketplace,2,1,0,114.9,1,1,0
BL-11004,EWR-07,baseline,0,2025-01-30T22:38:27,2025-01-31T00:38:27,Night,DTC web,1,1,0,104.2,1,0,0
BL-11005,EWR-07,baseline,0,2025-01-30T22:22:38,2025-01-31T00:22:38,Night,Store replen,6,0,0,137.8,0,0,1
BL-11006,EWR-07,baseline,0,2025-01-30T22:24:25,2025-01-31T00:24:25,Night,DTC web,3,0,0,107.7,0,0,0
BL-11007,EWR-07,baseline,0,2025-01-30T22:22:06,2025-01-31T00:22:06,Night,Store replen,1,0,0,102.9,0,0,0
BL-11008,EWR-07,baseline,0,2025-01-30T22:40:02,2025-01-31T00:40:02,Night,DTC web,3,0,0,115.7,0,0,0
BL-11009,EWR-07,baseline,0,2025-01-30T22:42:40,2025-01-31T00:42:40,Night,Store replen,4,0,0,119.6,1,0,0
BL-11010,FNT-12,baseline,0,2025-01-30T06:21:45,2025-01-30T08:21:45,Days,DTC web,4,0,0,119.5,1,0,0
BL-11011,FNT-12,baseline,0,2025-01-30T06:20:13,2025-01-30T08:20:13,Days,Marketplace,3,0,0,109.8,1,1,0
BL-11012,FNT-12,baseline,0,2025-01-30T06:42:22,2025-01-30T08:42:22,Days,Store replen,3,0,0,147.5,0,0,1
BL-11013,FNT-12,baseline,0,2025-01-30T06:33:36,2025-01-30T08:33:36,Days,DTC web,3,0,0,102.6,0,0,0
BL-11014,FNT-12,baseline,0,2025-01-30T06:17:09,2025-01-30T08:17:09,Days,DTC web,5,0,0,126.8,0,0,1
BL-11015,FNT-12,baseline,0,2025-01-30T14:29:06,2025-01-30T16:29:06,Swing,Marketplace,4,0,0,103.4,0,0,0
BL-11016,FNT-12,baseline,0,2025-01-30T14:29:47,2025-01-30T16:29:47,Swing,Store replen,2,0,0,109.4,0,0,0
BL-11017,FNT-12,baseline,0,2025-01-30T14:33:26,2025-01-30T16:33:26,Swing,Marketplace,3,0,0,112.5,0,0,0
BL-11018,FNT-12,baseline,0,2025-01-30T14:33:38,2025-01-30T16:33:38,Swing,Marketplace,6,0,0,144.7,2,1,1
BL-11019,FNT-12,baseline,0,2025-01-30T14:13:11,2025-01-30T16:13:11,Swing,DTC web,7,0,0,144.4,0,0,1
BL-11020,FNT-12,baseline,0,2025-01-30T22:15:21,2025-01-31T00:15:21,Night,DTC web,3,0,0,130.9,0,0,1
BL-11021,FNT-12,baseline,0,2025-01-30T22:41:38,2025-01-31T00:41:38,Night,Marketplace,5,0,0,127.3,0,0,1
BL-11022,FNT-12,baseline,0,2025-01-30T22:17:18,2025-01-31T00:17:18,Night,DTC web,8,0,0,189.5,1,1,1
BL-11023,FNT-12,baseline,0,2025-01-30T22:28:37,2025-01-31T00:28:37,Night,DTC web,1,1,0,129.5,0,0,1
BL-11024,FNT-12,baseline,0,2025-01-30T22:15:12,2025-01-31T00:15:12,Night,Marketplace,8,0,0,165.3,1,0,1
BL-11025,FNT-12,baseline,0,2025-01-30T22:17:07,2025-01-31T00:17:07,Night,DTC web,4,0,0,136.4,1,0,1
BL-11026,FNT-12,baseline,0,2025-01-30T22:09:34,2025-01-31T00:09:34,Night,Marketplace,1,1,0,110.2,0,0,0
BL-11027,FNT-12,baseline,0,2025-01-30T22:10:02,2025-01-31T00:10:02,Night,DTC web,10,0,1,189.9,1,1,1
BL-11028,AUS-01,baseline,0,2025-01-31T06:38:46,2025-01-31T08:38:46,Days,DTC web,10,0,0,117.3,1,1,0
BL-11029,AUS-01,baseline,0,2025-01-31T06:18:27,2025-01-31T08:18:27,Days,DTC web,1,1,0,87.4,0,0,0
BL-11030,AUS-01,baseline,0,2025-01-31T06:42:02,2025-01-31T08:42:02,Days,Store replen,4,0,0,88.0,0,0,0
BL-11031,AUS-01,baseline,0,2025-01-31T06:11:46,2025-01-31T08:11:46,Days,DTC web,1,1,0,89.4,0,0,0
BL-11032,AUS-01,baseline,0,2025-01-31T14:25:11,2025-01-31T16:25:11,Swing,DTC web,2,1,0,117.4,1,1,0
BL-11033,AUS-01,baseline,0,2025-01-31T14:17:21,2025-01-31T16:17:21,Swing,DTC web,14,0,0,154.2,0,0,1
BL-11034,AUS-01,baseline,0,2025-01-31T14:30:44,2025-01-31T16:30:44,Swing,DTC web,5,0,0,136.9,1,1,1
BL-11035,AUS-01,baseline,0,2025-01-31T22:13:15,2025-02-01T00:13:15,Night,DTC web,2,1,0,100.3,0,0,0
BL-11036,AUS-01,baseline,0,2025-01-31T22:16:42,2025-02-01T00:16:42,Night,DTC web,5,0,0,112.7,0,0,0
BL-11037,AUS-01,baseline,0,2025-01-31T22:19:10,2025-02-01T00:19:10,Night,DTC web,4,0,0,107.1,0,0,0
BL-11038,EWR-07,baseline,0,2025-01-31T06:34:48,2025-01-31T08:34:48,Days,Marketplace,1,0,0,85.6,0,0,0
BL-11039,EWR-07,baseline,0,2025-01-31T06:08:33,2025-01-31T08:08:33,Days,DTC web,2,1,0,100.9,1,0,0
BL-11040,EWR-07,baseline,0,2025-01-31T06:10:16,2025-01-31T08:10:16,Days,DTC web,5,0,0,114.8,0,0,0
BL-11041,EWR-07,baseline,0,2025-01-31T06:43:35,2025-01-31T08:43:35,Days,DTC web,4,0,0,126.6,0,0,1
BL-11042,EWR-07,baseline,0,2025-01-31T06:47:16,2025-01-31T08:47:16,Days,Marketplace,2,0,0,83.1,0,0,0
BL-11043,EWR-07,baseline,0,2025-01-31T14:40:13,2025-01-31T16:40:13,Swing,DTC web,3,0,0,99.6,1,1,0
BL-11044,EWR-07,baseline,0,2025-01-31T14:51:35,2025-01-31T16:51:35,Swing,DTC web,6,0,0,123.4,0,0,1
BL-11045,EWR-07,baseline,0,2025-01-31T14:44:25,2025-01-31T16:44:25,Swing,Marketplace,5,0,1,122.3,0,0,1
BL-11046,EWR-07,baseline,0,2025-01-31T14:17:29,2025-01-31T16:17:29,Swing,DTC web,2,1,0,86.8,0,0,0
BL-11047,EWR-07,baseline,0,2025-01-31T14:26:29,2025-01-31T16:26:29,Swing,DTC web,2,1,0,112.2,2,1,0
BL-11048,EWR-07,baseline,0,2025-01-31T14:25:13,2025-01-31T16:25:13,Swing,DTC web,10,0,0,168.8,0,0,1
BL-11049,EWR-07,baseline,0,2025-01-31T14:25:25,2025-01-31T16:25:25,Swing,DTC web,3,0,0,111.7,0,0,0
BL-11050,EWR-07,baseline,0,2025-01-31T22:35:40,2025-02-01T00:35:40,Night,Marketplace,6,0,0,122.1,0,0,1
BL-11051,EWR-07,baseline,0,2025-01-31T22:08:28,2025-02-01T00:08:28,Night,DTC web,3,0,0,112.5,0,0,0
BL-11052,EWR-07,baseline,0,2025-01-31T22:32:29,2025-02-01T00:32:29,Night,Store replen,9,0,0,183.8,0,0,1
BL-11053,EWR-07,baseline,0,2025-01-31T22:25:35,2025-02-01T00:25:35,Night,DTC web,3,0,0,102.2,0,0,0
BL-11054,EWR-07,baseline,0,2025-01-31T22:25:48,2025-02-01T00:25:48,Night,Marketplace,1,0,0,124.2,0,0,1
BL-11055,FNT-12,baseline,0,2025-01-31T06:10:40,2025-01-31T08:10:40,Days,Store replen,4,0,0,127.7,0,0,1
BL-11056,FNT-12,baseline,0,2025-01-31T06:31:23,2025-01-31T08:31:23,Days,DTC web,6,0,1,127.2,1,1,1
BL-11057,FNT-12,baseline,0,2025-01-31T06:33:27,2025-01-31T08:33:27,Days,Marketplace,2,1,0,108.3,0,0,0
BL-11058,FNT-12,baseline,0,2025-01-31T06:22:27,2025-01-31T08:22:27,Days,DTC web,2,1,0,135.7,1,1,1
BL-11059,FNT-12,baseline,0,2025-01-31T06:15:41,2025-01-31T08:15:41,Days,DTC web,2,0,1,92.2,0,0,0
BL-11060,FNT-12,baseline,0,2025-01-31T06:33:20,2025-01-31T08:33:20,Days,Store replen,5,0,0,106.0,0,0,0
BL-11061,FNT-12,baseline,0,2025-01-31T06:47:47,2025-01-31T08:47:47,Days,DTC web,5,0,0,123.5,0,0,1
BL-11062,FNT-12,baseline,0,2025-01-31T14:36:33,2025-01-31T16:36:33,Swing,DTC web,1,0,0,91.4,0,0,0
BL-11063,FNT-12,baseline,0,2025-01-31T14:25:02,2025-01-31T16:25:02,Swing,Marketplace,1,1,0,81.3,0,0,0
BL-11064,FNT-12,baseline,0,2025-01-31T14:35:17,2025-01-31T16:35:17,Swing,Marketplace,3,0,0,98.0,0,0,0
BL-11065,FNT-12,baseline,0,2025-01-31T14:19:26,2025-01-31T16:19:26,Swing,Marketplace,3,0,0,121.3,0,0,1
BL-11066,FNT-12,baseline,0,2025-01-31T14:16:25,2025-01-31T16:16:25,Swing,DTC web,7,0,0,139.6,0,0,1
BL-11067,FNT-12,baseline,0,2025-01-31T14:25:09,2025-01-31T16:25:09,Swing,DTC web,1,1,0,96.8,0,0,0
BL-11068,FNT-12,baseline,0,2025-01-31T22:50:15,2025-02-01T00:50:15,Night,DTC web,3,0,0,141.5,1,1,1
BL-11069,FNT-12,baseline,0,2025-01-31T22:22:31,2025-02-01T00:22:31,Night,Marketplace,3,0,0,146.9,1,1,1
BL-11070,FNT-12,baseline,0,2025-01-31T22:23:47,2025-02-01T00:23:47,Night,Marketplace,3,0,0,128.9,0,0,1
BL-11071,FNT-12,baseline,0,2025-01-31T22:24:01,2025-02-01T00:24:01,Night,Store replen,2,0,0,132.9,0,0,1
BL-11072,FNT-12,baseline,0,2025-01-31T22:21:04,2025-02-01T00:21:04,Night,Marketplace,2,1,0,120.3,0,0,1
BL-11073,AUS-01,baseline,0,2025-02-01T06:38:06,2025-02-01T08:38:06,Days,DTC web,4,0,0,86.0,0,0,0
BL-11074,AUS-01,baseline,0,2025-02-01T06:51:36,2025-02-01T08:51:36,Days,DTC web,5,0,1,109.6,0,0,0
BL-11075,AUS-01,baseline,0,2025-02-01T06:34:28,2025-02-01T08:34:28,Days,DTC web,6,0,0,102.1,0,0,0
BL-11076,AUS-01,baseline,0,2025-02-01T06:39:12,2025-02-01T08:39:12,Days,Marketplace,8,0,0,127.1,0,0,1
BL-11077,AUS-01,baseline,0,2025-02-01T06:27:37,2025-02-01T08:27:37,Days,DTC web,13,0,0,147.2,0,0,1
BL-11078,AUS-01,baseline,0,2025-02-01T14:19:48,2025-02-01T16:19:48,Swing,DTC web,4,0,0,95.5,0,0,0
BL-11079,AUS-01,baseline,0,2025-02-01T14:14:39,2025-02-01T16:14:39,Swing,DTC web,5,0,1,88.7,0,0,0
BL-11080,AUS-01,baseline,0,2025-02-01T14:47:04,2025-02-01T16:47:04,Swing,DTC web,1,0,0,89.1,0,0,0
BL-11081,AUS-01,baseline,0,2025-02-01T22:37:30,2025-02-02T00:37:30,Night,DTC web,10,0,0,132.1,0,0,1
BL-11082,AUS-01,baseline,0,2025-02-01T22:39:49,2025-02-02T00:39:49,Night,DTC web,7,0,0,117.9,0,0,0
BL-11083,EWR-07,baseline,0,2025-02-01T06:15:36,2025-02-01T08:15:36,Days,DTC web,4,0,0,82.4,0,0,0
BL-11084,EWR-07,baseline,0,2025-02-01T06:47:01,2025-02-01T08:47:01,Days,Marketplace,11,0,0,148.1,0,0,1
BL-11085,EWR-07,baseline,0,2025-02-01T14:15:12,2025-02-01T16:15:12,Swing,Store replen,10,0,0,150.1,0,0,1
BL-11086,EWR-07,baseline,0,2025-02-01T14:31:05,2025-02-01T16:31:05,Swing,Marketplace,1,1,0,70.8,0,0,0
BL-11087,EWR-07,baseline,0,2025-02-01T14:45:47,2025-02-01T16:45:47,Swing,DTC web,2,0,0,86.3,0,0,0
BL-11088,EWR-07,baseline,0,2025-02-01T14:47:12,2025-02-01T16:47:12,Swing,DTC web,12,0,0,168.1,0,0,1
BL-11089,EWR-07,baseline,0,2025-02-01T22:29:24,2025-02-02T00:29:24,Night,DTC web,8,0,0,149.9,1,0,1
BL-11090,EWR-07,baseline,0,2025-02-01T22:15:26,2025-02-02T00:15:26,Night,DTC web,7,0,0,158.2,0,0,1
BL-11091,EWR-07,baseline,0,2025-02-01T22:44:16,2025-02-02T00:44:16,Night,Marketplace,2,1,0,106.7,0,0,0
BL-11092,EWR-07,baseline,0,2025-02-01T22:21:34,2025-02-02T00:21:34,Night,Marketplace,2,1,0,108.5,0,0,0
BL-11093,EWR-07,baseline,0,2025-02-01T22:11:13,2025-02-02T00:11:13,Night,DTC web,1,1,0,129.9,1,0,1
BL-11094,FNT-12,baseline,0,2025-02-01T06:29:28,2025-02-01T08:29:28,Days,Store replen,3,0,0,125.8,0,0,1
BL-11095,FNT-12,baseline,0,2025-02-01T06:43:23,2025-02-01T08:43:23,Days,Marketplace,1,1,0,93.2,1,1,0
BL-11096,FNT-12,baseline,0,2025-02-01T14:42:19,2025-02-01T16:42:19,Swing,Marketplace,1,0,0,94.0,0,0,0
BL-11097,FNT-12,baseline,0,2025-02-01T14:46:00,2025-02-01T16:46:00,Swing,DTC web,2,1,0,93.4,0,0,0
BL-11098,FNT-12,baseline,0,2025-02-01T14:10:31,2025-02-01T16:10:31,Swing,Marketplace,1,0,0,156.0,1,1,1
BL-11099,FNT-12,baseline,0,2025-02-01T14:46:24,2025-02-01T16:46:24,Swing,DTC web,2,1,0,106.2,1,1,0
BL-11100,FNT-12,baseline,0,2025-02-01T14:25:02,2025-02-01T16:25:02,Swing,DTC web,2,1,0,99.2,0,0,0
BL-11101,FNT-12,baseline,0,2025-02-01T14:23:43,2025-02-01T16:23:43,Swing,Marketplace,1,0,0,95.0,0,0,0
BL-11102,FNT-12,baseline,0,2025-02-01T22:09:05,2025-02-02T00:09:05,Night,Marketplace,1,0,0,95.3,0,0,0
BL-11103,FNT-12,baseline,0,2025-02-01T22:34:40,2025-02-02T00:34:40,Night,DTC web,2,1,0,125.1,0,0,1
BL-11104,FNT-12,baseline,0,2025-02-01T22:22:18,2025-02-02T00:22:18,Night,DTC web,2,1,0,134.7,1,1,1
BL-11105,FNT-12,baseline,0,2025-02-01T22:35:04,2025-02-02T00:35:04,Night,DTC web,4,0,0,148.0,2,1,1
BL-11106,AUS-01,baseline,0,2025-02-03T06:22:08,2025-02-03T08:22:08,Days,DTC web,5,0,0,112.0,0,0,0
BL-11107,AUS-01,baseline,0,2025-02-03T06:43:05,2025-02-03T08:43:05,Days,DTC web,3,0,0,139.3,1,0,1
BL-11108,AUS-01,baseline,0,2025-02-03T06:35:39,2025-02-03T08:35:39,Days,Store replen,1,0,0,93.2,0,0,0
BL-11109,AUS-01,baseline,0,2025-02-03T06:36:21,2025-02-03T08:36:21,Days,DTC web,1,1,0,78.4,0,0,0
BL-11110,AUS-01,baseline,0,2025-02-03T14:33:03,2025-02-03T16:33:03,Swing,Store replen,5,0,0,113.2,0,0,0
BL-11111,AUS-01,baseline,0,2025-02-03T14:34:38,2025-02-03T16:34:38,Swing,DTC web,5,0,0,100.2,0,0,0
BL-11112,AUS-01,baseline,0,2025-02-03T14:13:31,2025-02-03T16:13:31,Swing,Store replen,7,0,0,110.6,0,0,0
BL-11113,AUS-01,baseline,0,2025-02-03T14:43:04,2025-02-03T16:43:04,Swing,DTC web,3,0,0,90.3,0,0,0
BL-11114,AUS-01,baseline,0,2025-02-03T14:49:01,2025-02-03T16:49:01,Swing,DTC web,1,1,0,67.9,0,0,0
BL-11115,AUS-01,baseline,0,2025-02-03T14:28:37,2025-02-03T16:28:37,Swing,DTC web,2,1,0,90.7,0,0,0
BL-11116,AUS-01,baseline,0,2025-02-03T14:33:21,2025-02-03T16:33:21,Swing,Marketplace,8,0,0,155.4,1,1,1
BL-11117,AUS-01,baseline,0,2025-02-03T14:18:05,2025-02-03T16:18:05,Swing,DTC web,2,1,0,117.4,2,1,0
BL-11118,AUS-01,baseline,0,2025-02-03T14:13:49,2025-02-03T16:13:49,Swing,DTC web,3,0,0,71.9,0,0,0
BL-11119,AUS-01,baseline,0,2025-02-03T14:22:26,2025-02-03T16:22:26,Swing,DTC web,2,1,0,99.0,1,0,0
BL-11120,AUS-01,baseline,0,2025-02-03T22:11:45,2025-02-04T00:11:45,Night,DTC web,4,0,0,111.2,0,0,0
BL-11121,AUS-01,baseline,0,2025-02-03T22:50:10,2025-02-04T00:50:10,Night,DTC web,1,1,0,70.9,0,0,0
BL-11122,AUS-01,baseline,0,2025-02-03T22:18:38,2025-02-04T00:18:38,Night,DTC web,1,1,0,84.5,0,0,0
BL-11123,AUS-01,baseline,0,2025-02-03T22:11:00,2025-02-04T00:11:00,Night,Marketplace,1,1,0,82.5,0,0,0
BL-11124,AUS-01,baseline,0,2025-02-03T22:34:45,2025-02-04T00:34:45,Night,Store replen,2,0,0,100.3,1,1,0
BL-11125,AUS-01,baseline,0,2025-02-03T22:09:37,2025-02-04T00:09:37,Night,Store replen,3,0,0,85.3,0,0,0
BL-11126,EWR-07,baseline,0,2025-02-03T06:37:43,2025-02-03T08:37:43,Days,DTC web,5,0,0,100.7,0,0,0
BL-11127,EWR-07,baseline,0,2025-02-03T06:32:12,2025-02-03T08:32:12,Days,DTC web,1,1,0,86.6,0,0,0
BL-11128,EWR-07,baseline,0,2025-02-03T06:13:02,2025-02-03T08:13:02,Days,DTC web,6,0,0,128.1,0,0,1
BL-11129,EWR-07,baseline,0,2025-02-03T06:29:48,2025-02-03T08:29:48,Days,Marketplace,3,0,0,96.8,0,0,0
BL-11130,EWR-07,baseline,0,2025-02-03T14:27:41,2025-02-03T16:27:41,Swing,DTC web,2,1,0,104.4,0,0,0
BL-11131,EWR-07,baseline,0,2025-02-03T14:40:04,2025-02-03T16:40:04,Swing,DTC web,3,0,0,127.1,2,1,1
BL-11132,EWR-07,baseline,0,2025-02-03T14:44:41,2025-02-03T16:44:41,Swing,DTC web,5,0,0,141.0,2,1,1
BL-11133,EWR-07,baseline,0,2025-02-03T14:13:24,2025-02-03T16:13:24,Swing,Store replen,2,0,0,129.1,1,1,1
BL-11134,EWR-07,baseline,0,2025-02-03T22:14:28,2025-02-04T00:14:28,Night,DTC web,3,0,0,113.5,0,0,0
BL-11135,EWR-07,baseline,0,2025-02-03T22:09:17,2025-02-04T00:09:17,Night,DTC web,4,0,0,129.8,1,0,1
BL-11136,EWR-07,baseline,0,2025-02-03T22:51:35,2025-02-04T00:51:35,Night,Store replen,1,0,0,117.8,0,0,0
BL-11137,EWR-07,baseline,0,2025-02-03T22:23:39,2025-02-04T00:23:39,Night,Marketplace,1,0,0,79.3,0,0,0
BL-11138,EWR-07,baseline,0,2025-02-03T22:31:04,2025-02-04T00:31:04,Night,Marketplace,4,0,0,117.1,0,0,0
BL-11139,FNT-12,baseline,0,2025-02-03T06:28:33,2025-02-03T08:28:33,Days,DTC web,2,1,0,116.4,0,0,0
BL-11140,FNT-12,baseline,0,2025-02-03T06:23:15,2025-02-03T08:23:15,Days,Store replen,2,0,0,109.8,1,1,0
BL-11141,FNT-12,baseline,0,2025-02-03T06:15:43,2025-02-03T08:15:43,Days,DTC web,6,0,0,116.4,0,0,0
BL-11142,FNT-12,baseline,0,2025-02-03T06:11:16,2025-02-03T08:11:16,Days,Marketplace,4,0,0,105.8,0,0,0
BL-11143,FNT-12,baseline,0,2025-02-03T06:37:38,2025-02-03T08:37:38,Days,DTC web,6,0,0,140.1,1,1,1
BL-11144,FNT-12,baseline,0,2025-02-03T06:15:01,2025-02-03T08:15:01,Days,DTC web,3,0,0,105.5,0,0,0
BL-11145,FNT-12,baseline,0,2025-02-03T14:37:22,2025-02-03T16:37:22,Swing,DTC web,1,1,0,111.9,1,1,0
BL-11146,FNT-12,baseline,0,2025-02-03T14:19:11,2025-02-03T16:19:11,Swing,DTC web,4,0,0,132.9,1,1,1
BL-11147,FNT-12,baseline,0,2025-02-03T14:40:22,2025-02-03T16:40:22,Swing,DTC web,1,1,0,79.3,0,0,0
BL-11148,FNT-12,baseline,0,2025-02-03T14:16:46,2025-02-03T16:16:46,Swing,DTC web,4,0,0,114.5,0,0,0
BL-11149,FNT-12,baseline,0,2025-02-03T22:34:20,2025-02-04T00:34:20,Night,DTC web,11,0,0,197.2,0,0,1
BL-11150,FNT-12,baseline,0,2025-02-03T22:20:38,2025-02-04T00:20:38,Night,Marketplace,6,0,0,155.9,0,0,1
BL-11151,AUS-01,baseline,0,2025-02-04T06:49:40,2025-02-04T08:49:40,Days,DTC web,1,1,0,68.2,0,0,0
BL-11152,AUS-01,baseline,0,2025-02-04T06:22:09,2025-02-04T08:22:09,Days,Marketplace,3,0,0,80.2,0,0,0
BL-11153,AUS-01,baseline,0,2025-02-04T06:20:34,2025-02-04T08:20:34,Days,DTC web,1,1,0,86.6,1,0,0
BL-11154,AUS-01,baseline,0,2025-02-04T06:29:20,2025-02-04T08:29:20,Days,Store replen,12,0,1,165.7,0,0,1
BL-11155,AUS-01,baseline,0,2025-02-04T06:40:42,2025-02-04T08:40:42,Days,DTC web,3,0,1,102.8,1,1,0
BL-11156,AUS-01,baseline,0,2025-02-04T06:31:39,2025-02-04T08:31:39,Days,Store replen,1,0,0,67.5,0,0,0
BL-11157,AUS-01,baseline,0,2025-02-04T06:14:40,2025-02-04T08:14:40,Days,DTC web,2,0,0,78.7,0,0,0
BL-11158,AUS-01,baseline,0,2025-02-04T14:37:16,2025-02-04T16:37:16,Swing,DTC web,4,0,0,104.7,0,0,0
BL-11159,AUS-01,baseline,0,2025-02-04T14:45:31,2025-02-04T16:45:31,Swing,Marketplace,13,0,0,125.5,0,0,1
BL-11160,AUS-01,baseline,0,2025-02-04T14:41:20,2025-02-04T16:41:20,Swing,Marketplace,1,1,0,64.7,0,0,0
BL-11161,AUS-01,baseline,0,2025-02-04T14:39:43,2025-02-04T16:39:43,Swing,Store replen,2,0,0,66.7,0,0,0
BL-11162,AUS-01,baseline,0,2025-02-04T14:18:11,2025-02-04T16:18:11,Swing,DTC web,2,1,0,84.8,0,0,0
BL-11163,AUS-01,baseline,0,2025-02-04T14:43:12,2025-02-04T16:43:12,Swing,Marketplace,11,0,0,136.7,0,0,1
BL-11164,AUS-01,baseline,0,2025-02-04T14:40:40,2025-02-04T16:40:40,Swing,Marketplace,3,0,0,60.0,0,0,0
BL-11165,AUS-01,baseline,0,2025-02-04T22:23:13,2025-02-05T00:23:13,Night,Marketplace,2,1,0,98.3,0,0,0
BL-11166,AUS-01,baseline,0,2025-02-04T22:11:20,2025-02-05T00:11:20,Night,DTC web,7,0,0,114.7,0,0,0
BL-11167,AUS-01,baseline,0,2025-02-04T22:13:11,2025-02-05T00:13:11,Night,DTC web,1,1,0,105.3,1,0,0
BL-11168,AUS-01,baseline,0,2025-02-04T22:39:44,2025-02-05T00:39:44,Night,DTC web,5,0,0,104.0,1,1,0
BL-11169,EWR-07,baseline,0,2025-02-04T06:09:32,2025-02-04T08:09:32,Days,DTC web,7,0,0,132.8,0,0,1
BL-11170,EWR-07,baseline,0,2025-02-04T06:28:33,2025-02-04T08:28:33,Days,Marketplace,4,0,0,111.1,0,0,0
BL-11171,EWR-07,baseline,0,2025-02-04T06:46:13,2025-02-04T08:46:13,Days,Marketplace,3,0,0,106.3,0,0,0
BL-11172,EWR-07,baseline,0,2025-02-04T14:29:16,2025-02-04T16:29:16,Swing,DTC web,4,0,0,124.9,0,0,1
BL-11173,EWR-07,baseline,0,2025-02-04T14:13:40,2025-02-04T16:13:40,Swing,Store replen,4,0,0,101.4,0,0,0
BL-11174,EWR-07,baseline,0,2025-02-04T14:12:13,2025-02-04T16:12:13,Swing,Marketplace,1,0,0,92.4,1,1,0
BL-11175,EWR-07,baseline,0,2025-02-04T14:21:20,2025-02-04T16:21:20,Swing,Marketplace,4,0,0,116.3,0,0,0
BL-11176,EWR-07,baseline,0,2025-02-04T14:10:23,2025-02-04T16:10:23,Swing,DTC web,5,0,0,106.1,0,0,0
BL-11177,EWR-07,baseline,0,2025-02-04T14:32:09,2025-02-04T16:32:09,Swing,Marketplace,4,0,0,125.1,1,0,1
BL-11178,EWR-07,baseline,0,2025-02-04T14:44:11,2025-02-04T16:44:11,Swing,Marketplace,14,0,0,190.4,1,0,1
BL-11179,EWR-07,baseline,0,2025-02-04T14:22:17,2025-02-04T16:22:17,Swing,DTC web,5,0,0,124.2,0,0,1
BL-11180,EWR-07,baseline,0,2025-02-04T22:43:27,2025-02-05T00:43:27,Night,DTC web,4,0,1,105.0,0,0,0
BL-11181,EWR-07,baseline,0,2025-02-04T22:42:45,2025-02-05T00:42:45,Night,Marketplace,1,0,0,128.8,0,0,1
BL-11182,EWR-07,baseline,0,2025-02-04T22:17:11,2025-02-05T00:17:11,Night,DTC web,5,0,0,120.5,0,0,1
BL-11183,EWR-07,baseline,0,2025-02-04T22:22:34,2025-02-05T00:22:34,Night,DTC web,3,0,0,125.2,0,0,1
BL-11184,EWR-07,baseline,0,2025-02-04T22:15:32,2025-02-05T00:15:32,Night,DTC web,4,0,0,101.5,0,0,0
BL-11185,EWR-07,baseline,0,2025-02-04T22:35:41,2025-02-05T00:35:41,Night,DTC web,2,1,0,109.5,0,0,0
BL-11186,EWR-07,baseline,0,2025-02-04T22:25:32,2025-02-05T00:25:32,Night,DTC web,2,1,0,119.4,0,0,0
BL-11187,EWR-07,baseline,0,2025-02-04T22:48:46,2025-02-05T00:48:46,Night,Store replen,5,0,0,128.5,0,0,1
BL-11188,EWR-07,baseline,0,2025-02-04T22:51:12,2025-02-05T00:51:12,Night,Marketplace,3,0,0,109.3,0,0,0
BL-11189,EWR-07,baseline,0,2025-02-04T22:26:39,2025-02-05T00:26:39,Night,DTC web,4,0,0,131.5,0,0,1
BL-11190,FNT-12,baseline,0,2025-02-04T06:23:15,2025-02-04T08:23:15,Days,DTC web,1,1,0,78.4,0,0,0
BL-11191,FNT-12,baseline,0,2025-02-04T06:27:42,2025-02-04T08:27:42,Days,Store replen,4,0,0,116.4,0,0,0
BL-11192,FNT-12,baseline,0,2025-02-04T06:27:13,2025-02-04T08:27:13,Days,Store replen,1,0,0,84.6,0,0,0
BL-11193,FNT-12,baseline,0,2025-02-04T06:40:38,2025-02-04T08:40:38,Days,DTC web,8,0,0,141.0,1,0,1
BL-11194,FNT-12,baseline,0,2025-02-04T14:31:18,2025-02-04T16:31:18,Swing,Marketplace,3,0,0,95.1,0,0,0
BL-11195,FNT-12,baseline,0,2025-02-04T14:36:45,2025-02-04T16:36:45,Swing,Marketplace,2,1,0,100.8,0,0,0
BL-11196,FNT-12,baseline,0,2025-02-04T14:46:16,2025-02-04T16:46:16,Swing,DTC web,2,1,0,114.5,0,0,0
BL-11197,FNT-12,baseline,0,2025-02-04T14:36:23,2025-02-04T16:36:23,Swing,DTC web,3,0,0,122.7,0,0,1
BL-11198,FNT-12,baseline,0,2025-02-04T22:21:31,2025-02-05T00:21:31,Night,Store replen,1,0,0,92.9,0,0,0
BL-11199,FNT-12,baseline,0,2025-02-04T22:18:21,2025-02-05T00:18:21,Night,DTC web,5,0,0,146.0,0,0,1
BL-11200,FNT-12,baseline,0,2025-02-04T22:31:03,2025-02-05T00:31:03,Night,DTC web,1,1,0,116.5,0,0,0
BL-11201,FNT-12,baseline,0,2025-02-04T22:48:48,2025-02-05T00:48:48,Night,DTC web,13,0,0,222.8,0,0,1
BL-11202,FNT-12,baseline,0,2025-02-04T22:11:23,2025-02-05T00:11:23,Night,DTC web,3,0,0,113.4,1,1,0
BL-11203,FNT-12,baseline,0,2025-02-04T22:29:22,2025-02-05T00:29:22,Night,DTC web,13,0,0,249.4,1,0,1
BL-11204,FNT-12,baseline,0,2025-02-04T22:30:02,2025-02-05T00:30:02,Night,DTC web,1,0,0,90.3,0,0,0
BL-11205,AUS-01,baseline,0,2025-02-05T06:08:10,2025-02-05T08:08:10,Days,DTC web,3,0,0,98.1,0,0,0
BL-11206,AUS-01,baseline,0,2025-02-05T06:13:19,2025-02-05T08:13:19,Days,DTC web,8,0,0,138.0,0,0,1
BL-11207,AUS-01,baseline,0,2025-02-05T06:12:34,2025-02-05T08:12:34,Days,Store replen,5,0,0,145.0,0,0,1
BL-11208,AUS-01,baseline,0,2025-02-05T06:14:29,2025-02-05T08:14:29,Days,Store replen,3,0,0,92.7,0,0,0
BL-11209,AUS-01,baseline,0,2025-02-05T06:37:49,2025-02-05T08:37:49,Days,Marketplace,7,0,0,118.3,0,0,0
BL-11210,AUS-01,baseline,0,2025-02-05T06:24:21,2025-02-05T08:24:21,Days,DTC web,1,1,0,94.4,0,0,0
BL-11211,AUS-01,baseline,0,2025-02-05T06:28:00,2025-02-05T08:28:00,Days,DTC web,2,1,0,74.8,0,0,0
BL-11212,AUS-01,baseline,0,2025-02-05T06:42:22,2025-02-05T08:42:22,Days,Store replen,7,0,0,130.6,0,0,1
BL-11213,AUS-01,baseline,0,2025-02-05T14:28:04,2025-02-05T16:28:04,Swing,DTC web,2,1,0,99.0,0,0,0
BL-11214,AUS-01,baseline,0,2025-02-05T14:49:47,2025-02-05T16:49:47,Swing,Store replen,10,0,0,153.3,0,0,1
BL-11215,AUS-01,baseline,0,2025-02-05T14:12:49,2025-02-05T16:12:49,Swing,DTC web,9,0,0,127.0,0,0,1
BL-11216,AUS-01,baseline,0,2025-02-05T22:11:45,2025-02-06T00:11:45,Night,DTC web,6,0,0,123.3,0,0,1
BL-11217,AUS-01,baseline,0,2025-02-05T22:41:01,2025-02-06T00:41:01,Night,DTC web,2,0,0,73.0,0,0,0
BL-11218,AUS-01,baseline,0,2025-02-05T22:49:45,2025-02-06T00:49:45,Night,DTC web,7,0,0,100.3,0,0,0
BL-11219,AUS-01,baseline,0,2025-02-05T22:21:44,2025-02-06T00:21:44,Night,Marketplace,2,1,0,105.3,1,1,0
BL-11220,AUS-01,baseline,0,2025-02-05T22:48:13,2025-02-06T00:48:13,Night,DTC web,1,0,0,69.8,0,0,0
BL-11221,AUS-01,baseline,0,2025-02-05T22:28:27,2025-02-06T00:28:27,Night,Marketplace,3,0,0,100.9,1,1,0
BL-11222,EWR-07,baseline,0,2025-02-05T06:13:42,2025-02-05T08:13:42,Days,Store replen,4,0,0,115.5,0,0,0
BL-11223,EWR-07,baseline,0,2025-02-05T06:44:14,2025-02-05T08:44:14,Days,Marketplace,1,1,0,82.1,0,0,0
BL-11224,EWR-07,baseline,0,2025-02-05T06:10:19,2025-02-05T08:10:19,Days,Store replen,5,0,0,123.2,0,0,1
BL-11225,EWR-07,baseline,0,2025-02-05T14:43:35,2025-02-05T16:43:35,Swing,DTC web,4,0,0,117.8,0,0,0
BL-11226,EWR-07,baseline,0,2025-02-05T14:09:38,2025-02-05T16:09:38,Swing,DTC web,2,1,0,106.6,0,0,0
BL-11227,EWR-07,baseline,0,2025-02-05T14:28:16,2025-02-05T16:28:16,Swing,Store replen,1,0,0,90.5,0,0,0
BL-11228,EWR-07,baseline,0,2025-02-05T14:29:11,2025-02-05T16:29:11,Swing,DTC web,3,0,0,105.8,0,0,0
BL-11229,EWR-07,baseline,0,2025-02-05T14:13:46,2025-02-05T16:13:46,Swing,Store replen,11,0,0,162.4,0,0,1
BL-11230,EWR-07,baseline,0,2025-02-05T14:45:34,2025-02-05T16:45:34,Swing,Store replen,3,0,0,98.2,0,0,0
BL-11231,EWR-07,baseline,0,2025-02-05T14:42:25,2025-02-05T16:42:25,Swing,Store replen,7,0,0,146.1,0,0,1
BL-11232,EWR-07,baseline,0,2025-02-05T14:41:01,2025-02-05T16:41:01,Swing,DTC web,2,1,0,90.9,0,0,0
BL-11233,EWR-07,baseline,0,2025-02-05T22:12:32,2025-02-06T00:12:32,Night,Marketplace,11,0,0,166.5,0,0,1
BL-11234,EWR-07,baseline,0,2025-02-05T22:20:09,2025-02-06T00:20:09,Night,DTC web,5,0,0,109.9,0,0,0
BL-11235,EWR-07,baseline,0,2025-02-05T22:25:38,2025-02-06T00:25:38,Night,Marketplace,3,0,0,117.0,1,1,0
BL-11236,EWR-07,baseline,0,2025-02-05T22:39:12,2025-02-06T00:39:12,Night,DTC web,3,0,0,81.3,0,0,0
BL-11237,EWR-07,baseline,0,2025-02-05T22:26:11,2025-02-06T00:26:11,Night,DTC web,4,0,0,121.3,0,0,1
BL-11238,EWR-07,baseline,0,2025-02-05T22:30:39,2025-02-06T00:30:39,Night,DTC web,4,0,0,122.6,1,1,1
BL-11239,EWR-07,baseline,0,2025-02-05T22:36:02,2025-02-06T00:36:02,Night,DTC web,4,0,0,84.3,0,0,0
BL-11240,EWR-07,baseline,0,2025-02-05T22:14:15,2025-02-06T00:14:15,Night,DTC web,5,0,0,115.2,0,0,0
BL-11241,FNT-12,baseline,0,2025-02-05T06:08:48,2025-02-05T08:08:48,Days,DTC web,1,1,0,88.4,0,0,0
BL-11242,FNT-12,baseline,0,2025-02-05T06:43:24,2025-02-05T08:43:24,Days,DTC web,2,1,0,101.5,1,1,0
BL-11243,FNT-12,baseline,0,2025-02-05T06:44:17,2025-02-05T08:44:17,Days,Marketplace,4,0,0,110.7,0,0,0
BL-11244,FNT-12,baseline,0,2025-02-05T06:42:38,2025-02-05T08:42:38,Days,Store replen,6,0,0,137.1,0,0,1
BL-11245,FNT-12,baseline,0,2025-02-05T06:17:07,2025-02-05T08:17:07,Days,DTC web,6,0,1,139.5,0,0,1
BL-11246,FNT-12,baseline,0,2025-02-05T06:19:09,2025-02-05T08:19:09,Days,DTC web,2,1,0,119.1,0,0,0
BL-11247,FNT-12,baseline,0,2025-02-05T14:18:46,2025-02-05T16:18:46,Swing,DTC web,3,0,0,106.7,0,0,0
BL-11248,FNT-12,baseline,0,2025-02-05T14:34:07,2025-02-05T16:34:07,Swing,Marketplace,6,0,0,124.5,0,0,1
BL-11249,FNT-12,baseline,0,2025-02-05T14:12:35,2025-02-05T16:12:35,Swing,DTC web,4,0,0,92.6,0,0,0
BL-11250,FNT-12,baseline,0,2025-02-05T14:37:08,2025-02-05T16:37:08,Swing,Marketplace,3,0,0,120.8,0,0,1
BL-11251,FNT-12,baseline,0,2025-02-05T14:34:38,2025-02-05T16:34:38,Swing,DTC web,6,0,0,110.7,0,0,0
BL-11252,FNT-12,baseline,0,2025-02-05T14:43:12,2025-02-05T16:43:12,Swing,DTC web,1,1,0,106.3,1,0,0
BL-11253,FNT-12,baseline,0,2025-02-05T14:11:14,2025-02-05T16:11:14,Swing,Store replen,6,0,0,130.0,0,0,1
BL-11254,FNT-12,baseline,0,2025-02-05T22:50:34,2025-02-06T00:50:34,Night,Marketplace,10,0,0,161.8,0,0,1
BL-11255,FNT-12,baseline,0,2025-02-05T22:24:20,2025-02-06T00:24:20,Night,Marketplace,6,0,0,169.8,0,0,1
BL-11256,FNT-12,baseline,0,2025-02-05T22:12:25,2025-02-06T00:12:25,Night,Marketplace,2,1,0,103.0,1,1,0
BL-11257,FNT-12,baseline,0,2025-02-05T22:42:12,2025-02-06T00:42:12,Night,Store replen,5,0,0,161.4,0,0,1
BL-11258,AUS-01,baseline,0,2025-02-06T06:32:38,2025-02-06T08:32:38,Days,DTC web,6,0,0,101.1,0,0,0
BL-11259,AUS-01,baseline,0,2025-02-06T06:44:02,2025-02-06T08:44:02,Days,DTC web,2,1,0,76.9,0,0,0
BL-11260,AUS-01,baseline,0,2025-02-06T06:32:05,2025-02-06T08:32:05,Days,Marketplace,4,0,0,94.5,0,0,0
BL-11261,AUS-01,baseline,0,2025-02-06T14:15:28,2025-02-06T16:15:28,Swing,DTC web,3,0,0,92.2,0,0,0
BL-11262,AUS-01,baseline,0,2025-02-06T14:30:02,2025-02-06T16:30:02,Swing,DTC web,5,0,0,107.8,0,0,0
BL-11263,AUS-01,baseline,0,2025-02-06T14:47:07,2025-02-06T16:47:07,Swing,DTC web,6,0,0,110.7,0,0,0
BL-11264,AUS-01,baseline,0,2025-02-06T14:31:40,2025-02-06T16:31:40,Swing,DTC web,5,0,0,100.7,0,0,0
BL-11265,AUS-01,baseline,0,2025-02-06T14:49:03,2025-02-06T16:49:03,Swing,DTC web,6,0,0,117.2,1,1,0
BL-11266,AUS-01,baseline,0,2025-02-06T22:15:02,2025-02-07T00:15:02,Night,Store replen,2,0,0,98.5,1,1,0
BL-11267,AUS-01,baseline,0,2025-02-06T22:24:46,2025-02-07T00:24:46,Night,DTC web,3,0,0,89.9,1,1,0
BL-11268,AUS-01,baseline,0,2025-02-06T22:27:33,2025-02-07T00:27:33,Night,DTC web,5,0,0,92.5,0,0,0
BL-11269,AUS-01,baseline,0,2025-02-06T22:44:35,2025-02-07T00:44:35,Night,DTC web,4,0,0,90.0,0,0,0
BL-11270,EWR-07,baseline,0,2025-02-06T06:34:44,2025-02-06T08:34:44,Days,Marketplace,3,0,0,103.0,0,0,0
BL-11271,EWR-07,baseline,0,2025-02-06T06:39:21,2025-02-06T08:39:21,Days,DTC web,1,0,0,88.3,0,0,0
BL-11272,EWR-07,baseline,0,2025-02-06T14:25:16,2025-02-06T16:25:16,Swing,Marketplace,3,0,0,132.0,0,0,1
BL-11273,EWR-07,baseline,0,2025-02-06T14:31:36,2025-02-06T16:31:36,Swing,Store replen,1,0,0,83.8,0,0,0
BL-11274,EWR-07,baseline,0,2025-02-06T14:17:07,2025-02-06T16:17:07,Swing,DTC web,4,0,0,105.9,0,0,0
BL-11275,EWR-07,baseline,0,2025-02-06T14:23:20,2025-02-06T16:23:20,Swing,DTC web,2,0,0,105.5,1,1,0
BL-11276,EWR-07,baseline,0,2025-02-06T14:40:44,2025-02-06T16:40:44,Swing,DTC web,1,1,0,99.2,1,1,0
BL-11277,EWR-07,baseline,0,2025-02-06T14:45:24,2025-02-06T16:45:24,Swing,DTC web,4,0,0,102.4,0,0,0
BL-11278,EWR-07,baseline,0,2025-02-06T14:26:31,2025-02-06T16:26:31,Swing,DTC web,4,0,0,104.0,0,0,0
BL-11279,EWR-07,baseline,0,2025-02-06T22:26:27,2025-02-07T00:26:27,Night,Store replen,4,0,0,118.3,0,0,0
BL-11280,EWR-07,baseline,0,2025-02-06T22:28:36,2025-02-07T00:28:36,Night,Store replen,3,0,0,113.3,0,0,0
BL-11281,EWR-07,baseline,0,2025-02-06T22:43:04,2025-02-07T00:43:04,Night,Marketplace,7,0,1,132.1,0,0,1
BL-11282,EWR-07,baseline,0,2025-02-06T22:17:43,2025-02-07T00:17:43,Night,Store replen,8,0,0,170.1,0,0,1
BL-11283,EWR-07,baseline,0,2025-02-06T22:18:04,2025-02-07T00:18:04,Night,Store replen,2,0,0,107.1,0,0,0
BL-11284,EWR-07,baseline,0,2025-02-06T22:49:24,2025-02-07T00:49:24,Night,DTC web,1,0,0,111.1,0,0,0
BL-11285,FNT-12,baseline,0,2025-02-06T06:24:44,2025-02-06T08:24:44,Days,Store replen,4,0,0,109.3,0,0,0
BL-11286,FNT-12,baseline,0,2025-02-06T06:44:33,2025-02-06T08:44:33,Days,DTC web,3,0,0,127.4,2,1,1
BL-11287,FNT-12,baseline,0,2025-02-06T06:24:00,2025-02-06T08:24:00,Days,DTC web,2,1,0,104.7,0,0,0
BL-11288,FNT-12,baseline,0,2025-02-06T14:43:40,2025-02-06T16:43:40,Swing,DTC web,2,0,0,88.9,0,0,0
BL-11289,FNT-12,baseline,0,2025-02-06T14:22:12,2025-02-06T16:22:12,Swing,Store replen,5,0,0,138.0,0,0,1
BL-11290,FNT-12,baseline,0,2025-02-06T14:08:28,2025-02-06T16:08:28,Swing,DTC web,8,0,0,141.8,0,0,1
BL-11291,FNT-12,baseline,0,2025-02-06T14:32:32,2025-02-06T16:32:32,Swing,Marketplace,4,0,1,99.9,0,0,0
BL-11292,FNT-12,baseline,0,2025-02-06T14:19:45,2025-02-06T16:19:45,Swing,DTC web,4,0,0,107.6,0,0,0
BL-11293,FNT-12,baseline,0,2025-02-06T14:31:27,2025-02-06T16:31:27,Swing,DTC web,4,0,0,103.7,0,0,0
BL-11294,FNT-12,baseline,0,2025-02-06T14:14:33,2025-02-06T16:14:33,Swing,Marketplace,3,0,0,116.5,0,0,0
BL-11295,FNT-12,baseline,0,2025-02-06T22:26:32,2025-02-07T00:26:32,Night,DTC web,1,1,0,103.2,0,0,0
BL-11296,FNT-12,baseline,0,2025-02-06T22:43:24,2025-02-07T00:43:24,Night,Store replen,1,0,0,120.2,0,0,1
BL-11297,FNT-12,baseline,0,2025-02-06T22:40:30,2025-02-07T00:40:30,Night,DTC web,6,0,0,147.3,1,1,1
BL-11298,FNT-12,baseline,0,2025-02-06T22:18:42,2025-02-07T00:18:42,Night,Store replen,5,0,0,163.0,0,0,1
BL-11299,AUS-01,baseline,0,2025-02-07T06:26:30,2025-02-07T08:26:30,Days,DTC web,3,0,0,80.5,0,0,0
BL-11300,AUS-01,baseline,0,2025-02-07T06:15:14,2025-02-07T08:15:14,Days,DTC web,3,0,0,106.6,1,1,0
BL-11301,AUS-01,baseline,0,2025-02-07T06:30:17,2025-02-07T08:30:17,Days,Marketplace,2,1,0,75.3,0,0,0
BL-11302,AUS-01,baseline,0,2025-02-07T06:28:31,2025-02-07T08:28:31,Days,Marketplace,2,1,0,113.0,0,0,0
BL-11303,AUS-01,baseline,0,2025-02-07T14:21:09,2025-02-07T16:21:09,Swing,DTC web,1,1,0,96.0,2,1,0
BL-11304,AUS-01,baseline,0,2025-02-07T14:44:17,2025-02-07T16:44:17,Swing,DTC web,3,0,0,85.0,0,0,0
BL-11305,AUS-01,baseline,0,2025-02-07T14:21:03,2025-02-07T16:21:03,Swing,DTC web,2,1,0,89.5,0,0,0
BL-11306,AUS-01,baseline,0,2025-02-07T14:49:47,2025-02-07T16:49:47,Swing,Store replen,2,0,0,105.6,0,0,0
BL-11307,AUS-01,baseline,0,2025-02-07T14:22:29,2025-02-07T16:22:29,Swing,Marketplace,2,1,0,110.1,1,1,0
BL-11308,AUS-01,baseline,0,2025-02-07T14:21:39,2025-02-07T16:21:39,Swing,DTC web,5,0,0,111.1,0,0,0
BL-11309,AUS-01,baseline,0,2025-02-07T14:42:10,2025-02-07T16:42:10,Swing,DTC web,9,0,0,127.6,0,0,1
BL-11310,AUS-01,baseline,0,2025-02-07T14:51:16,2025-02-07T16:51:16,Swing,Marketplace,5,0,0,121.8,1,1,1
BL-11311,AUS-01,baseline,0,2025-02-07T14:36:42,2025-02-07T16:36:42,Swing,Marketplace,2,1,0,85.1,0,0,0
BL-11312,AUS-01,baseline,0,2025-02-07T14:25:27,2025-02-07T16:25:27,Swing,Marketplace,1,1,0,102.8,0,0,0
BL-11313,AUS-01,baseline,0,2025-02-07T14:13:15,2025-02-07T16:13:15,Swing,DTC web,6,0,1,118.0,0,0,0
BL-11314,AUS-01,baseline,0,2025-02-07T14:39:27,2025-02-07T16:39:27,Swing,Marketplace,6,0,0,119.0,0,0,0
BL-11315,AUS-01,baseline,0,2025-02-07T14:11:45,2025-02-07T16:11:45,Swing,Store replen,4,0,0,105.5,1,0,0
BL-11316,AUS-01,baseline,0,2025-02-07T14:47:19,2025-02-07T16:47:19,Swing,DTC web,4,0,0,79.1,0,0,0
BL-11317,AUS-01,baseline,0,2025-02-07T14:50:06,2025-02-07T16:50:06,Swing,Store replen,3,0,0,110.4,0,0,0
BL-11318,AUS-01,baseline,0,2025-02-07T22:31:23,2025-02-08T00:31:23,Night,Marketplace,1,1,0,101.5,0,0,0
BL-11319,AUS-01,baseline,0,2025-02-07T22:13:45,2025-02-08T00:13:45,Night,DTC web,1,0,1,83.6,0,0,0
BL-11320,AUS-01,baseline,0,2025-02-07T22:35:43,2025-02-08T00:35:43,Night,DTC web,7,0,0,127.9,1,1,1
BL-11321,AUS-01,baseline,0,2025-02-07T22:35:45,2025-02-08T00:35:45,Night,DTC web,2,1,0,88.9,0,0,0
BL-11322,AUS-01,baseline,0,2025-02-07T22:47:41,2025-02-08T00:47:41,Night,Marketplace,1,1,0,90.2,0,0,0
BL-11323,EWR-07,baseline,0,2025-02-07T06:51:09,2025-02-07T08:51:09,Days,Marketplace,10,0,0,179.0,0,0,1
BL-11324,EWR-07,baseline,0,2025-02-07T06:38:48,2025-02-07T08:38:48,Days,DTC web,6,0,0,136.1,0,0,1
BL-11325,EWR-07,baseline,0,2025-02-07T14:23:24,2025-02-07T16:23:24,Swing,Store replen,3,0,0,137.9,0,0,1
BL-11326,EWR-07,baseline,0,2025-02-07T14:12:39,2025-02-07T16:12:39,Swing,Marketplace,12,0,0,166.9,1,1,1
BL-11327,EWR-07,baseline,0,2025-02-07T14:22:20,2025-02-07T16:22:20,Swing,DTC web,2,0,0,101.9,1,1,0
BL-11328,EWR-07,baseline,0,2025-02-07T14:50:26,2025-02-07T16:50:26,Swing,Store replen,3,0,0,130.2,0,0,1
BL-11329,EWR-07,baseline,0,2025-02-07T14:40:30,2025-02-07T16:40:30,Swing,DTC web,1,1,0,78.1,0,0,0
BL-11330,EWR-07,baseline,0,2025-02-07T14:24:10,2025-02-07T16:24:10,Swing,DTC web,5,0,0,114.3,1,0,0
BL-11331,EWR-07,baseline,0,2025-02-07T14:47:38,2025-02-07T16:47:38,Swing,Store replen,1,0,0,110.5,0,0,0
BL-11332,EWR-07,baseline,0,2025-02-07T14:42:39,2025-02-07T16:42:39,Swing,DTC web,11,0,0,156.6,0,0,1
BL-11333,EWR-07,baseline,0,2025-02-07T22:41:40,2025-02-08T00:41:40,Night,Marketplace,8,0,0,157.3,0,0,1
BL-11334,EWR-07,baseline,0,2025-02-07T22:09:46,2025-02-08T00:09:46,Night,DTC web,2,1,0,114.7,0,0,0
BL-11335,FNT-12,baseline,0,2025-02-07T06:17:33,2025-02-07T08:17:33,Days,DTC web,5,0,0,120.0,0,0,0
BL-11336,FNT-12,baseline,0,2025-02-07T06:08:31,2025-02-07T08:08:31,Days,Marketplace,8,0,0,117.9,0,0,0
BL-11337,FNT-12,baseline,0,2025-02-07T06:39:11,2025-02-07T08:39:11,Days,DTC web,1,1,0,92.9,1,1,0
BL-11338,FNT-12,baseline,0,2025-02-07T06:08:13,2025-02-07T08:08:13,Days,DTC web,3,0,0,107.3,0,0,0
BL-11339,FNT-12,baseline,0,2025-02-07T06:11:25,2025-02-07T08:11:25,Days,DTC web,3,0,0,95.8,0,0,0
BL-11340,FNT-12,baseline,0,2025-02-07T14:23:10,2025-02-07T16:23:10,Swing,DTC web,2,1,0,93.5,0,0,0
BL-11341,FNT-12,baseline,0,2025-02-07T14:49:27,2025-02-07T16:49:27,Swing,DTC web,3,0,0,113.6,0,0,0
BL-11342,FNT-12,baseline,0,2025-02-07T14:21:40,2025-02-07T16:21:40,Swing,DTC web,2,1,0,105.0,0,0,0
BL-11343,FNT-12,baseline,0,2025-02-07T14:41:04,2025-02-07T16:41:04,Swing,DTC web,10,0,0,164.9,1,1,1
BL-11344,FNT-12,baseline,0,2025-02-07T14:39:24,2025-02-07T16:39:24,Swing,DTC web,1,1,0,90.9,0,0,0
BL-11345,FNT-12,baseline,0,2025-02-07T14:44:02,2025-02-07T16:44:02,Swing,Store replen,1,0,0,94.1,0,0,0
BL-11346,FNT-12,baseline,0,2025-02-07T14:49:01,2025-02-07T16:49:01,Swing,DTC web,5,0,0,117.2,0,0,0
BL-11347,FNT-12,baseline,0,2025-02-07T14:25:13,2025-02-07T16:25:13,Swing,DTC web,2,1,0,101.2,0,0,0
BL-11348,FNT-12,baseline,0,2025-02-07T22:11:45,2025-02-08T00:11:45,Night,DTC web,3,0,0,142.5,0,0,1
BL-11349,FNT-12,baseline,0,2025-02-07T22:40:13,2025-02-08T00:40:13,Night,DTC web,4,0,0,123.2,0,0,1
BL-11350,FNT-12,baseline,0,2025-02-07T22:44:45,2025-02-08T00:44:45,Night,DTC web,5,0,0,155.5,0,0,1
BL-11351,AUS-01,baseline,0,2025-02-08T06:25:37,2025-02-08T08:25:37,Days,Marketplace,2,1,0,90.6,0,0,0
BL-11352,AUS-01,baseline,0,2025-02-08T06:34:00,2025-02-08T08:34:00,Days,DTC web,7,0,0,121.1,0,0,1
BL-11353,AUS-01,baseline,0,2025-02-08T06:15:16,2025-02-08T08:15:16,Days,Store replen,5,0,0,116.8,0,0,0
BL-11354,AUS-01,baseline,0,2025-02-08T14:29:09,2025-02-08T16:29:09,Swing,DTC web,4,0,0,90.8,0,0,0
BL-11355,AUS-01,baseline,0,2025-02-08T14:35:10,2025-02-08T16:35:10,Swing,DTC web,8,0,0,106.5,0,0,0
BL-11356,AUS-01,baseline,0,2025-02-08T22:14:39,2025-02-09T00:14:39,Night,DTC web,3,0,0,102.3,1,1,0
BL-11357,AUS-01,baseline,0,2025-02-08T22:09:16,2025-02-09T00:09:16,Night,Store replen,3,0,0,127.0,0,0,1
BL-11358,EWR-07,baseline,0,2025-02-08T06:39:29,2025-02-08T08:39:29,Days,DTC web,2,1,0,96.8,0,0,0
BL-11359,EWR-07,baseline,0,2025-02-08T06:43:05,2025-02-08T08:43:05,Days,DTC web,5,0,0,143.0,1,1,1
BL-11360,EWR-07,baseline,0,2025-02-08T06:48:04,2025-02-08T08:48:04,Days,DTC web,4,0,0,82.6,0,0,0
BL-11361,EWR-07,baseline,0,2025-02-08T14:44:09,2025-02-08T16:44:09,Swing,DTC web,4,0,0,110.8,0,0,0
BL-11362,EWR-07,baseline,0,2025-02-08T14:08:35,2025-02-08T16:08:35,Swing,DTC web,2,1,0,93.1,0,0,0
BL-11363,EWR-07,baseline,0,2025-02-08T14:43:32,2025-02-08T16:43:32,Swing,Marketplace,14,0,0,173.9,0,0,1
BL-11364,EWR-07,baseline,0,2025-02-08T14:27:19,2025-02-08T16:27:19,Swing,Marketplace,4,0,0,110.2,0,0,0
BL-11365,EWR-07,baseline,0,2025-02-08T14:30:36,2025-02-08T16:30:36,Swing,DTC web,4,0,0,110.2,0,0,0
BL-11366,EWR-07,baseline,0,2025-02-08T14:09:26,2025-02-08T16:09:26,Swing,Store replen,2,0,1,101.5,0,0,0
BL-11367,EWR-07,baseline,0,2025-02-08T22:49:47,2025-02-09T00:49:47,Night,DTC web,1,1,0,97.3,1,1,0
BL-11368,EWR-07,baseline,0,2025-02-08T22:28:22,2025-02-09T00:28:22,Night,DTC web,3,0,0,113.3,0,0,0
BL-11369,FNT-12,baseline,0,2025-02-08T06:16:27,2025-02-08T08:16:27,Days,Store replen,12,0,0,182.6,1,1,1
BL-11370,FNT-12,baseline,0,2025-02-08T06:45:44,2025-02-08T08:45:44,Days,DTC web,3,0,0,110.9,0,0,0
BL-11371,FNT-12,baseline,0,2025-02-08T06:32:30,2025-02-08T08:32:30,Days,DTC web,2,1,0,137.6,0,0,1
BL-11372,FNT-12,baseline,0,2025-02-08T06:49:18,2025-02-08T08:49:18,Days,Marketplace,4,0,0,112.8,0,0,0
BL-11373,FNT-12,baseline,0,2025-02-08T06:51:00,2025-02-08T08:51:00,Days,DTC web,4,0,0,118.4,1,0,0
BL-11374,FNT-12,baseline,0,2025-02-08T06:16:11,2025-02-08T08:16:11,Days,DTC web,4,0,0,113.1,0,0,0
BL-11375,FNT-12,baseline,0,2025-02-08T06:24:48,2025-02-08T08:24:48,Days,Marketplace,6,0,0,128.4,0,0,1
BL-11376,FNT-12,baseline,0,2025-02-08T14:51:36,2025-02-08T16:51:36,Swing,DTC web,2,0,1,92.8,0,0,0
BL-11377,FNT-12,baseline,0,2025-02-08T14:36:43,2025-02-08T16:36:43,Swing,Marketplace,5,0,0,133.5,0,0,1
BL-11378,FNT-12,baseline,0,2025-02-08T14:20:36,2025-02-08T16:20:36,Swing,DTC web,2,0,0,101.6,1,1,0
BL-11379,FNT-12,baseline,0,2025-02-08T14:48:12,2025-02-08T16:48:12,Swing,DTC web,8,0,0,146.8,0,0,1
BL-11380,FNT-12,baseline,0,2025-02-08T14:28:21,2025-02-08T16:28:21,Swing,Store replen,5,0,0,132.0,0,0,1
BL-11381,FNT-12,baseline,0,2025-02-08T14:45:47,2025-02-08T16:45:47,Swing,Marketplace,3,0,1,115.6,0,0,0
BL-11382,FNT-12,baseline,0,2025-02-08T22:51:30,2025-02-09T00:51:30,Night,Marketplace,7,0,0,172.4,0,0,1
BL-11383,FNT-12,baseline,0,2025-02-08T22:39:29,2025-02-09T00:39:29,Night,Marketplace,2,1,0,132.3,0,0,1
BL-11384,FNT-12,baseline,0,2025-02-08T22:16:04,2025-02-09T00:16:04,Night,DTC web,3,0,0,125.6,0,0,1
BL-11385,FNT-12,baseline,0,2025-02-08T22:14:05,2025-02-09T00:14:05,Night,Store replen,7,0,0,173.9,1,1,1
BL-11386,FNT-12,baseline,0,2025-02-08T22:38:09,2025-02-09T00:38:09,Night,DTC web,1,0,0,142.3,1,1,1
BL-11387,FNT-12,baseline,0,2025-02-08T22:27:03,2025-02-09T00:27:03,Night,DTC web,6,0,0,143.6,0,0,1
BL-11388,FNT-12,baseline,0,2025-02-08T22:46:43,2025-02-09T00:46:43,Night,Marketplace,7,0,0,148.4,0,0,1
BL-11389,AUS-01,baseline,0,2025-02-10T06:44:01,2025-02-10T08:44:01,Days,DTC web,1,0,0,70.5,0,0,0
BL-11390,AUS-01,baseline,0,2025-02-10T06:39:32,2025-02-10T08:39:32,Days,Store replen,2,0,0,95.0,0,0,0
BL-11391,AUS-01,baseline,0,2025-02-10T14:30:13,2025-02-10T16:30:13,Swing,DTC web,3,0,0,137.3,1,0,1
BL-11392,AUS-01,baseline,0,2025-02-10T14:31:20,2025-02-10T16:31:20,Swing,DTC web,1,1,0,77.9,0,0,0
BL-11393,AUS-01,baseline,0,2025-02-10T14:44:09,2025-02-10T16:44:09,Swing,Marketplace,2,1,0,76.4,0,0,0
BL-11394,AUS-01,baseline,0,2025-02-10T14:27:34,2025-02-10T16:27:34,Swing,DTC web,8,0,0,128.5,0,0,1
BL-11395,AUS-01,baseline,0,2025-02-10T14:39:21,2025-02-10T16:39:21,Swing,Marketplace,2,1,0,87.6,1,1,0
BL-11396,AUS-01,baseline,0,2025-02-10T22:21:04,2025-02-11T00:21:04,Night,DTC web,2,1,0,101.7,0,0,0
BL-11397,AUS-01,baseline,0,2025-02-10T22:15:15,2025-02-11T00:15:15,Night,Marketplace,3,0,0,92.1,0,0,0
BL-11398,AUS-01,baseline,0,2025-02-10T22:08:04,2025-02-11T00:08:04,Night,DTC web,5,0,0,117.8,1,0,0
BL-11399,AUS-01,baseline,0,2025-02-10T22:14:30,2025-02-11T00:14:30,Night,Store replen,2,0,0,97.9,1,1,0
BL-11400,AUS-01,baseline,0,2025-02-10T22:11:16,2025-02-11T00:11:16,Night,DTC web,2,1,0,84.5,0,0,0
BL-11401,AUS-01,baseline,0,2025-02-10T22:19:30,2025-02-11T00:19:30,Night,DTC web,2,1,0,92.2,0,0,0
BL-11402,AUS-01,baseline,0,2025-02-10T22:29:16,2025-02-11T00:29:16,Night,DTC web,8,0,0,125.9,0,0,1
BL-11403,AUS-01,baseline,0,2025-02-10T22:42:11,2025-02-11T00:42:11,Night,Marketplace,2,0,0,119.8,0,0,0
BL-11404,EWR-07,baseline,0,2025-02-10T06:48:44,2025-02-10T08:48:44,Days,DTC web,6,0,0,107.7,0,0,0
BL-11405,EWR-07,baseline,0,2025-02-10T06:28:40,2025-02-10T08:28:40,Days,DTC web,8,0,0,141.2,0,0,1
BL-11406,EWR-07,baseline,0,2025-02-10T06:14:04,2025-02-10T08:14:04,Days,DTC web,6,0,0,124.2,1,1,1
BL-11407,EWR-07,baseline,0,2025-02-10T06:50:01,2025-02-10T08:50:01,Days,Marketplace,3,0,0,87.2,0,0,0
BL-11408,EWR-07,baseline,0,2025-02-10T14:36:13,2025-02-10T16:36:13,Swing,DTC web,3,0,0,94.8,0,0,0
BL-11409,EWR-07,baseline,0,2025-02-10T14:46:25,2025-02-10T16:46:25,Swing,DTC web,2,0,0,104.6,0,0,0
BL-11410,EWR-07,baseline,0,2025-02-10T14:11:30,2025-02-10T16:11:30,Swing,Marketplace,4,0,0,107.1,0,0,0
BL-11411,EWR-07,baseline,0,2025-02-10T14:17:48,2025-02-10T16:17:48,Swing,DTC web,1,1,0,87.8,0,0,0
BL-11412,EWR-07,baseline,0,2025-02-10T14:44:19,2025-02-10T16:44:19,Swing,DTC web,5,0,0,126.9,0,0,1
BL-11413,EWR-07,baseline,0,2025-02-10T14:29:11,2025-02-10T16:29:11,Swing,DTC web,1,0,0,87.6,0,0,0
BL-11414,EWR-07,baseline,0,2025-02-10T14:21:08,2025-02-10T16:21:08,Swing,DTC web,2,1,0,103.5,1,0,0
BL-11415,EWR-07,baseline,0,2025-02-10T14:44:47,2025-02-10T16:44:47,Swing,Marketplace,2,1,0,109.3,0,0,0
BL-11416,EWR-07,baseline,0,2025-02-10T22:11:02,2025-02-11T00:11:02,Night,DTC web,10,0,0,163.1,1,0,1
BL-11417,EWR-07,baseline,0,2025-02-10T22:30:12,2025-02-11T00:30:12,Night,DTC web,1,1,0,102.8,0,0,0
BL-11418,FNT-12,baseline,0,2025-02-10T06:31:09,2025-02-10T08:31:09,Days,DTC web,2,1,0,134.4,1,0,1
BL-11419,FNT-12,baseline,0,2025-02-10T06:27:07,2025-02-10T08:27:07,Days,Store replen,6,0,0,127.9,0,0,1
BL-11420,FNT-12,baseline,0,2025-02-10T06:41:01,2025-02-10T08:41:01,Days,DTC web,3,0,0,101.4,0,0,0
BL-11421,FNT-12,baseline,0,2025-02-10T06:49:04,2025-02-10T08:49:04,Days,Store replen,6,0,0,120.5,0,0,1
BL-11422,FNT-12,baseline,0,2025-02-10T06:29:37,2025-02-10T08:29:37,Days,Marketplace,8,0,1,127.1,0,0,1
BL-11423,FNT-12,baseline,0,2025-02-10T14:14:02,2025-02-10T16:14:02,Swing,DTC web,1,1,0,108.7,1,1,0
BL-11424,FNT-12,baseline,0,2025-02-10T14:13:27,2025-02-10T16:13:27,Swing,Store replen,4,0,0,138.5,0,0,1
BL-11425,FNT-12,baseline,0,2025-02-10T14:36:37,2025-02-10T16:36:37,Swing,Store replen,1,0,0,100.8,0,0,0
BL-11426,FNT-12,baseline,0,2025-02-10T14:42:28,2025-02-10T16:42:28,Swing,DTC web,2,0,0,94.5,0,0,0
BL-11427,FNT-12,baseline,0,2025-02-10T14:46:01,2025-02-10T16:46:01,Swing,DTC web,2,1,0,109.8,1,1,0
BL-11428,FNT-12,baseline,0,2025-02-10T14:08:07,2025-02-10T16:08:07,Swing,DTC web,3,0,0,106.1,1,0,0
BL-11429,FNT-12,baseline,0,2025-02-10T22:47:47,2025-02-11T00:47:47,Night,DTC web,2,1,0,134.8,1,0,1
BL-11430,FNT-12,baseline,0,2025-02-10T22:41:48,2025-02-11T00:41:48,Night,DTC web,9,0,0,189.1,0,0,1
BL-11431,FNT-12,baseline,0,2025-02-10T22:14:21,2025-02-11T00:14:21,Night,Store replen,6,0,0,180.9,2,1,1
BL-11432,FNT-12,baseline,0,2025-02-10T22:44:03,2025-02-11T00:44:03,Night,DTC web,2,1,0,117.7,0,0,0
BL-11433,FNT-12,baseline,0,2025-02-10T22:33:36,2025-02-11T00:33:36,Night,DTC web,5,0,0,161.2,0,0,1
BL-11434,AUS-01,baseline,0,2025-02-11T06:27:26,2025-02-11T08:27:26,Days,DTC web,5,0,0,101.7,0,0,0
BL-11435,AUS-01,baseline,0,2025-02-11T06:19:24,2025-02-11T08:19:24,Days,Marketplace,4,0,0,113.8,1,1,0
BL-11436,AUS-01,baseline,0,2025-02-11T06:28:45,2025-02-11T08:28:45,Days,DTC web,9,0,0,141.4,0,0,1
BL-11437,AUS-01,baseline,0,2025-02-11T06:09:16,2025-02-11T08:09:16,Days,DTC web,4,0,0,86.3,0,0,0
BL-11438,AUS-01,baseline,0,2025-02-11T14:22:18,2025-02-11T16:22:18,Swing,Marketplace,1,1,0,72.3,0,0,0
BL-11439,AUS-01,baseline,0,2025-02-11T14:37:21,2025-02-11T16:37:21,Swing,DTC web,5,0,0,75.9,0,0,0
BL-11440,AUS-01,baseline,0,2025-02-11T14:26:33,2025-02-11T16:26:33,Swing,DTC web,1,1,0,81.8,0,0,0
BL-11441,AUS-01,baseline,0,2025-02-11T14:47:30,2025-02-11T16:47:30,Swing,Store replen,4,0,0,81.2,0,0,0
BL-11442,AUS-01,baseline,0,2025-02-11T14:39:05,2025-02-11T16:39:05,Swing,DTC web,8,0,0,115.4,0,0,0
BL-11443,AUS-01,baseline,0,2025-02-11T14:34:39,2025-02-11T16:34:39,Swing,DTC web,4,0,0,104.2,0,0,0
BL-11444,AUS-01,baseline,0,2025-02-11T22:47:25,2025-02-12T00:47:25,Night,Store replen,2,0,0,97.2,0,0,0
BL-11445,AUS-01,baseline,0,2025-02-11T22:10:37,2025-02-12T00:10:37,Night,Store replen,9,0,0,144.9,0,0,1
BL-11446,AUS-01,baseline,0,2025-02-11T22:17:25,2025-02-12T00:17:25,Night,DTC web,2,1,0,85.1,0,0,0
BL-11447,AUS-01,baseline,0,2025-02-11T22:39:43,2025-02-12T00:39:43,Night,DTC web,5,0,0,103.2,0,0,0
BL-11448,AUS-01,baseline,0,2025-02-11T22:40:41,2025-02-12T00:40:41,Night,DTC web,3,0,0,101.6,1,0,0
BL-11449,AUS-01,baseline,0,2025-02-11T22:46:44,2025-02-12T00:46:44,Night,Marketplace,6,0,1,115.4,1,1,0
BL-11450,AUS-01,baseline,0,2025-02-11T22:09:41,2025-02-12T00:09:41,Night,Marketplace,2,1,0,75.7,0,0,0
BL-11451,AUS-01,baseline,0,2025-02-11T22:14:07,2025-02-12T00:14:07,Night,Store replen,3,0,0,107.2,1,1,0
BL-11452,EWR-07,baseline,0,2025-02-11T06:50:15,2025-02-11T08:50:15,Days,DTC web,4,0,0,120.7,0,0,1
BL-11453,EWR-07,baseline,0,2025-02-11T06:51:26,2025-02-11T08:51:26,Days,Store replen,1,0,0,101.1,0,0,0
BL-11454,EWR-07,baseline,0,2025-02-11T06:17:12,2025-02-11T08:17:12,Days,Marketplace,3,0,0,85.9,0,0,0
BL-11455,EWR-07,baseline,0,2025-02-11T06:46:27,2025-02-11T08:46:27,Days,DTC web,2,0,0,122.5,1,1,1
BL-11456,EWR-07,baseline,0,2025-02-11T14:43:49,2025-02-11T16:43:49,Swing,DTC web,3,0,0,120.0,0,0,0
BL-11457,EWR-07,baseline,0,2025-02-11T14:29:24,2025-02-11T16:29:24,Swing,Store replen,9,0,0,181.8,0,0,1
BL-11458,EWR-07,baseline,0,2025-02-11T14:27:37,2025-02-11T16:27:37,Swing,Store replen,6,0,0,145.2,0,0,1
BL-11459,EWR-07,baseline,0,2025-02-11T14:26:25,2025-02-11T16:26:25,Swing,Store replen,2,0,0,115.3,1,1,0
BL-11460,EWR-07,baseline,0,2025-02-11T22:19:15,2025-02-12T00:19:15,Night,DTC web,1,1,0,114.1,0,0,0
BL-11461,EWR-07,baseline,0,2025-02-11T22:49:41,2025-02-12T00:49:41,Night,Store replen,5,0,0,130.4,0,0,1
BL-11462,EWR-07,baseline,0,2025-02-11T22:35:43,2025-02-12T00:35:43,Night,Marketplace,6,0,0,143.1,0,0,1
BL-11463,EWR-07,baseline,0,2025-02-11T22:18:47,2025-02-12T00:18:47,Night,DTC web,3,0,0,109.4,0,0,0
BL-11464,EWR-07,baseline,0,2025-02-11T22:47:27,2025-02-12T00:47:27,Night,Marketplace,1,1,0,86.3,0,0,0
BL-11465,EWR-07,baseline,0,2025-02-11T22:08:43,2025-02-12T00:08:43,Night,Marketplace,2,1,0,99.2,0,0,0
BL-11466,FNT-12,baseline,0,2025-02-11T06:24:42,2025-02-11T08:24:42,Days,DTC web,2,1,0,95.6,0,0,0
BL-11467,FNT-12,baseline,0,2025-02-11T06:19:30,2025-02-11T08:19:30,Days,DTC web,5,0,1,132.0,1,0,1
BL-11468,FNT-12,baseline,0,2025-02-11T06:28:20,2025-02-11T08:28:20,Days,DTC web,5,0,0,129.9,0,0,1
BL-11469,FNT-12,baseline,0,2025-02-11T06:20:13,2025-02-11T08:20:13,Days,Marketplace,2,1,0,104.2,0,0,0
BL-11470,FNT-12,baseline,0,2025-02-11T06:12:16,2025-02-11T08:12:16,Days,Marketplace,4,0,0,117.4,0,0,0
BL-11471,FNT-12,baseline,0,2025-02-11T06:12:39,2025-02-11T08:12:39,Days,Marketplace,6,0,0,109.7,0,0,0
BL-11472,FNT-12,baseline,0,2025-02-11T06:25:35,2025-02-11T08:25:35,Days,Marketplace,2,1,0,85.6,0,0,0
BL-11473,FNT-12,baseline,0,2025-02-11T06:28:21,2025-02-11T08:28:21,Days,DTC web,2,1,0,98.2,1,1,0
BL-11474,FNT-12,baseline,0,2025-02-11T14:43:36,2025-02-11T16:43:36,Swing,DTC web,6,0,0,134.3,1,1,1
BL-11475,FNT-12,baseline,0,2025-02-11T14:37:14,2025-02-11T16:37:14,Swing,Store replen,3,0,0,119.2,1,1,0
BL-11476,FNT-12,baseline,0,2025-02-11T14:17:41,2025-02-11T16:17:41,Swing,Marketplace,2,1,0,109.6,0,0,0
BL-11477,FNT-12,baseline,0,2025-02-11T14:29:43,2025-02-11T16:29:43,Swing,DTC web,1,1,0,77.3,0,0,0
BL-11478,FNT-12,baseline,0,2025-02-11T14:13:31,2025-02-11T16:13:31,Swing,DTC web,2,1,0,102.4,0,0,0
BL-11479,FNT-12,baseline,0,2025-02-11T14:17:18,2025-02-11T16:17:18,Swing,Store replen,4,0,0,124.0,0,0,1
BL-11480,FNT-12,baseline,0,2025-02-11T14:48:13,2025-02-11T16:48:13,Swing,DTC web,3,0,0,125.9,0,0,1
BL-11481,FNT-12,baseline,0,2025-02-11T14:30:17,2025-02-11T16:30:17,Swing,DTC web,5,0,0,142.9,0,0,1
BL-11482,FNT-12,baseline,0,2025-02-11T14:23:15,2025-02-11T16:23:15,Swing,DTC web,1,1,0,86.2,1,0,0
BL-11483,FNT-12,baseline,0,2025-02-11T14:21:08,2025-02-11T16:21:08,Swing,Marketplace,4,0,0,111.6,0,0,0
BL-11484,FNT-12,baseline,0,2025-02-11T14:15:22,2025-02-11T16:15:22,Swing,Store replen,2,0,0,109.2,0,0,0
BL-11485,FNT-12,baseline,0,2025-02-11T22:49:49,2025-02-12T00:49:49,Night,DTC web,2,1,0,120.8,0,0,1
BL-11486,FNT-12,baseline,0,2025-02-11T22:23:07,2025-02-12T00:23:07,Night,DTC web,1,1,0,113.9,0,0,0
BL-11487,FNT-12,baseline,0,2025-02-11T22:47:01,2025-02-12T00:47:01,Night,Store replen,5,0,0,173.3,1,1,1
BL-11488,FNT-12,baseline,0,2025-02-11T22:47:31,2025-02-12T00:47:31,Night,Store replen,6,0,0,161.0,0,0,1
BL-11489,FNT-12,baseline,0,2025-02-11T22:48:03,2025-02-12T00:48:03,Night,Store replen,11,0,0,198.9,1,1,1
BL-11490,AUS-01,baseline,0,2025-02-12T06:18:25,2025-02-12T08:18:25,Days,Marketplace,6,0,1,95.2,0,0,0
BL-11491,AUS-01,baseline,0,2025-02-12T06:32:35,2025-02-12T08:32:35,Days,Marketplace,7,0,0,112.9,0,0,0
BL-11492,AUS-01,baseline,0,2025-02-12T06:18:06,2025-02-12T08:18:06,Days,DTC web,4,0,0,85.1,0,0,0
BL-11493,AUS-01,baseline,0,2025-02-12T06:14:14,2025-02-12T08:14:14,Days,Marketplace,6,0,0,112.4,0,0,0
BL-11494,AUS-01,baseline,0,2025-02-12T14:42:02,2025-02-12T16:42:02,Swing,Marketplace,5,0,0,96.0,0,0,0
BL-11495,AUS-01,baseline,0,2025-02-12T14:19:45,2025-02-12T16:19:45,Swing,DTC web,3,0,0,84.9,1,1,0
BL-11496,AUS-01,baseline,0,2025-02-12T14:25:07,2025-02-12T16:25:07,Swing,DTC web,4,0,1,106.2,0,0,0
BL-11497,AUS-01,baseline,0,2025-02-12T22:09:34,2025-02-13T00:09:34,Night,Marketplace,8,0,0,119.8,0,0,0
BL-11498,AUS-01,baseline,0,2025-02-12T22:33:43,2025-02-13T00:33:43,Night,Store replen,2,0,0,89.1,1,1,0
BL-11499,EWR-07,baseline,0,2025-02-12T06:40:10,2025-02-12T08:40:10,Days,Store replen,3,0,0,118.3,0,0,0
BL-11500,EWR-07,baseline,0,2025-02-12T06:18:24,2025-02-12T08:18:24,Days,Marketplace,2,1,0,83.7,0,0,0
BL-11501,EWR-07,baseline,0,2025-02-12T06:19:01,2025-02-12T08:19:01,Days,DTC web,5,0,0,116.5,0,0,0
BL-11502,EWR-07,baseline,0,2025-02-12T06:38:15,2025-02-12T08:38:15,Days,DTC web,1,1,0,87.4,0,0,0
BL-11503,EWR-07,baseline,0,2025-02-12T06:48:05,2025-02-12T08:48:05,Days,DTC web,7,0,0,146.9,1,1,1
BL-11504,EWR-07,baseline,0,2025-02-12T06:15:46,2025-02-12T08:15:46,Days,DTC web,2,1,0,98.5,0,0,0
BL-11505,EWR-07,baseline,0,2025-02-12T06:13:10,2025-02-12T08:13:10,Days,DTC web,1,1,0,113.1,0,0,0
BL-11506,EWR-07,baseline,0,2025-02-12T06:41:22,2025-02-12T08:41:22,Days,DTC web,4,0,0,114.1,0,0,0
BL-11507,EWR-07,baseline,0,2025-02-12T06:41:48,2025-02-12T08:41:48,Days,Store replen,3,0,0,123.1,0,0,1
BL-11508,EWR-07,baseline,0,2025-02-12T06:41:21,2025-02-12T08:41:21,Days,DTC web,1,1,0,90.6,0,0,0
BL-11509,EWR-07,baseline,0,2025-02-12T14:25:13,2025-02-12T16:25:13,Swing,Store replen,4,0,0,128.3,0,0,1
BL-11510,EWR-07,baseline,0,2025-02-12T14:42:24,2025-02-12T16:42:24,Swing,DTC web,2,1,0,83.6,0,0,0
BL-11511,EWR-07,baseline,0,2025-02-12T14:43:07,2025-02-12T16:43:07,Swing,DTC web,7,0,0,122.0,0,0,1
BL-11512,EWR-07,baseline,0,2025-02-12T14:40:08,2025-02-12T16:40:08,Swing,DTC web,3,0,0,116.6,0,0,0
BL-11513,EWR-07,baseline,0,2025-02-12T14:44:19,2025-02-12T16:44:19,Swing,DTC web,2,1,0,84.7,0,0,0
BL-11514,EWR-07,baseline,0,2025-02-12T14:41:21,2025-02-12T16:41:21,Swing,Store replen,1,0,0,96.7,1,0,0
BL-11515,EWR-07,baseline,0,2025-02-12T14:28:18,2025-02-12T16:28:18,Swing,DTC web,4,0,0,100.0,0,0,0
BL-11516,EWR-07,baseline,0,2025-02-12T22:49:22,2025-02-13T00:49:22,Night,DTC web,1,0,0,99.1,0,0,0
BL-11517,EWR-07,baseline,0,2025-02-12T22:38:19,2025-02-13T00:38:19,Night,Store replen,5,0,0,140.8,0,0,1
BL-11518,EWR-07,baseline,0,2025-02-12T22:48:23,2025-02-13T00:48:23,Night,DTC web,5,0,0,115.6,0,0,0
BL-11519,EWR-07,baseline,0,2025-02-12T22:18:21,2025-02-13T00:18:21,Night,DTC web,5,0,0,109.9,0,0,0
BL-11520,EWR-07,baseline,0,2025-02-12T22:23:38,2025-02-13T00:23:38,Night,DTC web,5,0,0,100.5,0,0,0
BL-11521,EWR-07,baseline,0,2025-02-12T22:40:32,2025-02-13T00:40:32,Night,Marketplace,9,0,0,168.4,2,1,1
BL-11522,EWR-07,baseline,0,2025-02-12T22:32:43,2025-02-13T00:32:43,Night,Store replen,6,0,0,130.3,0,0,1
BL-11523,FNT-12,baseline,0,2025-02-12T06:09:33,2025-02-12T08:09:33,Days,DTC web,2,0,1,82.9,0,0,0
BL-11524,FNT-12,baseline,0,2025-02-12T06:17:21,2025-02-12T08:17:21,Days,DTC web,9,0,0,134.7,1,0,1
BL-11525,FNT-12,baseline,0,2025-02-12T06:42:41,2025-02-12T08:42:41,Days,Marketplace,2,0,0,93.3,1,1,0
BL-11526,FNT-12,baseline,0,2025-02-12T06:38:14,2025-02-12T08:38:14,Days,DTC web,6,0,0,150.7,1,1,1
BL-11527,FNT-12,baseline,0,2025-02-12T06:23:05,2025-02-12T08:23:05,Days,DTC web,1,1,0,88.1,0,0,0
BL-11528,FNT-12,baseline,0,2025-02-12T06:36:43,2025-02-12T08:36:43,Days,Store replen,2,0,0,109.7,0,0,0
BL-11529,FNT-12,baseline,0,2025-02-12T14:36:01,2025-02-12T16:36:01,Swing,DTC web,2,1,0,87.0,0,0,0
BL-11530,FNT-12,baseline,0,2025-02-12T14:10:36,2025-02-12T16:10:36,Swing,DTC web,3,0,0,98.1,0,0,0
BL-11531,FNT-12,baseline,0,2025-02-12T14:08:22,2025-02-12T16:08:22,Swing,DTC web,1,1,0,76.0,0,0,0
BL-11532,FNT-12,baseline,0,2025-02-12T14:11:03,2025-02-12T16:11:03,Swing,Store replen,4,0,0,130.1,0,0,1
BL-11533,FNT-12,baseline,0,2025-02-12T14:32:27,2025-02-12T16:32:27,Swing,DTC web,5,0,0,119.8,0,0,0
BL-11534,FNT-12,baseline,0,2025-02-12T22:34:09,2025-02-13T00:34:09,Night,DTC web,2,1,0,112.1,0,0,0
BL-11535,FNT-12,baseline,0,2025-02-12T22:27:49,2025-02-13T00:27:49,Night,DTC web,1,1,0,113.7,0,0,0
BL-11536,FNT-12,baseline,0,2025-02-12T22:18:35,2025-02-13T00:18:35,Night,Marketplace,2,1,0,102.3,0,0,0
BL-11537,FNT-12,baseline,0,2025-02-12T22:51:12,2025-02-13T00:51:12,Night,DTC web,13,0,0,224.5,1,1,1
BL-11538,FNT-12,baseline,0,2025-02-12T22:19:06,2025-02-13T00:19:06,Night,Store replen,1,0,0,143.4,0,0,1
BL-11539,FNT-12,baseline,0,2025-02-12T22:34:20,2025-02-13T00:34:20,Night,Marketplace,3,0,0,133.5,0,0,1
BL-11540,AUS-01,baseline,0,2025-02-13T06:29:13,2025-02-13T08:29:13,Days,Marketplace,5,0,0,121.5,0,0,1
BL-11541,AUS-01,baseline,0,2025-02-13T06:11:05,2025-02-13T08:11:05,Days,Marketplace,3,0,0,83.9,1,1,0
BL-11542,AUS-01,baseline,0,2025-02-13T06:45:01,2025-02-13T08:45:01,Days,Store replen,5,0,0,134.9,1,0,1
BL-11543,AUS-01,baseline,0,2025-02-13T06:17:40,2025-02-13T08:17:40,Days,DTC web,3,0,0,87.8,0,0,0
BL-11544,AUS-01,baseline,0,2025-02-13T06:36:42,2025-02-13T08:36:42,Days,DTC web,7,0,0,105.7,0,0,0
BL-11545,AUS-01,baseline,0,2025-02-13T14:15:30,2025-02-13T16:15:30,Swing,Store replen,3,0,0,100.5,1,1,0
BL-11546,AUS-01,baseline,0,2025-02-13T14:49:07,2025-02-13T16:49:07,Swing,DTC web,2,1,0,72.5,0,0,0
BL-11547,AUS-01,baseline,0,2025-02-13T22:19:31,2025-02-14T00:19:31,Night,DTC web,2,1,0,79.5,0,0,0
BL-11548,AUS-01,baseline,0,2025-02-13T22:35:09,2025-02-14T00:35:09,Night,Store replen,7,0,0,114.1,0,0,0
BL-11549,AUS-01,baseline,0,2025-02-13T22:50:10,2025-02-14T00:50:10,Night,DTC web,9,0,0,125.7,0,0,1
BL-11550,AUS-01,baseline,0,2025-02-13T22:42:11,2025-02-14T00:42:11,Night,Marketplace,1,0,0,78.6,0,0,0
BL-11551,EWR-07,baseline,0,2025-02-13T06:29:03,2025-02-13T08:29:03,Days,DTC web,3,0,0,99.4,0,0,0
BL-11552,EWR-07,baseline,0,2025-02-13T06:29:18,2025-02-13T08:29:18,Days,Marketplace,4,0,0,100.7,0,0,0
BL-11553,EWR-07,baseline,0,2025-02-13T06:34:36,2025-02-13T08:34:36,Days,Marketplace,3,0,0,114.6,1,1,0
BL-11554,EWR-07,baseline,0,2025-02-13T06:50:04,2025-02-13T08:50:04,Days,DTC web,2,1,0,106.1,1,1,0
BL-11555,EWR-07,baseline,0,2025-02-13T06:47:36,2025-02-13T08:47:36,Days,DTC web,5,0,0,120.7,0,0,1
BL-11556,EWR-07,baseline,0,2025-02-13T06:42:22,2025-02-13T08:42:22,Days,DTC web,1,1,0,91.8,0,0,0
BL-11557,EWR-07,baseline,0,2025-02-13T06:42:26,2025-02-13T08:42:26,Days,DTC web,3,0,0,110.2,0,0,0
BL-11558,EWR-07,baseline,0,2025-02-13T14:51:48,2025-02-13T16:51:48,Swing,Marketplace,3,0,0,90.3,0,0,0
BL-11559,EWR-07,baseline,0,2025-02-13T14:17:30,2025-02-13T16:17:30,Swing,DTC web,4,0,0,127.3,0,0,1
BL-11560,EWR-07,baseline,0,2025-02-13T14:34:47,2025-02-13T16:34:47,Swing,DTC web,2,1,0,101.2,0,0,0
BL-11561,EWR-07,baseline,0,2025-02-13T14:30:23,2025-02-13T16:30:23,Swing,Marketplace,4,0,0,106.7,0,0,0
BL-11562,EWR-07,baseline,0,2025-02-13T14:34:09,2025-02-13T16:34:09,Swing,Marketplace,5,0,0,104.7,0,0,0
BL-11563,EWR-07,baseline,0,2025-02-13T22:09:39,2025-02-14T00:09:39,Night,DTC web,6,0,0,129.1,0,0,1
BL-11564,EWR-07,baseline,0,2025-02-13T22:23:20,2025-02-14T00:23:20,Night,DTC web,5,0,0,158.3,1,1,1
BL-11565,EWR-07,baseline,0,2025-02-13T22:09:33,2025-02-14T00:09:33,Night,DTC web,1,1,0,81.3,0,0,0
BL-11566,EWR-07,baseline,0,2025-02-13T22:44:03,2025-02-14T00:44:03,Night,Store replen,5,0,1,166.4,1,1,1
BL-11567,FNT-12,baseline,0,2025-02-13T06:37:45,2025-02-13T08:37:45,Days,Marketplace,2,0,1,92.1,0,0,0
BL-11568,FNT-12,baseline,0,2025-02-13T06:23:32,2025-02-13T08:23:32,Days,Marketplace,8,0,0,137.8,0,0,1
BL-11569,FNT-12,baseline,0,2025-02-13T06:51:22,2025-02-13T08:51:22,Days,Marketplace,8,0,0,154.8,0,0,1
BL-11570,FNT-12,baseline,0,2025-02-13T14:14:25,2025-02-13T16:14:25,Swing,Store replen,1,0,0,111.4,0,0,0
BL-11571,FNT-12,baseline,0,2025-02-13T14:44:42,2025-02-13T16:44:42,Swing,DTC web,1,0,0,99.2,1,1,0
BL-11572,FNT-12,baseline,0,2025-02-13T14:10:43,2025-02-13T16:10:43,Swing,DTC web,3,0,0,112.0,0,0,0
BL-11573,FNT-12,baseline,0,2025-02-13T14:14:25,2025-02-13T16:14:25,Swing,DTC web,4,0,0,128.9,1,1,1
BL-11574,FNT-12,baseline,0,2025-02-13T14:13:32,2025-02-13T16:13:32,Swing,DTC web,2,0,0,83.0,0,0,0
BL-11575,FNT-12,baseline,0,2025-02-13T14:40:31,2025-02-13T16:40:31,Swing,DTC web,5,0,0,143.9,2,1,1
BL-11576,FNT-12,baseline,0,2025-02-13T22:44:40,2025-02-14T00:44:40,Night,DTC web,3,0,0,126.9,0,0,1
BL-11577,FNT-12,baseline,0,2025-02-13T22:47:03,2025-02-14T00:47:03,Night,DTC web,1,1,0,104.8,0,0,0
BL-11578,FNT-12,baseline,0,2025-02-13T22:43:38,2025-02-14T00:43:38,Night,DTC web,4,0,0,117.4,0,0,0
BL-11579,FNT-12,baseline,0,2025-02-13T22:48:40,2025-02-14T00:48:40,Night,DTC web,1,0,0,124.4,1,1,1
BL-11580,FNT-12,baseline,0,2025-02-13T22:10:31,2025-02-14T00:10:31,Night,DTC web,1,1,0,132.3,0,0,1
BL-11581,FNT-12,baseline,0,2025-02-13T22:44:35,2025-02-14T00:44:35,Night,Marketplace,6,0,0,168.7,0,0,1
BL-11582,FNT-12,baseline,0,2025-02-13T22:09:12,2025-02-14T00:09:12,Night,DTC web,3,0,0,130.6,0,0,1
BL-11583,AUS-01,baseline,0,2025-02-14T06:09:00,2025-02-14T08:09:00,Days,DTC web,2,1,0,92.8,0,0,0
BL-11584,AUS-01,baseline,0,2025-02-14T06:41:45,2025-02-14T08:41:45,Days,DTC web,4,0,0,81.5,0,0,0
BL-11585,AUS-01,baseline,0,2025-02-14T06:41:36,2025-02-14T08:41:36,Days,DTC web,2,0,0,63.9,0,0,0
BL-11586,AUS-01,baseline,0,2025-02-14T06:28:27,2025-02-14T08:28:27,Days,Store replen,2,0,0,72.9,1,1,0
BL-11587,AUS-01,baseline,0,2025-02-14T14:42:36,2025-02-14T16:42:36,Swing,DTC web,3,0,0,90.5,0,0,0
BL-11588,AUS-01,baseline,0,2025-02-14T14:22:45,2025-02-14T16:22:45,Swing,Marketplace,2,1,0,62.8,0,0,0
BL-11589,AUS-01,baseline,0,2025-02-14T14:44:25,2025-02-14T16:44:25,Swing,DTC web,2,0,0,67.6,0,0,0
BL-11590,AUS-01,baseline,0,2025-02-14T22:46:43,2025-02-15T00:46:43,Night,DTC web,7,0,0,140.0,0,0,1
BL-11591,AUS-01,baseline,0,2025-02-14T22:26:18,2025-02-15T00:26:18,Night,DTC web,7,0,0,111.1,1,1,0
BL-11592,AUS-01,baseline,0,2025-02-14T22:08:49,2025-02-15T00:08:49,Night,DTC web,2,1,0,71.8,0,0,0
BL-11593,AUS-01,baseline,0,2025-02-14T22:51:38,2025-02-15T00:51:38,Night,DTC web,1,1,0,121.8,1,1,1
BL-11594,AUS-01,baseline,0,2025-02-14T22:21:13,2025-02-15T00:21:13,Night,DTC web,2,1,0,95.3,0,0,0
BL-11595,EWR-07,baseline,0,2025-02-14T06:47:36,2025-02-14T08:47:36,Days,DTC web,4,0,0,104.8,0,0,0
BL-11596,EWR-07,baseline,0,2025-02-14T06:16:23,2025-02-14T08:16:23,Days,Marketplace,1,1,0,84.6,1,1,0
BL-11597,EWR-07,baseline,0,2025-02-14T06:10:46,2025-02-14T08:10:46,Days,DTC web,3,0,0,118.6,0,0,0
BL-11598,EWR-07,baseline,0,2025-02-14T06:09:41,2025-02-14T08:09:41,Days,DTC web,3,0,0,105.6,0,0,0
BL-11599,EWR-07,baseline,0,2025-02-14T06:34:26,2025-02-14T08:34:26,Days,DTC web,1,1,0,82.8,0,0,0
BL-11600,EWR-07,baseline,0,2025-02-14T06:38:46,2025-02-14T08:38:46,Days,Marketplace,4,0,0,101.6,1,1,0
BL-11601,EWR-07,baseline,0,2025-02-14T06:39:11,2025-02-14T08:39:11,Days,DTC web,1,0,0,68.7,0,0,0
BL-11602,EWR-07,baseline,0,2025-02-14T06:38:23,2025-02-14T08:38:23,Days,Marketplace,2,1,0,93.4,0,0,0
BL-11603,EWR-07,baseline,0,2025-02-14T06:31:27,2025-02-14T08:31:27,Days,Marketplace,8,0,0,151.2,1,1,1
BL-11604,EWR-07,baseline,0,2025-02-14T06:20:32,2025-02-14T08:20:32,Days,DTC web,4,0,0,127.2,0,0,1
BL-11605,EWR-07,baseline,0,2025-02-14T14:13:11,2025-02-14T16:13:11,Swing,Store replen,9,0,0,154.8,0,0,1
BL-11606,EWR-07,baseline,0,2025-02-14T14:37:26,2025-02-14T16:37:26,Swing,Store replen,9,0,0,166.9,0,0,1
BL-11607,EWR-07,baseline,0,2025-02-14T14:12:45,2025-02-14T16:12:45,Swing,DTC web,7,0,0,149.2,1,1,1
BL-11608,EWR-07,baseline,0,2025-02-14T14:47:42,2025-02-14T16:47:42,Swing,Store replen,7,0,0,135.5,0,0,1
BL-11609,EWR-07,baseline,0,2025-02-14T22:14:26,2025-02-15T00:14:26,Night,DTC web,7,0,0,142.6,1,1,1
BL-11610,EWR-07,baseline,0,2025-02-14T22:11:35,2025-02-15T00:11:35,Night,Marketplace,4,0,0,129.4,1,1,1
BL-11611,EWR-07,baseline,0,2025-02-14T22:19:08,2025-02-15T00:19:08,Night,DTC web,1,1,0,84.7,0,0,0
BL-11612,EWR-07,baseline,0,2025-02-14T22:27:30,2025-02-15T00:27:30,Night,Marketplace,4,0,0,101.2,0,0,0
BL-11613,EWR-07,baseline,0,2025-02-14T22:19:42,2025-02-15T00:19:42,Night,Store replen,10,0,0,173.0,0,0,1
BL-11614,EWR-07,baseline,0,2025-02-14T22:48:06,2025-02-15T00:48:06,Night,DTC web,4,0,0,124.8,0,0,1
BL-11615,EWR-07,baseline,0,2025-02-14T22:35:36,2025-02-15T00:35:36,Night,DTC web,2,1,0,101.8,0,0,0
BL-11616,FNT-12,baseline,0,2025-02-14T06:45:26,2025-02-14T08:45:26,Days,Marketplace,4,0,0,126.2,0,0,1
BL-11617,FNT-12,baseline,0,2025-02-14T06:16:02,2025-02-14T08:16:02,Days,DTC web,6,0,0,119.8,0,0,0
BL-11618,FNT-12,baseline,0,2025-02-14T06:25:21,2025-02-14T08:25:21,Days,Marketplace,2,1,0,116.6,1,0,0
BL-11619,FNT-12,baseline,0,2025-02-14T06:36:09,2025-02-14T08:36:09,Days,Store replen,3,0,0,84.5,0,0,0
BL-11620,FNT-12,baseline,0,2025-02-14T06:11:27,2025-02-14T08:11:27,Days,Marketplace,6,0,0,108.5,0,0,0
BL-11621,FNT-12,baseline,0,2025-02-14T14:30:10,2025-02-14T16:30:10,Swing,DTC web,2,1,0,96.9,0,0,0
BL-11622,FNT-12,baseline,0,2025-02-14T14:27:03,2025-02-14T16:27:03,Swing,Marketplace,5,0,0,119.5,0,0,0
BL-11623,FNT-12,baseline,0,2025-02-14T14:16:14,2025-02-14T16:16:14,Swing,Store replen,7,0,0,164.9,0,0,1
BL-11624,FNT-12,baseline,0,2025-02-14T14:51:19,2025-02-14T16:51:19,Swing,DTC web,1,1,0,94.7,0,0,0
BL-11625,FNT-12,baseline,0,2025-02-14T14:45:28,2025-02-14T16:45:28,Swing,Store replen,8,0,0,148.0,0,0,1
BL-11626,FNT-12,baseline,0,2025-02-14T14:25:41,2025-02-14T16:25:41,Swing,DTC web,2,1,0,111.4,0,0,0
BL-11627,FNT-12,baseline,0,2025-02-14T14:47:21,2025-02-14T16:47:21,Swing,DTC web,6,0,0,132.2,0,0,1
BL-11628,FNT-12,baseline,0,2025-02-14T14:43:11,2025-02-14T16:43:11,Swing,Store replen,2,0,1,93.5,0,0,0
BL-11629,FNT-12,baseline,0,2025-02-14T22:42:45,2025-02-15T00:42:45,Night,DTC web,3,0,0,128.0,0,0,1
BL-11630,FNT-12,baseline,0,2025-02-14T22:41:13,2025-02-15T00:41:13,Night,DTC web,2,1,0,112.2,0,0,0
BL-11631,FNT-12,baseline,0,2025-02-14T22:45:44,2025-02-15T00:45:44,Night,DTC web,1,1,0,129.8,0,0,1
BL-11632,FNT-12,baseline,0,2025-02-14T22:26:03,2025-02-15T00:26:03,Night,Store replen,3,0,0,126.2,1,1,1
BL-11633,FNT-12,baseline,0,2025-02-14T22:36:06,2025-02-15T00:36:06,Night,DTC web,4,0,0,124.3,0,0,1
BL-11634,FNT-12,baseline,0,2025-02-14T22:44:21,2025-02-15T00:44:21,Night,DTC web,3,0,0,113.5,0,0,0
BL-11635,FNT-12,baseline,0,2025-02-14T22:42:48,2025-02-15T00:42:48,Night,Marketplace,11,0,0,178.9,0,0,1
BL-11636,AUS-01,baseline,0,2025-02-15T06:32:25,2025-02-15T08:32:25,Days,Marketplace,9,0,0,107.8,0,0,0
BL-11637,AUS-01,baseline,0,2025-02-15T06:10:49,2025-02-15T08:10:49,Days,Marketplace,1,1,0,83.5,0,0,0
BL-11638,AUS-01,baseline,0,2025-02-15T06:43:05,2025-02-15T08:43:05,Days,DTC web,5,0,0,104.7,0,0,0
BL-11639,AUS-01,baseline,0,2025-02-15T06:37:22,2025-02-15T08:37:22,Days,Marketplace,2,1,0,107.6,0,0,0
BL-11640,AUS-01,baseline,0,2025-02-15T06:42:28,2025-02-15T08:42:28,Days,DTC web,9,0,0,119.8,1,0,0
BL-11641,AUS-01,baseline,0,2025-02-15T14:51:22,2025-02-15T16:51:22,Swing,DTC web,1,1,0,76.8,0,0,0
BL-11642,AUS-01,baseline,0,2025-02-15T14:18:26,2025-02-15T16:18:26,Swing,Marketplace,4,0,0,96.7,1,1,0
BL-11643,AUS-01,baseline,0,2025-02-15T22:19:21,2025-02-16T00:19:21,Night,DTC web,9,0,0,121.3,0,0,1
BL-11644,AUS-01,baseline,0,2025-02-15T22:18:09,2025-02-16T00:18:09,Night,Store replen,1,0,1,98.4,0,0,0
BL-11645,AUS-01,baseline,0,2025-02-15T22:12:32,2025-02-16T00:12:32,Night,DTC web,2,1,0,91.0,0,0,0
BL-11646,AUS-01,baseline,0,2025-02-15T22:11:43,2025-02-16T00:11:43,Night,DTC web,1,1,0,71.3,0,0,0
BL-11647,EWR-07,baseline,0,2025-02-15T06:09:22,2025-02-15T08:09:22,Days,DTC web,5,0,0,109.4,0,0,0
BL-11648,EWR-07,baseline,0,2025-02-15T06:49:44,2025-02-15T08:49:44,Days,DTC web,4,0,0,115.9,0,0,0
BL-11649,EWR-07,baseline,0,2025-02-15T06:29:23,2025-02-15T08:29:23,Days,DTC web,6,0,0,114.5,0,0,0
BL-11650,EWR-07,baseline,0,2025-02-15T06:38:05,2025-02-15T08:38:05,Days,Marketplace,2,1,0,122.8,1,1,1
BL-11651,EWR-07,baseline,0,2025-02-15T06:50:26,2025-02-15T08:50:26,Days,DTC web,3,0,0,97.1,1,1,0
BL-11652,EWR-07,baseline,0,2025-02-15T14:09:30,2025-02-15T16:09:30,Swing,Marketplace,1,1,0,73.4,1,1,0
BL-11653,EWR-07,baseline,0,2025-02-15T14:37:13,2025-02-15T16:37:13,Swing,DTC web,2,1,0,89.2,0,0,0
BL-11654,EWR-07,baseline,0,2025-02-15T14:32:40,2025-02-15T16:32:40,Swing,DTC web,11,0,0,156.4,0,0,1
BL-11655,EWR-07,baseline,0,2025-02-15T14:25:36,2025-02-15T16:25:36,Swing,Store replen,10,0,1,160.3,0,0,1
BL-11656,EWR-07,baseline,0,2025-02-15T14:17:10,2025-02-15T16:17:10,Swing,DTC web,3,0,0,83.7,0,0,0
BL-11657,EWR-07,baseline,0,2025-02-15T22:18:30,2025-02-16T00:18:30,Night,Marketplace,3,0,0,114.9,0,0,0
BL-11658,EWR-07,baseline,0,2025-02-15T22:32:22,2025-02-16T00:32:22,Night,DTC web,2,1,0,90.1,0,0,0
BL-11659,EWR-07,baseline,0,2025-02-15T22:42:37,2025-02-16T00:42:37,Night,Store replen,10,0,0,163.0,0,0,1
BL-11660,EWR-07,baseline,0,2025-02-15T22:21:04,2025-02-16T00:21:04,Night,DTC web,5,0,0,131.2,0,0,1
BL-11661,EWR-07,baseline,0,2025-02-15T22:48:18,2025-02-16T00:48:18,Night,DTC web,4,0,0,104.8,0,0,0
BL-11662,EWR-07,baseline,0,2025-02-15T22:10:02,2025-02-16T00:10:02,Night,Store replen,3,0,0,112.6,0,0,0
BL-11663,FNT-12,baseline,0,2025-02-15T06:17:26,2025-02-15T08:17:26,Days,Marketplace,1,1,0,98.8,0,0,0
BL-11664,FNT-12,baseline,0,2025-02-15T06:34:18,2025-02-15T08:34:18,Days,DTC web,7,0,0,132.6,0,0,1
BL-11665,FNT-12,baseline,0,2025-02-15T14:30:21,2025-02-15T16:30:21,Swing,Marketplace,1,1,0,91.0,0,0,0
BL-11666,FNT-12,baseline,0,2025-02-15T14:25:08,2025-02-15T16:25:08,Swing,Store replen,2,0,0,104.0,0,0,0
BL-11667,FNT-12,baseline,0,2025-02-15T14:13:13,2025-02-15T16:13:13,Swing,Marketplace,8,0,0,165.8,1,0,1
BL-11668,FNT-12,baseline,0,2025-02-15T22:38:28,2025-02-16T00:38:28,Night,Marketplace,5,0,0,150.0,0,0,1
BL-11669,FNT-12,baseline,0,2025-02-15T22:41:19,2025-02-16T00:41:19,Night,DTC web,1,1,0,121.6,0,0,1
BL-11670,AUS-01,baseline,0,2025-02-17T06:26:42,2025-02-17T08:26:42,Days,DTC web,3,0,0,89.2,0,0,0
BL-11671,AUS-01,baseline,0,2025-02-17T06:43:44,2025-02-17T08:43:44,Days,Store replen,5,0,0,98.8,0,0,0
BL-11672,AUS-01,baseline,0,2025-02-17T06:38:06,2025-02-17T08:38:06,Days,Marketplace,1,1,0,77.0,0,0,0
BL-11673,AUS-01,baseline,0,2025-02-17T06:27:31,2025-02-17T08:27:31,Days,Marketplace,9,0,0,108.7,0,0,0
BL-11674,AUS-01,baseline,0,2025-02-17T06:31:10,2025-02-17T08:31:10,Days,DTC web,1,0,0,61.6,0,0,0
BL-11675,AUS-01,baseline,0,2025-02-17T14:32:14,2025-02-17T16:32:14,Swing,DTC web,4,0,0,114.1,0,0,0
BL-11676,AUS-01,baseline,0,2025-02-17T14:35:19,2025-02-17T16:35:19,Swing,Marketplace,8,0,0,122.8,0,0,1
BL-11677,AUS-01,baseline,0,2025-02-17T14:25:31,2025-02-17T16:25:31,Swing,DTC web,1,1,0,68.4,0,0,0
BL-11678,AUS-01,baseline,0,2025-02-17T22:15:35,2025-02-18T00:15:35,Night,Marketplace,1,1,0,75.5,0,0,0
BL-11679,AUS-01,baseline,0,2025-02-17T22:31:42,2025-02-18T00:31:42,Night,DTC web,3,0,0,77.7,0,0,0
BL-11680,EWR-07,baseline,0,2025-02-17T06:14:15,2025-02-17T08:14:15,Days,DTC web,2,1,0,99.5,0,0,0
BL-11681,EWR-07,baseline,0,2025-02-17T06:35:18,2025-02-17T08:35:18,Days,Store replen,6,0,0,117.9,0,0,0
BL-11682,EWR-07,baseline,0,2025-02-17T06:45:42,2025-02-17T08:45:42,Days,DTC web,1,1,0,89.2,0,0,0
BL-11683,EWR-07,baseline,0,2025-02-17T06:48:05,2025-02-17T08:48:05,Days,Marketplace,2,1,0,102.5,0,0,0
BL-11684,EWR-07,baseline,0,2025-02-17T06:45:41,2025-02-17T08:45:41,Days,DTC web,7,0,0,126.3,0,0,1
BL-11685,EWR-07,baseline,0,2025-02-17T14:41:47,2025-02-17T16:41:47,Swing,DTC web,1,1,0,82.3,0,0,0
BL-11686,EWR-07,baseline,0,2025-02-17T14:49:17,2025-02-17T16:49:17,Swing,DTC web,1,0,0,125.2,0,0,1
BL-11687,EWR-07,baseline,0,2025-02-17T14:26:10,2025-02-17T16:26:10,Swing,DTC web,6,0,0,130.3,0,0,1
BL-11688,EWR-07,baseline,0,2025-02-17T14:44:14,2025-02-17T16:44:14,Swing,Marketplace,2,1,0,99.2,0,0,0
BL-11689,EWR-07,baseline,0,2025-02-17T14:51:45,2025-02-17T16:51:45,Swing,Store replen,3,0,0,126.0,1,1,1
BL-11690,EWR-07,baseline,0,2025-02-17T14:25:37,2025-02-17T16:25:37,Swing,Store replen,5,0,0,123.0,0,0,1
BL-11691,EWR-07,baseline,0,2025-02-17T14:23:40,2025-02-17T16:23:40,Swing,DTC web,3,0,0,128.5,2,1,1
BL-11692,EWR-07,baseline,0,2025-02-17T22:14:46,2025-02-18T00:14:46,Night,Marketplace,3,0,0,103.1,0,0,0
BL-11693,EWR-07,baseline,0,2025-02-17T22:15:16,2025-02-18T00:15:16,Night,DTC web,2,1,0,119.3,1,1,0
BL-11694,EWR-07,baseline,0,2025-02-17T22:19:36,2025-02-18T00:19:36,Night,DTC web,1,1,0,104.4,0,0,0
BL-11695,EWR-07,baseline,0,2025-02-17T22:42:13,2025-02-18T00:42:13,Night,DTC web,3,0,1,98.9,0,0,0
BL-11696,EWR-07,baseline,0,2025-02-17T22:31:25,2025-02-18T00:31:25,Night,DTC web,6,0,0,153.1,1,1,1
BL-11697,EWR-07,baseline,0,2025-02-17T22:21:45,2025-02-18T00:21:45,Night,DTC web,9,0,0,138.4,0,0,1
BL-11698,EWR-07,baseline,0,2025-02-17T22:20:19,2025-02-18T00:20:19,Night,Store replen,2,0,0,121.1,1,1,1
BL-11699,EWR-07,baseline,0,2025-02-17T22:21:42,2025-02-18T00:21:42,Night,DTC web,2,0,0,110.2,0,0,0
BL-11700,FNT-12,baseline,0,2025-02-17T06:11:47,2025-02-17T08:11:47,Days,Marketplace,4,0,0,116.8,0,0,0
BL-11701,FNT-12,baseline,0,2025-02-17T06:50:11,2025-02-17T08:50:11,Days,Store replen,6,0,0,117.4,0,0,0
BL-11702,FNT-12,baseline,0,2025-02-17T06:33:18,2025-02-17T08:33:18,Days,Store replen,2,0,0,113.0,0,0,0
BL-11703,FNT-12,baseline,0,2025-02-17T06:51:15,2025-02-17T08:51:15,Days,DTC web,8,0,0,118.6,0,0,0
BL-11704,FNT-12,baseline,0,2025-02-17T14:33:21,2025-02-17T16:33:21,Swing,DTC web,5,0,0,146.9,2,1,1
BL-11705,FNT-12,baseline,0,2025-02-17T14:47:05,2025-02-17T16:47:05,Swing,Marketplace,2,1,0,108.2,0,0,0
BL-11706,FNT-12,baseline,0,2025-02-17T14:18:24,2025-02-17T16:18:24,Swing,Marketplace,8,0,0,130.0,0,0,1
BL-11707,FNT-12,baseline,0,2025-02-17T14:13:32,2025-02-17T16:13:32,Swing,DTC web,1,1,0,118.1,1,1,0
BL-11708,FNT-12,baseline,0,2025-02-17T22:19:17,2025-02-18T00:19:17,Night,DTC web,1,1,0,117.5,0,0,0
BL-11709,FNT-12,baseline,0,2025-02-17T22:26:24,2025-02-18T00:26:24,Night,Marketplace,11,0,0,218.6,1,1,1
BL-11710,FNT-12,baseline,0,2025-02-17T22:44:11,2025-02-18T00:44:11,Night,Store replen,4,0,0,137.5,1,1,1
BL-11711,FNT-12,baseline,0,2025-02-17T22:46:04,2025-02-18T00:46:04,Night,DTC web,10,0,1,188.1,0,0,1
BL-11712,FNT-12,baseline,0,2025-02-17T22:38:03,2025-02-18T00:38:03,Night,Marketplace,4,0,0,133.9,1,1,1
BL-11713,FNT-12,baseline,0,2025-02-17T22:11:04,2025-02-18T00:11:04,Night,DTC web,11,0,0,174.1,0,0,1
BL-11714,FNT-12,baseline,0,2025-02-17T22:08:42,2025-02-18T00:08:42,Night,DTC web,5,0,0,155.9,0,0,1
BL-11715,FNT-12,baseline,0,2025-02-17T22:47:49,2025-02-18T00:47:49,Night,DTC web,3,0,0,135.0,0,0,1
BL-11716,AUS-01,baseline,0,2025-02-18T06:20:18,2025-02-18T08:20:18,Days,DTC web,1,1,0,75.1,0,0,0
BL-11717,AUS-01,baseline,0,2025-02-18T06:44:22,2025-02-18T08:44:22,Days,DTC web,4,0,0,93.5,0,0,0
BL-11718,AUS-01,baseline,0,2025-02-18T06:22:44,2025-02-18T08:22:44,Days,DTC web,7,0,0,121.5,0,0,1
BL-11719,AUS-01,baseline,0,2025-02-18T06:17:13,2025-02-18T08:17:13,Days,Store replen,3,0,0,91.8,0,0,0
BL-11720,AUS-01,baseline,0,2025-02-18T06:18:44,2025-02-18T08:18:44,Days,Store replen,13,0,0,172.2,1,0,1
BL-11721,AUS-01,baseline,0,2025-02-18T14:30:32,2025-02-18T16:30:32,Swing,Marketplace,1,0,0,82.9,0,0,0
BL-11722,AUS-01,baseline,0,2025-02-18T14:30:36,2025-02-18T16:30:36,Swing,DTC web,2,1,0,100.0,0,0,0
BL-11723,AUS-01,baseline,0,2025-02-18T14:49:05,2025-02-18T16:49:05,Swing,Marketplace,1,1,0,85.8,0,0,0
BL-11724,AUS-01,baseline,0,2025-02-18T14:11:40,2025-02-18T16:11:40,Swing,Marketplace,2,1,0,82.7,0,0,0
BL-11725,AUS-01,baseline,0,2025-02-18T14:30:08,2025-02-18T16:30:08,Swing,DTC web,5,0,0,115.8,1,1,0
BL-11726,AUS-01,baseline,0,2025-02-18T22:32:26,2025-02-19T00:32:26,Night,DTC web,1,0,0,68.4,0,0,0
BL-11727,AUS-01,baseline,0,2025-02-18T22:44:32,2025-02-19T00:44:32,Night,Store replen,1,0,0,77.9,0,0,0
BL-11728,AUS-01,baseline,0,2025-02-18T22:12:24,2025-02-19T00:12:24,Night,DTC web,3,0,0,86.2,0,0,0
BL-11729,AUS-01,baseline,0,2025-02-18T22:49:39,2025-02-19T00:49:39,Night,DTC web,8,0,0,129.1,0,0,1
BL-11730,EWR-07,baseline,0,2025-02-18T06:22:26,2025-02-18T08:22:26,Days,Marketplace,5,0,0,121.5,1,1,1
BL-11731,EWR-07,baseline,0,2025-02-18T06:37:25,2025-02-18T08:37:25,Days,Marketplace,3,0,0,102.8,0,0,0
BL-11732,EWR-07,baseline,0,2025-02-18T06:19:09,2025-02-18T08:19:09,Days,DTC web,6,0,0,151.4,2,1,1
BL-11733,EWR-07,baseline,0,2025-02-18T06:27:08,2025-02-18T08:27:08,Days,DTC web,1,1,0,111.4,0,0,0
BL-11734,EWR-07,baseline,0,2025-02-18T06:43:21,2025-02-18T08:43:21,Days,Marketplace,5,0,0,113.6,0,0,0
BL-11735,EWR-07,baseline,0,2025-02-18T06:37:49,2025-02-18T08:37:49,Days,DTC web,4,0,0,135.2,1,1,1
BL-11736,EWR-07,baseline,0,2025-02-18T06:40:35,2025-02-18T08:40:35,Days,DTC web,14,0,0,188.6,0,0,1
BL-11737,EWR-07,baseline,0,2025-02-18T06:18:13,2025-02-18T08:18:13,Days,Marketplace,3,0,0,102.9,0,0,0
BL-11738,EWR-07,baseline,0,2025-02-18T06:27:44,2025-02-18T08:27:44,Days,DTC web,2,0,0,105.4,0,0,0
BL-11739,EWR-07,baseline,0,2025-02-18T06:28:12,2025-02-18T08:28:12,Days,DTC web,2,0,0,97.5,0,0,0
BL-11740,EWR-07,baseline,0,2025-02-18T06:08:34,2025-02-18T08:08:34,Days,DTC web,5,0,0,112.2,0,0,0
BL-11741,EWR-07,baseline,0,2025-02-18T06:18:49,2025-02-18T08:18:49,Days,DTC web,6,0,0,138.4,0,0,1
BL-11742,EWR-07,baseline,0,2025-02-18T14:32:41,2025-02-18T16:32:41,Swing,DTC web,4,0,0,108.5,0,0,0
BL-11743,EWR-07,baseline,0,2025-02-18T14:44:30,2025-02-18T16:44:30,Swing,DTC web,5,0,0,111.7,0,0,0
BL-11744,EWR-07,baseline,0,2025-02-18T14:34:06,2025-02-18T16:34:06,Swing,Marketplace,1,0,0,143.1,2,1,1
BL-11745,EWR-07,baseline,0,2025-02-18T22:22:17,2025-02-19T00:22:17,Night,DTC web,11,0,0,160.3,0,0,1
BL-11746,EWR-07,baseline,0,2025-02-18T22:14:48,2025-02-19T00:14:48,Night,Store replen,3,0,0,122.6,0,0,1
BL-11747,EWR-07,baseline,0,2025-02-18T22:44:38,2025-02-19T00:44:38,Night,Marketplace,1,1,0,73.9,0,0,0
BL-11748,EWR-07,baseline,0,2025-02-18T22:45:08,2025-02-19T00:45:08,Night,Marketplace,5,0,0,101.7,0,0,0
BL-11749,EWR-07,baseline,0,2025-02-18T22:22:41,2025-02-19T00:22:41,Night,DTC web,5,0,0,118.1,0,0,0
BL-11750,FNT-12,baseline,0,2025-02-18T06:17:31,2025-02-18T08:17:31,Days,DTC web,3,0,0,95.7,1,1,0
BL-11751,FNT-12,baseline,0,2025-02-18T06:18:22,2025-02-18T08:18:22,Days,DTC web,1,1,0,88.0,0,0,0
BL-11752,FNT-12,baseline,0,2025-02-18T06:45:16,2025-02-18T08:45:16,Days,Marketplace,5,0,0,112.6,0,0,0
BL-11753,FNT-12,baseline,0,2025-02-18T06:47:06,2025-02-18T08:47:06,Days,DTC web,1,1,0,87.1,0,0,0
BL-11754,FNT-12,baseline,0,2025-02-18T06:46:32,2025-02-18T08:46:32,Days,DTC web,1,1,0,91.6,0,0,0
BL-11755,FNT-12,baseline,0,2025-02-18T14:10:24,2025-02-18T16:10:24,Swing,DTC web,6,0,0,145.8,1,1,1
BL-11756,FNT-12,baseline,0,2025-02-18T14:27:14,2025-02-18T16:27:14,Swing,DTC web,2,1,0,114.7,1,1,0
BL-11757,FNT-12,baseline,0,2025-02-18T14:12:42,2025-02-18T16:12:42,Swing,Store replen,5,0,0,129.4,0,0,1
BL-11758,FNT-12,baseline,0,2025-02-18T14:24:14,2025-02-18T16:24:14,Swing,DTC web,4,0,0,117.2,0,0,0
BL-11759,FNT-12,baseline,0,2025-02-18T14:22:03,2025-02-18T16:22:03,Swing,Marketplace,2,1,0,93.9,0,0,0
BL-11760,FNT-12,baseline,0,2025-02-18T14:34:15,2025-02-18T16:34:15,Swing,DTC web,2,0,0,93.8,0,0,0
BL-11761,FNT-12,baseline,0,2025-02-18T14:51:28,2025-02-18T16:51:28,Swing,DTC web,2,1,0,115.6,0,0,0
BL-11762,FNT-12,baseline,0,2025-02-18T14:18:15,2025-02-18T16:18:15,Swing,Marketplace,9,0,0,148.9,0,0,1
BL-11763,FNT-12,baseline,0,2025-02-18T22:28:08,2025-02-19T00:28:08,Night,DTC web,3,0,0,121.4,0,0,1
BL-11764,FNT-12,baseline,0,2025-02-18T22:41:39,2025-02-19T00:41:39,Night,Marketplace,2,0,1,139.3,1,1,1
BL-11765,FNT-12,baseline,0,2025-02-18T22:21:36,2025-02-19T00:21:36,Night,Store replen,7,0,0,184.2,0,0,1
BL-11766,FNT-12,baseline,0,2025-02-18T22:29:37,2025-02-19T00:29:37,Night,Marketplace,5,0,0,164.3,0,0,1
BL-11767,FNT-12,baseline,0,2025-02-18T22:15:17,2025-02-19T00:15:17,Night,Marketplace,4,0,0,155.7,0,0,1
BL-11768,FNT-12,baseline,0,2025-02-18T22:45:31,2025-02-19T00:45:31,Night,DTC web,3,0,0,117.7,0,0,0
BL-11769,AUS-01,baseline,0,2025-02-19T06:42:29,2025-02-19T08:42:29,Days,DTC web,2,1,0,96.5,0,0,0
BL-11770,AUS-01,baseline,0,2025-02-19T06:15:00,2025-02-19T08:15:00,Days,Marketplace,9,0,0,136.3,0,0,1
BL-11771,AUS-01,baseline,0,2025-02-19T06:17:49,2025-02-19T08:17:49,Days,DTC web,4,0,0,102.5,0,0,0
BL-11772,AUS-01,baseline,0,2025-02-19T06:48:08,2025-02-19T08:48:08,Days,Marketplace,2,1,0,81.5,0,0,0
BL-11773,AUS-01,baseline,0,2025-02-19T06:46:23,2025-02-19T08:46:23,Days,DTC web,3,0,0,92.3,0,0,0
BL-11774,AUS-01,baseline,0,2025-02-19T14:08:16,2025-02-19T16:08:16,Swing,DTC web,1,1,0,128.2,0,0,1
BL-11775,AUS-01,baseline,0,2025-02-19T14:16:07,2025-02-19T16:16:07,Swing,Marketplace,5,0,0,96.3,0,0,0
BL-11776,AUS-01,baseline,0,2025-02-19T14:24:33,2025-02-19T16:24:33,Swing,Marketplace,2,1,0,91.7,0,0,0
BL-11777,AUS-01,baseline,0,2025-02-19T22:32:20,2025-02-20T00:32:20,Night,DTC web,4,0,0,91.6,0,0,0
BL-11778,AUS-01,baseline,0,2025-02-19T22:35:04,2025-02-20T00:35:04,Night,DTC web,8,0,0,106.4,0,0,0
BL-11779,EWR-07,baseline,0,2025-02-19T06:43:42,2025-02-19T08:43:42,Days,Store replen,1,0,0,112.7,1,1,0
BL-11780,EWR-07,baseline,0,2025-02-19T06:27:49,2025-02-19T08:27:49,Days,DTC web,3,0,0,89.0,0,0,0
BL-11781,EWR-07,baseline,0,2025-02-19T06:20:12,2025-02-19T08:20:12,Days,DTC web,1,1,0,105.9,0,0,0
BL-11782,EWR-07,baseline,0,2025-02-19T06:27:43,2025-02-19T08:27:43,Days,Store replen,3,0,0,80.2,0,0,0
BL-11783,EWR-07,baseline,0,2025-02-19T06:28:30,2025-02-19T08:28:30,Days,Marketplace,3,0,0,125.3,0,0,1
BL-11784,EWR-07,baseline,0,2025-02-19T06:40:29,2025-02-19T08:40:29,Days,DTC web,1,1,0,79.3,0,0,0
BL-11785,EWR-07,baseline,0,2025-02-19T06:15:10,2025-02-19T08:15:10,Days,Marketplace,2,1,0,91.7,0,0,0
BL-11786,EWR-07,baseline,0,2025-02-19T14:23:32,2025-02-19T16:23:32,Swing,Store replen,8,0,0,173.2,1,1,1
BL-11787,EWR-07,baseline,0,2025-02-19T14:44:46,2025-02-19T16:44:46,Swing,DTC web,2,0,0,116.9,0,0,0
BL-11788,EWR-07,baseline,0,2025-02-19T14:44:28,2025-02-19T16:44:28,Swing,DTC web,5,0,0,121.9,0,0,1
BL-11789,EWR-07,baseline,0,2025-02-19T14:21:38,2025-02-19T16:21:38,Swing,Marketplace,4,0,0,106.7,0,0,0
BL-11790,EWR-07,baseline,0,2025-02-19T14:40:15,2025-02-19T16:40:15,Swing,Store replen,2,0,0,115.1,0,0,0
BL-11791,EWR-07,baseline,0,2025-02-19T14:09:03,2025-02-19T16:09:03,Swing,DTC web,2,0,0,107.7,1,1,0
BL-11792,EWR-07,baseline,0,2025-02-19T14:41:23,2025-02-19T16:41:23,Swing,Marketplace,1,1,0,100.0,2,1,0
BL-11793,EWR-07,baseline,0,2025-02-19T14:09:41,2025-02-19T16:09:41,Swing,DTC web,2,1,0,73.4,0,0,0
BL-11794,EWR-07,baseline,0,2025-02-19T22:36:19,2025-02-20T00:36:19,Night,DTC web,2,0,0,115.1,0,0,0
BL-11795,EWR-07,baseline,0,2025-02-19T22:42:38,2025-02-20T00:42:38,Night,Marketplace,1,1,0,105.1,0,0,0
BL-11796,EWR-07,baseline,0,2025-02-19T22:34:03,2025-02-20T00:34:03,Night,Marketplace,6,0,0,149.0,0,0,1
BL-11797,EWR-07,baseline,0,2025-02-19T22:11:17,2025-02-20T00:11:17,Night,DTC web,1,1,0,97.8,0,0,0
BL-11798,EWR-07,baseline,0,2025-02-19T22:24:27,2025-02-20T00:24:27,Night,Marketplace,4,0,0,117.5,0,0,0
BL-11799,EWR-07,baseline,0,2025-02-19T22:48:43,2025-02-20T00:48:43,Night,DTC web,1,1,0,99.1,0,0,0
BL-11800,EWR-07,baseline,0,2025-02-19T22:40:29,2025-02-20T00:40:29,Night,Store replen,4,0,0,123.3,0,0,1
BL-11801,FNT-12,baseline,0,2025-02-19T06:16:39,2025-02-19T08:16:39,Days,Marketplace,3,0,0,112.4,0,0,0
BL-11802,FNT-12,baseline,0,2025-02-19T06:08:22,2025-02-19T08:08:22,Days,Marketplace,1,1,0,118.7,0,0,0
BL-11803,FNT-12,baseline,0,2025-02-19T14:13:39,2025-02-19T16:13:39,Swing,DTC web,7,0,0,130.1,1,1,1
BL-11804,FNT-12,baseline,0,2025-02-19T14:20:02,2025-02-19T16:20:02,Swing,Marketplace,1,1,0,109.6,0,0,0
BL-11805,FNT-12,baseline,0,2025-02-19T22:14:19,2025-02-20T00:14:19,Night,DTC web,1,0,1,132.5,1,1,1
BL-11806,FNT-12,baseline,0,2025-02-19T22:20:35,2025-02-20T00:20:35,Night,DTC web,3,0,0,124.5,0,0,1
BL-11807,FNT-12,baseline,0,2025-02-19T22:35:15,2025-02-20T00:35:15,Night,DTC web,3,0,0,118.2,1,1,0
BL-11808,AUS-01,baseline,0,2025-02-20T06:21:42,2025-02-20T08:21:42,Days,DTC web,5,0,0,103.7,0,0,0
BL-11809,AUS-01,baseline,0,2025-02-20T06:40:29,2025-02-20T08:40:29,Days,Marketplace,3,0,0,98.0,0,0,0
BL-11810,AUS-01,baseline,0,2025-02-20T06:42:08,2025-02-20T08:42:08,Days,Marketplace,3,0,0,102.6,1,1,0
BL-11811,AUS-01,baseline,0,2025-02-20T06:46:39,2025-02-20T08:46:39,Days,Marketplace,9,0,0,130.2,0,0,1
BL-11812,AUS-01,baseline,0,2025-02-20T06:43:28,2025-02-20T08:43:28,Days,Marketplace,2,1,0,82.1,0,0,0
BL-11813,AUS-01,baseline,0,2025-02-20T14:17:18,2025-02-20T16:17:18,Swing,DTC web,9,0,0,110.2,0,0,0
BL-11814,AUS-01,baseline,0,2025-02-20T14:27:22,2025-02-20T16:27:22,Swing,Store replen,3,0,0,94.9,0,0,0
BL-11815,AUS-01,baseline,0,2025-02-20T14:13:24,2025-02-20T16:13:24,Swing,DTC web,11,0,0,128.0,0,0,1
BL-11816,AUS-01,baseline,0,2025-02-20T14:29:40,2025-02-20T16:29:40,Swing,Marketplace,4,0,0,80.7,0,0,0
BL-11817,AUS-01,baseline,0,2025-02-20T14:43:20,2025-02-20T16:43:20,Swing,Marketplace,4,0,0,106.0,0,0,0
BL-11818,AUS-01,baseline,0,2025-02-20T14:09:13,2025-02-20T16:09:13,Swing,DTC web,1,1,0,66.5,0,0,0
BL-11819,AUS-01,baseline,0,2025-02-20T14:40:27,2025-02-20T16:40:27,Swing,DTC web,3,0,0,81.0,0,0,0
BL-11820,AUS-01,baseline,0,2025-02-20T14:26:24,2025-02-20T16:26:24,Swing,Store replen,1,0,0,78.2,1,0,0
BL-11821,AUS-01,baseline,0,2025-02-20T22:22:03,2025-02-21T00:22:03,Night,DTC web,3,0,0,103.3,0,0,0
BL-11822,AUS-01,baseline,0,2025-02-20T22:23:33,2025-02-21T00:23:33,Night,DTC web,6,0,0,139.0,0,0,1
BL-11823,AUS-01,baseline,0,2025-02-20T22:51:14,2025-02-21T00:51:14,Night,DTC web,3,0,0,94.2,0,0,0
BL-11824,AUS-01,baseline,0,2025-02-20T22:49:03,2025-02-21T00:49:03,Night,DTC web,7,0,0,128.7,0,0,1
BL-11825,AUS-01,baseline,0,2025-02-20T22:19:01,2025-02-21T00:19:01,Night,DTC web,3,0,0,66.1,0,0,0
BL-11826,AUS-01,baseline,0,2025-02-20T22:31:29,2025-02-21T00:31:29,Night,DTC web,1,1,0,73.0,0,0,0
BL-11827,EWR-07,baseline,0,2025-02-20T06:43:25,2025-02-20T08:43:25,Days,DTC web,3,0,0,101.5,0,0,0
BL-11828,EWR-07,baseline,0,2025-02-20T06:41:03,2025-02-20T08:41:03,Days,DTC web,6,0,0,130.5,0,0,1
BL-11829,EWR-07,baseline,0,2025-02-20T06:09:43,2025-02-20T08:09:43,Days,DTC web,4,0,0,117.7,0,0,0
BL-11830,EWR-07,baseline,0,2025-02-20T06:48:37,2025-02-20T08:48:37,Days,Store replen,5,0,0,109.1,0,0,0
BL-11831,EWR-07,baseline,0,2025-02-20T14:34:20,2025-02-20T16:34:20,Swing,DTC web,7,0,0,131.7,0,0,1
BL-11832,EWR-07,baseline,0,2025-02-20T14:38:07,2025-02-20T16:38:07,Swing,Marketplace,1,1,0,98.1,0,0,0
BL-11833,EWR-07,baseline,0,2025-02-20T14:48:15,2025-02-20T16:48:15,Swing,DTC web,3,0,0,108.7,0,0,0
BL-11834,EWR-07,baseline,0,2025-02-20T14:37:36,2025-02-20T16:37:36,Swing,Store replen,1,0,0,99.8,0,0,0
BL-11835,EWR-07,baseline,0,2025-02-20T14:29:34,2025-02-20T16:29:34,Swing,DTC web,2,1,0,97.4,0,0,0
BL-11836,EWR-07,baseline,0,2025-02-20T22:13:15,2025-02-21T00:13:15,Night,Marketplace,4,0,0,114.1,0,0,0
BL-11837,EWR-07,baseline,0,2025-02-20T22:51:31,2025-02-21T00:51:31,Night,Store replen,6,0,0,136.6,0,0,1
BL-11838,FNT-12,baseline,0,2025-02-20T06:31:42,2025-02-20T08:31:42,Days,Marketplace,2,1,0,108.4,0,0,0
BL-11839,FNT-12,baseline,0,2025-02-20T06:23:45,2025-02-20T08:23:45,Days,DTC web,4,0,0,136.8,0,0,1
BL-11840,FNT-12,baseline,0,2025-02-20T06:30:47,2025-02-20T08:30:47,Days,Marketplace,1,0,0,106.7,0,0,0
BL-11841,FNT-12,baseline,0,2025-02-20T06:28:01,2025-02-20T08:28:01,Days,DTC web,7,0,0,157.4,1,1,1
BL-11842,FNT-12,baseline,0,2025-02-20T06:33:43,2025-02-20T08:33:43,Days,Store replen,1,0,1,130.2,2,1,1
BL-11843,FNT-12,baseline,0,2025-02-20T06:22:45,2025-02-20T08:22:45,Days,Store replen,4,0,0,105.9,0,0,0
BL-11844,FNT-12,baseline,0,2025-02-20T06:12:22,2025-02-20T08:12:22,Days,DTC web,8,0,0,143.0,0,0,1
BL-11845,FNT-12,baseline,0,2025-02-20T06:40:44,2025-02-20T08:40:44,Days,DTC web,6,0,0,131.5,0,0,1
BL-11846,FNT-12,baseline,0,2025-02-20T06:39:20,2025-02-20T08:39:20,Days,Marketplace,3,0,0,136.8,1,1,1
BL-11847,FNT-12,baseline,0,2025-02-20T14:15:29,2025-02-20T16:15:29,Swing,Marketplace,1,1,0,88.0,1,1,0
BL-11848,FNT-12,baseline,0,2025-02-20T14:29:39,2025-02-20T16:29:39,Swing,Store replen,3,0,0,115.1,0,0,0
BL-11849,FNT-12,baseline,0,2025-02-20T14:27:17,2025-02-20T16:27:17,Swing,DTC web,3,0,0,103.5,0,0,0
BL-11850,FNT-12,baseline,0,2025-02-20T14:20:04,2025-02-20T16:20:04,Swing,Marketplace,1,1,0,113.1,0,0,0
BL-11851,FNT-12,baseline,0,2025-02-20T14:38:15,2025-02-20T16:38:15,Swing,Marketplace,5,0,0,118.7,0,0,0
BL-11852,FNT-12,baseline,0,2025-02-20T14:16:36,2025-02-20T16:16:36,Swing,DTC web,5,0,0,117.3,0,0,0
BL-11853,FNT-12,baseline,0,2025-02-20T14:14:04,2025-02-20T16:14:04,Swing,Store replen,9,0,0,188.6,1,1,1
BL-11854,FNT-12,baseline,0,2025-02-20T22:28:06,2025-02-21T00:28:06,Night,Marketplace,6,0,0,160.4,0,0,1
BL-11855,FNT-12,baseline,0,2025-02-20T22:42:18,2025-02-21T00:42:18,Night,DTC web,1,0,0,130.6,1,1,1
BL-11856,FNT-12,baseline,0,2025-02-20T22:43:06,2025-02-21T00:43:06,Night,DTC web,3,0,0,137.2,1,1,1
BL-11857,FNT-12,baseline,0,2025-02-20T22:47:22,2025-02-21T00:47:22,Night,Marketplace,4,0,0,137.6,0,0,1
BL-11858,FNT-12,baseline,0,2025-02-20T22:37:23,2025-02-21T00:37:23,Night,DTC web,1,0,0,121.6,1,1,1
BL-11859,FNT-12,baseline,0,2025-02-20T22:38:14,2025-02-21T00:38:14,Night,Marketplace,8,0,0,153.2,0,0,1
BL-11860,FNT-12,baseline,0,2025-02-20T22:47:16,2025-02-21T00:47:16,Night,DTC web,5,0,0,159.4,1,1,1
BL-11861,AUS-01,baseline,0,2025-02-21T06:13:10,2025-02-21T08:13:10,Days,Marketplace,3,0,0,98.9,1,0,0
BL-11862,AUS-01,baseline,0,2025-02-21T06:45:08,2025-02-21T08:45:08,Days,Marketplace,1,1,0,76.1,0,0,0
BL-11863,AUS-01,baseline,0,2025-02-21T14:29:11,2025-02-21T16:29:11,Swing,DTC web,1,1,0,75.9,0,0,0
BL-11864,AUS-01,baseline,0,2025-02-21T14:25:03,2025-02-21T16:25:03,Swing,Store replen,6,0,0,110.1,0,0,0
BL-11865,AUS-01,baseline,0,2025-02-21T22:11:46,2025-02-22T00:11:46,Night,Marketplace,6,0,0,95.6,0,0,0
BL-11866,AUS-01,baseline,0,2025-02-21T22:20:45,2025-02-22T00:20:45,Night,DTC web,3,0,0,100.2,0,0,0
BL-11867,AUS-01,baseline,0,2025-02-21T22:44:20,2025-02-22T00:44:20,Night,DTC web,2,0,0,70.0,0,0,0
BL-11868,AUS-01,baseline,0,2025-02-21T22:39:01,2025-02-22T00:39:01,Night,DTC web,3,0,0,100.8,0,0,0
BL-11869,AUS-01,baseline,0,2025-02-21T22:51:43,2025-02-22T00:51:43,Night,Marketplace,1,1,0,74.8,0,0,0
BL-11870,AUS-01,baseline,0,2025-02-21T22:37:46,2025-02-22T00:37:46,Night,DTC web,11,0,0,140.0,0,0,1
BL-11871,AUS-01,baseline,0,2025-02-21T22:36:04,2025-02-22T00:36:04,Night,Store replen,2,0,0,84.5,0,0,0
BL-11872,EWR-07,baseline,0,2025-02-21T06:46:31,2025-02-21T08:46:31,Days,Marketplace,2,1,0,103.7,0,0,0
BL-11873,EWR-07,baseline,0,2025-02-21T06:15:14,2025-02-21T08:15:14,Days,DTC web,3,0,0,97.8,0,0,0
BL-11874,EWR-07,baseline,0,2025-02-21T06:37:21,2025-02-21T08:37:21,Days,Store replen,3,0,0,117.7,0,0,0
BL-11875,EWR-07,baseline,0,2025-02-21T06:20:13,2025-02-21T08:20:13,Days,DTC web,2,1,0,99.1,0,0,0
BL-11876,EWR-07,baseline,0,2025-02-21T06:36:20,2025-02-21T08:36:20,Days,Marketplace,1,1,0,99.6,1,1,0
BL-11877,EWR-07,baseline,0,2025-02-21T06:12:39,2025-02-21T08:12:39,Days,DTC web,3,0,0,98.7,0,0,0
BL-11878,EWR-07,baseline,0,2025-02-21T06:45:29,2025-02-21T08:45:29,Days,Store replen,9,0,0,166.7,3,1,1
BL-11879,EWR-07,baseline,0,2025-02-21T06:09:43,2025-02-21T08:09:43,Days,Marketplace,2,0,0,98.2,0,0,0
BL-11880,EWR-07,baseline,0,2025-02-21T06:25:16,2025-02-21T08:25:16,Days,Marketplace,6,0,0,123.8,0,0,1
BL-11881,EWR-07,baseline,0,2025-02-21T06:40:46,2025-02-21T08:40:46,Days,Marketplace,2,1,0,120.9,0,0,1
BL-11882,EWR-07,baseline,0,2025-02-21T14:08:07,2025-02-21T16:08:07,Swing,DTC web,2,0,1,80.3,0,0,0
BL-11883,EWR-07,baseline,0,2025-02-21T14:49:22,2025-02-21T16:49:22,Swing,DTC web,7,0,0,139.2,1,0,1
BL-11884,EWR-07,baseline,0,2025-02-21T14:19:27,2025-02-21T16:19:27,Swing,DTC web,6,0,0,157.8,1,0,1
BL-11885,EWR-07,baseline,0,2025-02-21T14:45:02,2025-02-21T16:45:02,Swing,Marketplace,2,1,0,87.6,0,0,0
BL-11886,EWR-07,baseline,0,2025-02-21T14:48:27,2025-02-21T16:48:27,Swing,DTC web,1,1,0,88.0,0,0,0
BL-11887,EWR-07,baseline,0,2025-02-21T14:48:20,2025-02-21T16:48:20,Swing,Marketplace,6,0,0,128.2,1,0,1
BL-11888,EWR-07,baseline,0,2025-02-21T22:24:45,2025-02-22T00:24:45,Night,DTC web,4,0,0,94.0,0,0,0
BL-11889,EWR-07,baseline,0,2025-02-21T22:11:06,2025-02-22T00:11:06,Night,DTC web,2,1,0,103.5,1,1,0
BL-11890,EWR-07,baseline,0,2025-02-21T22:23:16,2025-02-22T00:23:16,Night,DTC web,3,0,0,124.9,0,0,1
BL-11891,EWR-07,baseline,0,2025-02-21T22:38:37,2025-02-22T00:38:37,Night,DTC web,3,0,0,111.6,0,0,0
BL-11892,FNT-12,baseline,0,2025-02-21T06:11:04,2025-02-21T08:11:04,Days,DTC web,1,1,0,83.4,0,0,0
BL-11893,FNT-12,baseline,0,2025-02-21T06:12:20,2025-02-21T08:12:20,Days,Marketplace,1,1,0,93.5,0,0,0
BL-11894,FNT-12,baseline,0,2025-02-21T06:08:01,2025-02-21T08:08:01,Days,DTC web,3,0,0,113.5,0,0,0
BL-11895,FNT-12,baseline,0,2025-02-21T06:43:27,2025-02-21T08:43:27,Days,DTC web,4,0,0,94.4,0,0,0
BL-11896,FNT-12,baseline,0,2025-02-21T06:51:10,2025-02-21T08:51:10,Days,DTC web,2,1,0,95.4,0,0,0
BL-11897,FNT-12,baseline,0,2025-02-21T14:30:04,2025-02-21T16:30:04,Swing,DTC web,4,0,0,98.6,0,0,0
BL-11898,FNT-12,baseline,0,2025-02-21T14:45:36,2025-02-21T16:45:36,Swing,Marketplace,1,0,1,123.3,1,1,1
BL-11899,FNT-12,baseline,0,2025-02-21T14:10:29,2025-02-21T16:10:29,Swing,DTC web,3,0,0,112.9,0,0,0
BL-11900,FNT-12,baseline,0,2025-02-21T14:20:00,2025-02-21T16:20:00,Swing,Marketplace,4,0,0,108.2,0,0,0
BL-11901,FNT-12,baseline,0,2025-02-21T14:10:09,2025-02-21T16:10:09,Swing,DTC web,10,0,0,142.5,0,0,1
BL-11902,FNT-12,baseline,0,2025-02-21T14:17:17,2025-02-21T16:17:17,Swing,DTC web,4,0,1,105.1,0,0,0
BL-11903,FNT-12,baseline,0,2025-02-21T22:50:27,2025-02-22T00:50:27,Night,DTC web,3,0,1,120.2,0,0,1
BL-11904,FNT-12,baseline,0,2025-02-21T22:11:06,2025-02-22T00:11:06,Night,DTC web,3,0,0,140.2,0,0,1
BL-11905,FNT-12,baseline,0,2025-02-21T22:27:49,2025-02-22T00:27:49,Night,DTC web,2,1,0,105.2,0,0,0
BL-11906,FNT-12,baseline,0,2025-02-21T22:35:15,2025-02-22T00:35:15,Night,Store replen,6,0,0,154.2,0,0,1
BL-11907,FNT-12,baseline,0,2025-02-21T22:12:19,2025-02-22T00:12:19,Night,DTC web,3,0,0,141.3,0,0,1
BL-11908,FNT-12,baseline,0,2025-02-21T22:35:13,2025-02-22T00:35:13,Night,Store replen,1,0,0,105.6,0,0,0
BL-11909,FNT-12,baseline,0,2025-02-21T22:20:05,2025-02-22T00:20:05,Night,DTC web,1,0,0,125.5,0,0,1
BL-11910,FNT-12,baseline,0,2025-02-21T22:34:16,2025-02-22T00:34:16,Night,Marketplace,3,0,0,139.3,1,1,1
BL-11911,AUS-01,baseline,0,2025-02-22T06:09:19,2025-02-22T08:09:19,Days,DTC web,3,0,0,102.6,0,0,0
BL-11912,AUS-01,baseline,0,2025-02-22T06:36:31,2025-02-22T08:36:31,Days,Store replen,4,0,0,126.5,1,1,1
BL-11913,AUS-01,baseline,0,2025-02-22T06:44:06,2025-02-22T08:44:06,Days,Marketplace,3,0,0,77.6,1,1,0
BL-11914,AUS-01,baseline,0,2025-02-22T14:19:08,2025-02-22T16:19:08,Swing,DTC web,3,0,1,93.1,0,0,0
BL-11915,AUS-01,baseline,0,2025-02-22T14:44:37,2025-02-22T16:44:37,Swing,DTC web,2,1,0,73.6,0,0,0
BL-11916,AUS-01,baseline,0,2025-02-22T22:31:04,2025-02-23T00:31:04,Night,DTC web,4,0,0,93.7,0,0,0
BL-11917,AUS-01,baseline,0,2025-02-22T22:39:45,2025-02-23T00:39:45,Night,DTC web,6,0,0,107.8,0,0,0
BL-11918,EWR-07,baseline,0,2025-02-22T06:15:23,2025-02-22T08:15:23,Days,DTC web,4,0,0,115.8,0,0,0
BL-11919,EWR-07,baseline,0,2025-02-22T06:28:41,2025-02-22T08:28:41,Days,DTC web,10,0,0,173.4,0,0,1
BL-11920,EWR-07,baseline,0,2025-02-22T06:29:04,2025-02-22T08:29:04,Days,DTC web,2,0,0,114.5,0,0,0
BL-11921,EWR-07,baseline,0,2025-02-22T14:31:25,2025-02-22T16:31:25,Swing,DTC web,3,0,0,88.3,0,0,0
BL-11922,EWR-07,baseline,0,2025-02-22T14:30:13,2025-02-22T16:30:13,Swing,DTC web,5,0,0,138.4,1,1,1
BL-11923,EWR-07,baseline,0,2025-02-22T14:38:33,2025-02-22T16:38:33,Swing,Store replen,3,0,0,88.2,0,0,0
BL-11924,EWR-07,baseline,0,2025-02-22T22:30:09,2025-02-23T00:30:09,Night,Marketplace,4,0,0,111.1,0,0,0
BL-11925,EWR-07,baseline,0,2025-02-22T22:35:23,2025-02-23T00:35:23,Night,DTC web,2,1,0,122.6,1,0,1
BL-11926,EWR-07,baseline,0,2025-02-22T22:34:38,2025-02-23T00:34:38,Night,DTC web,2,1,0,112.6,0,0,0
BL-11927,EWR-07,baseline,0,2025-02-22T22:33:07,2025-02-23T00:33:07,Night,DTC web,1,1,0,107.5,0,0,0
BL-11928,FNT-12,baseline,0,2025-02-22T06:17:24,2025-02-22T08:17:24,Days,Store replen,11,0,0,201.0,1,1,1
BL-11929,FNT-12,baseline,0,2025-02-22T06:09:12,2025-02-22T08:09:12,Days,DTC web,1,0,0,92.4,0,0,0
BL-11930,FNT-12,baseline,0,2025-02-22T06:34:26,2025-02-22T08:34:26,Days,DTC web,5,0,0,122.7,0,0,1
BL-11931,FNT-12,baseline,0,2025-02-22T14:45:04,2025-02-22T16:45:04,Swing,DTC web,5,0,0,107.6,0,0,0
BL-11932,FNT-12,baseline,0,2025-02-22T14:18:40,2025-02-22T16:18:40,Swing,DTC web,2,0,0,115.9,1,1,0
BL-11933,FNT-12,baseline,0,2025-02-22T14:11:39,2025-02-22T16:11:39,Swing,Marketplace,3,0,0,112.7,1,1,0
BL-11934,FNT-12,baseline,0,2025-02-22T14:26:26,2025-02-22T16:26:26,Swing,Store replen,3,0,0,120.6,0,0,1
BL-11935,FNT-12,baseline,0,2025-02-22T14:09:17,2025-02-22T16:09:17,Swing,DTC web,4,0,0,117.8,0,0,0
BL-11936,FNT-12,baseline,0,2025-02-22T14:16:31,2025-02-22T16:16:31,Swing,DTC web,3,0,0,122.0,1,1,1
BL-11937,FNT-12,baseline,0,2025-02-22T22:22:27,2025-02-23T00:22:27,Night,Marketplace,1,1,0,112.1,0,0,0
BL-11938,FNT-12,baseline,0,2025-02-22T22:49:39,2025-02-23T00:49:39,Night,DTC web,2,0,0,117.3,1,1,0
BL-11939,AUS-01,baseline,0,2025-02-24T06:51:35,2025-02-24T08:51:35,Days,DTC web,3,0,0,76.7,0,0,0
BL-11940,AUS-01,baseline,0,2025-02-24T06:17:30,2025-02-24T08:17:30,Days,Store replen,5,0,0,103.6,0,0,0
BL-11941,AUS-01,baseline,0,2025-02-24T06:14:20,2025-02-24T08:14:20,Days,DTC web,3,0,0,82.8,0,0,0
BL-11942,AUS-01,baseline,0,2025-02-24T06:33:05,2025-02-24T08:33:05,Days,Store replen,10,0,0,146.8,0,0,1
BL-11943,AUS-01,baseline,0,2025-02-24T06:42:03,2025-02-24T08:42:03,Days,DTC web,5,0,0,121.9,0,0,1
BL-11944,AUS-01,baseline,0,2025-02-24T06:08:30,2025-02-24T08:08:30,Days,DTC web,8,0,0,126.3,0,0,1
BL-11945,AUS-01,baseline,0,2025-02-24T06:41:47,2025-02-24T08:41:47,Days,DTC web,7,0,0,115.2,0,0,0
BL-11946,AUS-01,baseline,0,2025-02-24T06:15:04,2025-02-24T08:15:04,Days,Marketplace,6,0,0,103.8,0,0,0
BL-11947,AUS-01,baseline,0,2025-02-24T06:08:05,2025-02-24T08:08:05,Days,Store replen,3,0,0,85.2,0,0,0
BL-11948,AUS-01,baseline,0,2025-02-24T06:11:18,2025-02-24T08:11:18,Days,DTC web,3,0,0,83.5,0,0,0
BL-11949,AUS-01,baseline,0,2025-02-24T14:51:44,2025-02-24T16:51:44,Swing,Store replen,2,0,0,89.8,0,0,0
BL-11950,AUS-01,baseline,0,2025-02-24T14:19:48,2025-02-24T16:19:48,Swing,Marketplace,5,0,0,115.1,0,0,0
BL-11951,AUS-01,baseline,0,2025-02-24T14:40:07,2025-02-24T16:40:07,Swing,Marketplace,7,0,0,120.2,0,0,1
BL-11952,AUS-01,baseline,0,2025-02-24T14:17:44,2025-02-24T16:17:44,Swing,Marketplace,2,1,0,87.9,0,0,0
BL-11953,AUS-01,baseline,0,2025-02-24T14:43:45,2025-02-24T16:43:45,Swing,Marketplace,1,0,0,64.0,0,0,0
BL-11954,AUS-01,baseline,0,2025-02-24T22:37:48,2025-02-25T00:37:48,Night,Marketplace,2,1,0,98.9,1,1,0
BL-11955,AUS-01,baseline,0,2025-02-24T22:46:44,2025-02-25T00:46:44,Night,DTC web,3,0,0,77.9,0,0,0
BL-11956,AUS-01,baseline,0,2025-02-24T22:29:35,2025-02-25T00:29:35,Night,DTC web,6,0,0,126.3,1,0,1
BL-11957,AUS-01,baseline,0,2025-02-24T22:35:45,2025-02-25T00:35:45,Night,DTC web,2,0,0,124.2,0,0,1
BL-11958,AUS-01,baseline,0,2025-02-24T22:09:09,2025-02-25T00:09:09,Night,DTC web,4,0,0,92.3,0,0,0
BL-11959,AUS-01,baseline,0,2025-02-24T22:36:14,2025-02-25T00:36:14,Night,DTC web,3,0,0,89.0,0,0,0
BL-11960,EWR-07,baseline,0,2025-02-24T06:43:06,2025-02-24T08:43:06,Days,DTC web,6,0,0,126.8,0,0,1
BL-11961,EWR-07,baseline,0,2025-02-24T06:18:38,2025-02-24T08:18:38,Days,Marketplace,2,0,1,133.1,1,1,1
BL-11962,EWR-07,baseline,0,2025-02-24T06:44:10,2025-02-24T08:44:10,Days,DTC web,4,0,0,126.4,0,0,1
BL-11963,EWR-07,baseline,0,2025-02-24T06:28:08,2025-02-24T08:28:08,Days,DTC web,1,0,0,85.1,0,0,0
BL-11964,EWR-07,baseline,0,2025-02-24T06:28:10,2025-02-24T08:28:10,Days,Store replen,1,0,0,84.2,0,0,0
BL-11965,EWR-07,baseline,0,2025-02-24T06:50:24,2025-02-24T08:50:24,Days,DTC web,1,1,0,95.3,1,1,0
BL-11966,EWR-07,baseline,0,2025-02-24T06:37:32,2025-02-24T08:37:32,Days,Marketplace,8,0,0,140.5,0,0,1
BL-11967,EWR-07,baseline,0,2025-02-24T14:40:00,2025-02-24T16:40:00,Swing,Marketplace,3,0,0,103.4,0,0,0
BL-11968,EWR-07,baseline,0,2025-02-24T14:11:44,2025-02-24T16:11:44,Swing,DTC web,7,0,0,133.6,0,0,1
BL-11969,EWR-07,baseline,0,2025-02-24T14:51:31,2025-02-24T16:51:31,Swing,Marketplace,8,0,0,139.1,0,0,1
BL-11970,EWR-07,baseline,0,2025-02-24T14:48:25,2025-02-24T16:48:25,Swing,DTC web,1,1,0,90.6,0,0,0
BL-11971,EWR-07,baseline,0,2025-02-24T14:47:11,2025-02-24T16:47:11,Swing,DTC web,1,1,0,75.0,0,0,0
BL-11972,EWR-07,baseline,0,2025-02-24T14:08:25,2025-02-24T16:08:25,Swing,DTC web,11,0,0,155.4,0,0,1
BL-11973,EWR-07,baseline,0,2025-02-24T14:33:44,2025-02-24T16:33:44,Swing,Store replen,2,0,0,125.2,0,0,1
BL-11974,EWR-07,baseline,0,2025-02-24T14:37:41,2025-02-24T16:37:41,Swing,DTC web,2,0,0,123.0,0,0,1
BL-11975,EWR-07,baseline,0,2025-02-24T22:40:29,2025-02-25T00:40:29,Night,DTC web,2,1,0,102.5,0,0,0
BL-11976,EWR-07,baseline,0,2025-02-24T22:37:20,2025-02-25T00:37:20,Night,Marketplace,2,1,0,105.0,0,0,0
BL-11977,EWR-07,baseline,0,2025-02-24T22:09:16,2025-02-25T00:09:16,Night,Store replen,5,0,0,128.2,1,1,1
BL-11978,EWR-07,baseline,0,2025-02-24T22:47:20,2025-02-25T00:47:20,Night,Marketplace,4,0,0,119.6,0,0,0
BL-11979,FNT-12,baseline,0,2025-02-24T06:15:32,2025-02-24T08:15:32,Days,DTC web,3,0,0,102.1,0,0,0
BL-11980,FNT-12,baseline,0,2025-02-24T06:15:15,2025-02-24T08:15:15,Days,DTC web,3,0,0,102.4,0,0,0
BL-11981,FNT-12,baseline,0,2025-02-24T06:37:02,2025-02-24T08:37:02,Days,Marketplace,2,1,0,92.4,0,0,0
BL-11982,FNT-12,baseline,0,2025-02-24T06:33:05,2025-02-24T08:33:05,Days,DTC web,2,1,0,109.9,0,0,0
BL-11983,FNT-12,baseline,0,2025-02-24T06:50:38,2025-02-24T08:50:38,Days,DTC web,1,1,0,99.4,0,0,0
BL-11984,FNT-12,baseline,0,2025-02-24T06:36:46,2025-02-24T08:36:46,Days,Store replen,7,0,0,137.0,0,0,1
BL-11985,FNT-12,baseline,0,2025-02-24T14:30:40,2025-02-24T16:30:40,Swing,DTC web,5,0,0,105.4,0,0,0
BL-11986,FNT-12,baseline,0,2025-02-24T14:46:48,2025-02-24T16:46:48,Swing,DTC web,10,0,0,156.3,0,0,1
BL-11987,FNT-12,baseline,0,2025-02-24T14:51:14,2025-02-24T16:51:14,Swing,Marketplace,1,1,0,99.5,0,0,0
BL-11988,FNT-12,baseline,0,2025-02-24T14:46:35,2025-02-24T16:46:35,Swing,Marketplace,4,0,0,129.0,1,1,1
BL-11989,FNT-12,baseline,0,2025-02-24T14:37:42,2025-02-24T16:37:42,Swing,Marketplace,14,0,0,189.4,1,0,1
BL-11990,FNT-12,baseline,0,2025-02-24T14:26:29,2025-02-24T16:26:29,Swing,Marketplace,5,0,0,129.3,0,0,1
BL-11991,FNT-12,baseline,0,2025-02-24T14:41:00,2025-02-24T16:41:00,Swing,DTC web,2,1,0,107.6,1,1,0
BL-11992,FNT-12,baseline,0,2025-02-24T22:17:44,2025-02-25T00:17:44,Night,DTC web,3,0,0,124.7,0,0,1
BL-11993,FNT-12,baseline,0,2025-02-24T22:24:21,2025-02-25T00:24:21,Night,Marketplace,7,0,0,189.8,0,0,1
BL-11994,FNT-12,baseline,0,2025-02-24T22:13:38,2025-02-25T00:13:38,Night,DTC web,7,0,0,165.7,1,1,1
BL-11995,AUS-01,baseline,0,2025-02-25T06:22:02,2025-02-25T08:22:02,Days,Store replen,1,0,0,104.5,0,0,0
BL-11996,AUS-01,baseline,0,2025-02-25T06:22:42,2025-02-25T08:22:42,Days,Store replen,1,0,0,82.0,1,0,0
BL-11997,AUS-01,baseline,0,2025-02-25T06:48:14,2025-02-25T08:48:14,Days,Store replen,2,0,0,76.1,0,0,0
BL-11998,AUS-01,baseline,0,2025-02-25T06:31:19,2025-02-25T08:31:19,Days,Marketplace,1,1,0,86.5,0,0,0
BL-11999,AUS-01,baseline,0,2025-02-25T06:25:02,2025-02-25T08:25:02,Days,DTC web,3,0,0,86.1,0,0,0
BL-12000,AUS-01,baseline,0,2025-02-25T14:11:48,2025-02-25T16:11:48,Swing,Marketplace,9,0,0,126.8,0,0,1
BL-12001,AUS-01,baseline,0,2025-02-25T14:21:21,2025-02-25T16:21:21,Swing,DTC web,5,0,0,102.6,0,0,0
BL-12002,AUS-01,baseline,0,2025-02-25T14:16:13,2025-02-25T16:16:13,Swing,DTC web,6,0,0,113.2,0,0,0
BL-12003,AUS-01,baseline,0,2025-02-25T14:29:22,2025-02-25T16:29:22,Swing,Marketplace,3,0,0,90.7,0,0,0
BL-12004,AUS-01,baseline,0,2025-02-25T14:22:36,2025-02-25T16:22:36,Swing,DTC web,3,0,0,99.9,1,1,0
BL-12005,AUS-01,baseline,0,2025-02-25T22:18:46,2025-02-26T00:18:46,Night,DTC web,4,0,0,120.5,1,1,1
BL-12006,AUS-01,baseline,0,2025-02-25T22:27:12,2025-02-26T00:27:12,Night,DTC web,3,0,0,94.7,0,0,0
BL-12007,AUS-01,baseline,0,2025-02-25T22:49:13,2025-02-26T00:49:13,Night,Store replen,3,0,0,97.5,0,0,0
BL-12008,AUS-01,baseline,0,2025-02-25T22:09:06,2025-02-26T00:09:06,Night,Marketplace,4,0,0,99.5,0,0,0
BL-12009,EWR-07,baseline,0,2025-02-25T06:32:16,2025-02-25T08:32:16,Days,DTC web,7,0,0,123.8,0,0,1
BL-12010,EWR-07,baseline,0,2025-02-25T06:22:19,2025-02-25T08:22:19,Days,DTC web,5,0,0,115.7,0,0,0
BL-12011,EWR-07,baseline,0,2025-02-25T06:40:26,2025-02-25T08:40:26,Days,Store replen,1,0,0,112.9,1,1,0
BL-12012,EWR-07,baseline,0,2025-02-25T06:23:12,2025-02-25T08:23:12,Days,Marketplace,9,0,0,150.9,0,0,1
BL-12013,EWR-07,baseline,0,2025-02-25T06:49:30,2025-02-25T08:49:30,Days,Marketplace,3,0,0,101.2,0,0,0
BL-12014,EWR-07,baseline,0,2025-02-25T06:33:38,2025-02-25T08:33:38,Days,DTC web,4,0,0,102.5,0,0,0
BL-12015,EWR-07,baseline,0,2025-02-25T14:11:04,2025-02-25T16:11:04,Swing,Store replen,10,0,0,180.5,1,0,1
BL-12016,EWR-07,baseline,0,2025-02-25T14:13:04,2025-02-25T16:13:04,Swing,DTC web,2,0,0,92.8,0,0,0
BL-12017,EWR-07,baseline,0,2025-02-25T14:11:37,2025-02-25T16:11:37,Swing,Marketplace,6,0,0,114.8,0,0,0
BL-12018,EWR-07,baseline,0,2025-02-25T14:39:00,2025-02-25T16:39:00,Swing,DTC web,6,0,0,152.2,1,0,1
BL-12019,EWR-07,baseline,0,2025-02-25T14:18:36,2025-02-25T16:18:36,Swing,DTC web,5,0,0,143.9,1,1,1
BL-12020,EWR-07,baseline,0,2025-02-25T14:25:42,2025-02-25T16:25:42,Swing,Marketplace,3,0,0,88.2,0,0,0
BL-12021,EWR-07,baseline,0,2025-02-25T14:39:37,2025-02-25T16:39:37,Swing,Marketplace,4,0,0,94.1,0,0,0
BL-12022,EWR-07,baseline,0,2025-02-25T14:24:04,2025-02-25T16:24:04,Swing,Store replen,7,0,0,151.7,0,0,1
BL-12023,EWR-07,baseline,0,2025-02-25T14:19:17,2025-02-25T16:19:17,Swing,DTC web,5,0,0,128.9,0,0,1
BL-12024,EWR-07,baseline,0,2025-02-25T14:46:31,2025-02-25T16:46:31,Swing,Marketplace,2,1,0,97.8,1,1,0
BL-12025,EWR-07,baseline,0,2025-02-25T22:42:23,2025-02-26T00:42:23,Night,DTC web,6,0,0,129.5,0,0,1
BL-12026,EWR-07,baseline,0,2025-02-25T22:50:31,2025-02-26T00:50:31,Night,Marketplace,11,0,0,170.5,0,0,1
BL-12027,EWR-07,baseline,0,2025-02-25T22:15:20,2025-02-26T00:15:20,Night,Marketplace,1,1,0,96.5,0,0,0
BL-12028,EWR-07,baseline,0,2025-02-25T22:32:26,2025-02-26T00:32:26,Night,Marketplace,1,1,0,110.7,0,0,0
BL-12029,EWR-07,baseline,0,2025-02-25T22:28:12,2025-02-26T00:28:12,Night,Store replen,5,0,0,139.0,0,0,1
BL-12030,FNT-12,baseline,0,2025-02-25T06:18:19,2025-02-25T08:18:19,Days,DTC web,5,0,0,157.8,2,1,1
BL-12031,FNT-12,baseline,0,2025-02-25T06:29:04,2025-02-25T08:29:04,Days,DTC web,4,0,0,106.0,0,0,0
BL-12032,FNT-12,baseline,0,2025-02-25T06:48:06,2025-02-25T08:48:06,Days,DTC web,4,0,0,143.6,0,0,1
BL-12033,FNT-12,baseline,0,2025-02-25T06:21:33,2025-02-25T08:21:33,Days,DTC web,3,0,0,104.7,0,0,0
BL-12034,FNT-12,baseline,0,2025-02-25T06:16:21,2025-02-25T08:16:21,Days,Marketplace,2,1,0,98.3,0,0,0
BL-12035,FNT-12,baseline,0,2025-02-25T14:13:47,2025-02-25T16:13:47,Swing,Marketplace,4,0,0,133.9,1,1,1
BL-12036,FNT-12,baseline,0,2025-02-25T14:21:40,2025-02-25T16:21:40,Swing,DTC web,8,0,0,154.2,0,0,1
BL-12037,FNT-12,baseline,0,2025-02-25T14:22:39,2025-02-25T16:22:39,Swing,DTC web,4,0,0,92.7,0,0,0
BL-12038,FNT-12,baseline,0,2025-02-25T22:48:49,2025-02-26T00:48:49,Night,DTC web,5,0,0,147.5,0,0,1
BL-12039,FNT-12,baseline,0,2025-02-25T22:20:05,2025-02-26T00:20:05,Night,Marketplace,6,0,0,158.0,1,1,1
BL-12040,FNT-12,baseline,0,2025-02-25T22:46:20,2025-02-26T00:46:20,Night,Marketplace,4,0,0,118.7,0,0,0
BL-12041,AUS-01,baseline,0,2025-02-26T06:34:11,2025-02-26T08:34:11,Days,DTC web,5,0,0,110.3,0,0,0
BL-12042,AUS-01,baseline,0,2025-02-26T06:35:33,2025-02-26T08:35:33,Days,Marketplace,4,0,0,85.3,0,0,0
BL-12043,AUS-01,baseline,0,2025-02-26T14:31:31,2025-02-26T16:31:31,Swing,Store replen,3,0,0,100.7,1,1,0
BL-12044,AUS-01,baseline,0,2025-02-26T14:41:13,2025-02-26T16:41:13,Swing,DTC web,4,0,0,90.2,0,0,0
BL-12045,AUS-01,baseline,0,2025-02-26T14:51:20,2025-02-26T16:51:20,Swing,DTC web,1,1,0,57.2,0,0,0
BL-12046,AUS-01,baseline,0,2025-02-26T14:14:12,2025-02-26T16:14:12,Swing,DTC web,3,0,0,94.3,0,0,0
BL-12047,AUS-01,baseline,0,2025-02-26T14:32:24,2025-02-26T16:32:24,Swing,DTC web,3,0,0,77.1,0,0,0
BL-12048,AUS-01,baseline,0,2025-02-26T14:42:01,2025-02-26T16:42:01,Swing,DTC web,4,0,0,77.7,0,0,0
BL-12049,AUS-01,baseline,0,2025-02-26T22:48:40,2025-02-27T00:48:40,Night,DTC web,8,0,0,146.1,0,0,1
BL-12050,AUS-01,baseline,0,2025-02-26T22:11:16,2025-02-27T00:11:16,Night,Marketplace,7,0,0,118.4,0,0,0
BL-12051,AUS-01,baseline,0,2025-02-26T22:26:10,2025-02-27T00:26:10,Night,DTC web,1,1,0,100.0,0,0,0
BL-12052,AUS-01,baseline,0,2025-02-26T22:37:46,2025-02-27T00:37:46,Night,DTC web,5,0,0,101.4,0,0,0
BL-12053,AUS-01,baseline,0,2025-02-26T22:19:06,2025-02-27T00:19:06,Night,DTC web,13,0,0,147.5,0,0,1
BL-12054,AUS-01,baseline,0,2025-02-26T22:46:10,2025-02-27T00:46:10,Night,DTC web,5,0,0,95.8,0,0,0
BL-12055,AUS-01,baseline,0,2025-02-26T22:13:17,2025-02-27T00:13:17,Night,DTC web,4,0,0,83.1,0,0,0
BL-12056,EWR-07,baseline,0,2025-02-26T06:25:06,2025-02-26T08:25:06,Days,DTC web,2,1,0,111.9,0,0,0
BL-12057,EWR-07,baseline,0,2025-02-26T06:47:42,2025-02-26T08:47:42,Days,Store replen,5,0,0,169.0,0,0,1
BL-12058,EWR-07,baseline,0,2025-02-26T06:51:06,2025-02-26T08:51:06,Days,Store replen,5,0,0,123.3,0,0,1
BL-12059,EWR-07,baseline,0,2025-02-26T06:18:09,2025-02-26T08:18:09,Days,Marketplace,4,0,0,92.8,0,0,0
BL-12060,EWR-07,baseline,0,2025-02-26T06:31:05,2025-02-26T08:31:05,Days,DTC web,2,1,0,102.7,0,0,0
BL-12061,EWR-07,baseline,0,2025-02-26T06:44:19,2025-02-26T08:44:19,Days,DTC web,2,1,0,84.9,0,0,0
BL-12062,EWR-07,baseline,0,2025-02-26T14:39:26,2025-02-26T16:39:26,Swing,DTC web,2,1,0,121.1,1,1,1
BL-12063,EWR-07,baseline,0,2025-02-26T14:42:35,2025-02-26T16:42:35,Swing,DTC web,3,0,0,104.7,0,0,0
BL-12064,EWR-07,baseline,0,2025-02-26T14:35:19,2025-02-26T16:35:19,Swing,Marketplace,8,0,0,137.3,0,0,1
BL-12065,EWR-07,baseline,0,2025-02-26T14:23:29,2025-02-26T16:23:29,Swing,DTC web,4,0,0,108.4,0,0,0
BL-12066,EWR-07,baseline,0,2025-02-26T22:27:04,2025-02-27T00:27:04,Night,DTC web,14,0,0,185.9,0,0,1
BL-12067,EWR-07,baseline,0,2025-02-26T22:50:41,2025-02-27T00:50:41,Night,Marketplace,6,0,0,144.5,1,0,1
BL-12068,EWR-07,baseline,0,2025-02-26T22:41:22,2025-02-27T00:41:22,Night,DTC web,2,1,0,89.0,0,0,0
BL-12069,FNT-12,baseline,0,2025-02-26T06:43:05,2025-02-26T08:43:05,Days,DTC web,1,1,0,120.0,0,0,0
BL-12070,FNT-12,baseline,0,2025-02-26T06:24:12,2025-02-26T08:24:12,Days,Store replen,4,0,0,152.9,1,0,1
BL-12071,FNT-12,baseline,0,2025-02-26T14:47:21,2025-02-26T16:47:21,Swing,DTC web,5,0,0,153.4,1,1,1
BL-12072,FNT-12,baseline,0,2025-02-26T14:21:10,2025-02-26T16:21:10,Swing,Store replen,4,0,0,118.8,0,0,0
BL-12073,FNT-12,baseline,0,2025-02-26T22:51:26,2025-02-27T00:51:26,Night,Marketplace,8,0,0,178.8,0,0,1
BL-12074,FNT-12,baseline,0,2025-02-26T22:30:16,2025-02-27T00:30:16,Night,DTC web,3,0,0,132.1,0,0,1
BL-12075,FNT-12,baseline,0,2025-02-26T22:37:07,2025-02-27T00:37:07,Night,DTC web,6,0,0,165.8,0,0,1
BL-12076,FNT-12,baseline,0,2025-02-26T22:10:15,2025-02-27T00:10:15,Night,DTC web,2,1,0,102.7,0,0,0
BL-12077,FNT-12,baseline,0,2025-02-26T22:30:33,2025-02-27T00:30:33,Night,DTC web,5,0,0,140.9,1,0,1
BL-12078,AUS-01,baseline,0,2025-02-27T06:11:41,2025-02-27T08:11:41,Days,DTC web,1,1,0,86.7,0,0,0
BL-12079,AUS-01,baseline,0,2025-02-27T06:45:21,2025-02-27T08:45:21,Days,DTC web,4,0,0,100.7,0,0,0
BL-12080,AUS-01,baseline,0,2025-02-27T06:38:38,2025-02-27T08:38:38,Days,DTC web,2,0,1,75.9,0,0,0
BL-12081,AUS-01,baseline,0,2025-02-27T06:49:44,2025-02-27T08:49:44,Days,DTC web,3,0,0,85.9,0,0,0
BL-12082,AUS-01,baseline,0,2025-02-27T06:23:05,2025-02-27T08:23:05,Days,Marketplace,2,1,0,83.1,0,0,0
BL-12083,AUS-01,baseline,0,2025-02-27T06:14:10,2025-02-27T08:14:10,Days,DTC web,1,1,0,106.8,0,0,0
BL-12084,AUS-01,baseline,0,2025-02-27T06:35:15,2025-02-27T08:35:15,Days,DTC web,3,0,1,103.5,0,0,0
BL-12085,AUS-01,baseline,0,2025-02-27T14:08:33,2025-02-27T16:08:33,Swing,Marketplace,3,0,1,92.5,0,0,0
BL-12086,AUS-01,baseline,0,2025-02-27T14:48:25,2025-02-27T16:48:25,Swing,DTC web,2,1,0,78.0,0,0,0
BL-12087,AUS-01,baseline,0,2025-02-27T14:16:45,2025-02-27T16:16:45,Swing,Marketplace,3,0,0,86.3,0,0,0
BL-12088,AUS-01,baseline,0,2025-02-27T14:31:37,2025-02-27T16:31:37,Swing,DTC web,1,1,0,85.4,0,0,0
BL-12089,AUS-01,baseline,0,2025-02-27T14:42:20,2025-02-27T16:42:20,Swing,DTC web,2,1,0,104.7,0,0,0
BL-12090,AUS-01,baseline,0,2025-02-27T14:17:00,2025-02-27T16:17:00,Swing,Marketplace,2,1,0,108.1,0,0,0
BL-12091,AUS-01,baseline,0,2025-02-27T14:45:20,2025-02-27T16:45:20,Swing,Store replen,1,0,0,85.2,0,0,0
BL-12092,AUS-01,baseline,0,2025-02-27T14:31:35,2025-02-27T16:31:35,Swing,DTC web,6,0,0,100.2,0,0,0
BL-12093,AUS-01,baseline,0,2025-02-27T14:42:32,2025-02-27T16:42:32,Swing,DTC web,2,1,0,99.1,0,0,0
BL-12094,AUS-01,baseline,0,2025-02-27T22:19:22,2025-02-28T00:19:22,Night,Marketplace,1,1,0,84.9,0,0,0
BL-12095,AUS-01,baseline,0,2025-02-27T22:21:44,2025-02-28T00:21:44,Night,DTC web,3,0,0,124.8,0,0,1
BL-12096,EWR-07,baseline,0,2025-02-27T06:32:26,2025-02-27T08:32:26,Days,DTC web,5,0,0,110.1,0,0,0
BL-12097,EWR-07,baseline,0,2025-02-27T06:41:17,2025-02-27T08:41:17,Days,DTC web,2,1,0,93.8,1,1,0
BL-12098,EWR-07,baseline,0,2025-02-27T06:37:41,2025-02-27T08:37:41,Days,Marketplace,2,1,0,102.3,1,0,0
BL-12099,EWR-07,baseline,0,2025-02-27T06:35:37,2025-02-27T08:35:37,Days,DTC web,3,0,0,113.7,0,0,0
BL-12100,EWR-07,baseline,0,2025-02-27T06:43:29,2025-02-27T08:43:29,Days,Marketplace,2,0,0,98.6,0,0,0
BL-12101,EWR-07,baseline,0,2025-02-27T06:11:09,2025-02-27T08:11:09,Days,DTC web,2,1,0,84.6,0,0,0
BL-12102,EWR-07,baseline,0,2025-02-27T06:10:21,2025-02-27T08:10:21,Days,DTC web,4,0,0,83.8,0,0,0
BL-12103,EWR-07,baseline,0,2025-02-27T14:47:36,2025-02-27T16:47:36,Swing,DTC web,5,0,0,113.0,0,0,0
BL-12104,EWR-07,baseline,0,2025-02-27T14:32:49,2025-02-27T16:32:49,Swing,DTC web,5,0,0,98.7,0,0,0
BL-12105,EWR-07,baseline,0,2025-02-27T14:08:00,2025-02-27T16:08:00,Swing,DTC web,4,0,0,111.8,0,0,0
BL-12106,EWR-07,baseline,0,2025-02-27T14:44:17,2025-02-27T16:44:17,Swing,Marketplace,4,0,0,128.9,1,1,1
BL-12107,EWR-07,baseline,0,2025-02-27T14:21:33,2025-02-27T16:21:33,Swing,DTC web,2,1,0,116.7,0,0,0
BL-12108,EWR-07,baseline,0,2025-02-27T14:38:32,2025-02-27T16:38:32,Swing,DTC web,13,0,0,157.0,0,0,1
BL-12109,EWR-07,baseline,0,2025-02-27T14:16:46,2025-02-27T16:16:46,Swing,Marketplace,5,0,0,110.0,0,0,0
BL-12110,EWR-07,baseline,0,2025-02-27T22:39:26,2025-02-28T00:39:26,Night,DTC web,2,0,0,90.4,0,0,0
BL-12111,EWR-07,baseline,0,2025-02-27T22:37:08,2025-02-28T00:37:08,Night,DTC web,2,0,0,110.2,1,1,0
BL-12112,EWR-07,baseline,0,2025-02-27T22:40:29,2025-02-28T00:40:29,Night,DTC web,3,0,0,109.8,0,0,0
BL-12113,EWR-07,baseline,0,2025-02-27T22:36:37,2025-02-28T00:36:37,Night,Store replen,9,0,0,134.3,0,0,1
BL-12114,EWR-07,baseline,0,2025-02-27T22:10:16,2025-02-28T00:10:16,Night,Marketplace,2,1,0,110.6,0,0,0
BL-12115,FNT-12,baseline,0,2025-02-27T06:32:17,2025-02-27T08:32:17,Days,Marketplace,5,0,0,124.8,0,0,1
BL-12116,FNT-12,baseline,0,2025-02-27T06:20:10,2025-02-27T08:20:10,Days,Store replen,5,0,0,114.7,0,0,0
BL-12117,FNT-12,baseline,0,2025-02-27T14:29:22,2025-02-27T16:29:22,Swing,Marketplace,4,0,0,133.4,0,0,1
BL-12118,FNT-12,baseline,0,2025-02-27T14:24:40,2025-02-27T16:24:40,Swing,DTC web,3,0,0,104.6,1,1,0
BL-12119,FNT-12,baseline,0,2025-02-27T14:30:47,2025-02-27T16:30:47,Swing,DTC web,4,0,0,96.2,0,0,0
BL-12120,FNT-12,baseline,0,2025-02-27T14:40:30,2025-02-27T16:40:30,Swing,DTC web,1,0,0,112.6,0,0,0
BL-12121,FNT-12,baseline,0,2025-02-27T14:17:14,2025-02-27T16:17:14,Swing,DTC web,1,0,0,91.4,0,0,0
BL-12122,FNT-12,baseline,0,2025-02-27T14:33:07,2025-02-27T16:33:07,Swing,Marketplace,1,1,0,105.7,1,1,0
BL-12123,FNT-12,baseline,0,2025-02-27T14:35:24,2025-02-27T16:35:24,Swing,DTC web,7,0,0,136.3,0,0,1
BL-12124,FNT-12,baseline,0,2025-02-27T14:14:36,2025-02-27T16:14:36,Swing,Marketplace,5,0,0,128.2,1,1,1
BL-12125,FNT-12,baseline,0,2025-02-27T14:36:05,2025-02-27T16:36:05,Swing,DTC web,1,1,0,102.3,0,0,0
BL-12126,FNT-12,baseline,0,2025-02-27T14:11:45,2025-02-27T16:11:45,Swing,DTC web,4,0,0,127.5,0,0,1
BL-12127,FNT-12,baseline,0,2025-02-27T22:25:37,2025-02-28T00:25:37,Night,DTC web,1,1,0,93.3,0,0,0
BL-12128,FNT-12,baseline,0,2025-02-27T22:49:04,2025-02-28T00:49:04,Night,DTC web,7,0,0,153.6,1,0,1
BL-12129,FNT-12,baseline,0,2025-02-27T22:50:09,2025-02-28T00:50:09,Night,Store replen,7,0,0,185.4,1,1,1
BL-12130,AUS-01,baseline,0,2025-02-28T06:39:33,2025-02-28T08:39:33,Days,DTC web,2,0,0,97.7,0,0,0
BL-12131,AUS-01,baseline,0,2025-02-28T06:32:22,2025-02-28T08:32:22,Days,DTC web,4,0,0,101.4,0,0,0
BL-12132,AUS-01,baseline,0,2025-02-28T06:47:30,2025-02-28T08:47:30,Days,Store replen,7,0,0,120.2,1,1,1
BL-12133,AUS-01,baseline,0,2025-02-28T06:24:31,2025-02-28T08:24:31,Days,Store replen,1,0,0,76.1,0,0,0
BL-12134,AUS-01,baseline,0,2025-02-28T06:48:16,2025-02-28T08:48:16,Days,DTC web,2,1,0,76.1,0,0,0
BL-12135,AUS-01,baseline,0,2025-02-28T06:18:36,2025-02-28T08:18:36,Days,DTC web,3,0,0,81.9,0,0,0
BL-12136,AUS-01,baseline,0,2025-02-28T06:45:03,2025-02-28T08:45:03,Days,DTC web,4,0,1,94.6,0,0,0
BL-12137,AUS-01,baseline,0,2025-02-28T06:08:28,2025-02-28T08:08:28,Days,Store replen,2,0,0,82.0,0,0,0
BL-12138,AUS-01,baseline,0,2025-02-28T14:48:16,2025-02-28T16:48:16,Swing,DTC web,8,0,0,126.9,1,0,1
BL-12139,AUS-01,baseline,0,2025-02-28T14:50:39,2025-02-28T16:50:39,Swing,Store replen,9,0,0,118.8,0,0,0
BL-12140,AUS-01,baseline,0,2025-02-28T14:29:34,2025-02-28T16:29:34,Swing,Marketplace,1,1,0,66.3,0,0,0
BL-12141,AUS-01,baseline,0,2025-02-28T14:43:38,2025-02-28T16:43:38,Swing,Marketplace,3,0,0,95.3,1,0,0
BL-12142,AUS-01,baseline,0,2025-02-28T22:17:33,2025-03-01T00:17:33,Night,DTC web,3,0,1,99.9,0,0,0
BL-12143,AUS-01,baseline,0,2025-02-28T22:49:15,2025-03-01T00:49:15,Night,Marketplace,3,0,0,96.0,1,0,0
BL-12144,AUS-01,baseline,0,2025-02-28T22:43:43,2025-03-01T00:43:43,Night,DTC web,3,0,0,94.1,0,0,0
BL-12145,EWR-07,baseline,0,2025-02-28T06:51:11,2025-02-28T08:51:11,Days,DTC web,2,1,0,93.5,0,0,0
BL-12146,EWR-07,baseline,0,2025-02-28T06:16:41,2025-02-28T08:16:41,Days,Marketplace,5,0,0,104.5,0,0,0
BL-12147,EWR-07,baseline,0,2025-02-28T06:18:07,2025-02-28T08:18:07,Days,DTC web,1,1,0,101.5,0,0,0
BL-12148,EWR-07,baseline,0,2025-02-28T06:49:15,2025-02-28T08:49:15,Days,DTC web,7,0,0,153.0,2,1,1
BL-12149,EWR-07,baseline,0,2025-02-28T06:36:16,2025-02-28T08:36:16,Days,Store replen,2,0,0,86.4,0,0,0
BL-12150,EWR-07,baseline,0,2025-02-28T14:47:06,2025-02-28T16:47:06,Swing,DTC web,2,1,0,91.4,0,0,0
BL-12151,EWR-07,baseline,0,2025-02-28T14:25:32,2025-02-28T16:25:32,Swing,DTC web,4,0,0,135.4,1,0,1
BL-12152,EWR-07,baseline,0,2025-02-28T14:09:16,2025-02-28T16:09:16,Swing,Marketplace,3,0,0,99.2,0,0,0
BL-12153,EWR-07,baseline,0,2025-02-28T14:36:40,2025-02-28T16:36:40,Swing,DTC web,2,1,0,103.2,0,0,0
BL-12154,EWR-07,baseline,0,2025-02-28T14:29:28,2025-02-28T16:29:28,Swing,Marketplace,4,0,0,155.1,1,0,1
BL-12155,EWR-07,baseline,0,2025-02-28T22:15:47,2025-03-01T00:15:47,Night,DTC web,2,1,0,92.4,0,0,0
BL-12156,EWR-07,baseline,0,2025-02-28T22:28:43,2025-03-01T00:28:43,Night,DTC web,2,1,0,125.2,0,0,1
BL-12157,EWR-07,baseline,0,2025-02-28T22:34:15,2025-03-01T00:34:15,Night,DTC web,3,0,0,105.5,1,1,0
BL-12158,EWR-07,baseline,0,2025-02-28T22:48:27,2025-03-01T00:48:27,Night,Marketplace,1,1,0,82.8,0,0,0
BL-12159,EWR-07,baseline,0,2025-02-28T22:18:16,2025-03-01T00:18:16,Night,DTC web,4,0,0,120.3,0,0,1
BL-12160,EWR-07,baseline,0,2025-02-28T22:31:11,2025-03-01T00:31:11,Night,Marketplace,4,0,0,115.1,0,0,0
BL-12161,EWR-07,baseline,0,2025-02-28T22:36:04,2025-03-01T00:36:04,Night,Marketplace,3,0,0,118.2,1,1,0
BL-12162,EWR-07,baseline,0,2025-02-28T22:12:22,2025-03-01T00:12:22,Night,Marketplace,1,1,0,88.5,0,0,0
BL-12163,EWR-07,baseline,0,2025-02-28T22:33:42,2025-03-01T00:33:42,Night,DTC web,1,1,0,92.4,0,0,0
BL-12164,EWR-07,baseline,0,2025-02-28T22:19:02,2025-03-01T00:19:02,Night,DTC web,8,0,0,148.7,0,0,1
BL-12165,FNT-12,baseline,0,2025-02-28T06:09:40,2025-02-28T08:09:40,Days,DTC web,1,0,0,96.3,1,0,0
BL-12166,FNT-12,baseline,0,2025-02-28T06:17:16,2025-02-28T08:17:16,Days,DTC web,1,1,0,98.8,0,0,0
BL-12167,FNT-12,baseline,0,2025-02-28T06:46:01,2025-02-28T08:46:01,Days,Store replen,8,0,0,168.9,1,1,1
BL-12168,FNT-12,baseline,0,2025-02-28T06:23:49,2025-02-28T08:23:49,Days,Store replen,4,0,0,105.8,0,0,0
BL-12169,FNT-12,baseline,0,2025-02-28T06:33:39,2025-02-28T08:33:39,Days,DTC web,2,1,0,91.5,0,0,0
BL-12170,FNT-12,baseline,0,2025-02-28T06:16:24,2025-02-28T08:16:24,Days,DTC web,2,1,0,114.4,0,0,0
BL-12171,FNT-12,baseline,0,2025-02-28T06:39:28,2025-02-28T08:39:28,Days,Marketplace,3,0,0,133.5,0,0,1
BL-12172,FNT-12,baseline,0,2025-02-28T06:20:20,2025-02-28T08:20:20,Days,Marketplace,2,0,0,113.3,0,0,0
BL-12173,FNT-12,baseline,0,2025-02-28T06:09:44,2025-02-28T08:09:44,Days,Store replen,2,0,0,124.0,1,1,1
BL-12174,FNT-12,baseline,0,2025-02-28T06:40:09,2025-02-28T08:40:09,Days,Marketplace,1,1,0,98.7,0,0,0
BL-12175,FNT-12,baseline,0,2025-02-28T06:36:33,2025-02-28T08:36:33,Days,Marketplace,3,0,0,117.4,0,0,0
BL-12176,FNT-12,baseline,0,2025-02-28T06:42:29,2025-02-28T08:42:29,Days,Marketplace,7,0,0,142.7,0,0,1
BL-12177,FNT-12,baseline,0,2025-02-28T06:14:39,2025-02-28T08:14:39,Days,Store replen,8,0,0,143.2,0,0,1
BL-12178,FNT-12,baseline,0,2025-02-28T06:31:06,2025-02-28T08:31:06,Days,DTC web,5,0,0,126.9,1,0,1
BL-12179,FNT-12,baseline,0,2025-02-28T14:13:41,2025-02-28T16:13:41,Swing,Marketplace,3,0,0,123.3,0,0,1
BL-12180,FNT-12,baseline,0,2025-02-28T14:18:09,2025-02-28T16:18:09,Swing,Marketplace,13,0,0,179.4,0,0,1
BL-12181,FNT-12,baseline,0,2025-02-28T14:45:02,2025-02-28T16:45:02,Swing,Marketplace,1,0,0,91.2,0,0,0
BL-12182,FNT-12,baseline,0,2025-02-28T22:49:36,2025-03-01T00:49:36,Night,DTC web,2,1,0,129.9,1,1,1
BL-12183,FNT-12,baseline,0,2025-02-28T22:24:15,2025-03-01T00:24:15,Night,DTC web,2,1,0,128.1,0,0,1
BL-12184,FNT-12,baseline,0,2025-02-28T22:10:28,2025-03-01T00:10:28,Night,Marketplace,4,0,0,127.5,0,0,1
BL-12185,AUS-01,baseline,0,2025-03-01T06:50:35,2025-03-01T08:50:35,Days,Store replen,1,0,0,69.4,0,0,0
BL-12186,AUS-01,baseline,0,2025-03-01T06:50:28,2025-03-01T08:50:28,Days,Store replen,1,0,0,78.2,0,0,0
BL-12187,AUS-01,baseline,0,2025-03-01T06:36:46,2025-03-01T08:36:46,Days,Marketplace,2,1,0,86.4,0,0,0
BL-12188,AUS-01,baseline,0,2025-03-01T06:44:48,2025-03-01T08:44:48,Days,DTC web,2,0,0,84.4,0,0,0
BL-12189,AUS-01,baseline,0,2025-03-01T06:42:26,2025-03-01T08:42:26,Days,Marketplace,3,0,0,104.4,0,0,0
BL-12190,AUS-01,baseline,0,2025-03-01T14:18:20,2025-03-01T16:18:20,Swing,DTC web,1,1,0,103.0,1,1,0
BL-12191,AUS-01,baseline,0,2025-03-01T14:20:04,2025-03-01T16:20:04,Swing,Store replen,1,0,0,77.6,0,0,0
BL-12192,AUS-01,baseline,0,2025-03-01T22:08:30,2025-03-02T00:08:30,Night,Store replen,3,0,0,84.4,0,0,0
BL-12193,AUS-01,baseline,0,2025-03-01T22:10:38,2025-03-02T00:10:38,Night,DTC web,1,0,0,93.0,0,0,0
BL-12194,AUS-01,baseline,0,2025-03-01T22:47:46,2025-03-02T00:47:46,Night,Marketplace,3,0,0,112.3,0,0,0
BL-12195,AUS-01,baseline,0,2025-03-01T22:14:02,2025-03-02T00:14:02,Night,Marketplace,2,1,0,94.6,0,0,0
BL-12196,AUS-01,baseline,0,2025-03-01T22:32:33,2025-03-02T00:32:33,Night,Store replen,2,0,0,75.0,0,0,0
BL-12197,AUS-01,baseline,0,2025-03-01T22:11:23,2025-03-02T00:11:23,Night,DTC web,2,0,0,72.7,0,0,0
BL-12198,AUS-01,baseline,0,2025-03-01T22:13:07,2025-03-02T00:13:07,Night,Store replen,5,0,0,94.4,0,0,0
BL-12199,EWR-07,baseline,0,2025-03-01T06:09:24,2025-03-01T08:09:24,Days,Marketplace,1,1,0,106.7,1,0,0
BL-12200,EWR-07,baseline,0,2025-03-01T06:16:23,2025-03-01T08:16:23,Days,DTC web,2,0,0,88.1,0,0,0
BL-12201,EWR-07,baseline,0,2025-03-01T06:25:17,2025-03-01T08:25:17,Days,DTC web,3,0,0,86.9,0,0,0
BL-12202,EWR-07,baseline,0,2025-03-01T06:08:49,2025-03-01T08:08:49,Days,DTC web,7,0,0,129.3,0,0,1
BL-12203,EWR-07,baseline,0,2025-03-01T06:28:14,2025-03-01T08:28:14,Days,Marketplace,6,0,0,106.5,0,0,0
BL-12204,EWR-07,baseline,0,2025-03-01T06:50:42,2025-03-01T08:50:42,Days,Marketplace,2,1,0,110.6,0,0,0
BL-12205,EWR-07,baseline,0,2025-03-01T06:21:03,2025-03-01T08:21:03,Days,DTC web,3,0,0,105.5,0,0,0
BL-12206,EWR-07,baseline,0,2025-03-01T14:09:18,2025-03-01T16:09:18,Swing,DTC web,1,0,0,81.7,0,0,0
BL-12207,EWR-07,baseline,0,2025-03-01T14:29:05,2025-03-01T16:29:05,Swing,DTC web,4,0,0,105.4,0,0,0
BL-12208,EWR-07,baseline,0,2025-03-01T14:33:30,2025-03-01T16:33:30,Swing,DTC web,2,1,0,124.6,1,1,1
BL-12209,EWR-07,baseline,0,2025-03-01T22:27:12,2025-03-02T00:27:12,Night,DTC web,2,1,0,111.6,0,0,0
BL-12210,EWR-07,baseline,0,2025-03-01T22:22:08,2025-03-02T00:22:08,Night,Store replen,4,0,0,131.8,0,0,1
BL-12211,EWR-07,baseline,0,2025-03-01T22:49:24,2025-03-02T00:49:24,Night,DTC web,3,0,0,109.7,0,0,0
BL-12212,EWR-07,baseline,0,2025-03-01T22:41:47,2025-03-02T00:41:47,Night,DTC web,3,0,0,95.1,0,0,0
BL-12213,FNT-12,baseline,0,2025-03-01T06:12:43,2025-03-01T08:12:43,Days,Marketplace,2,0,0,110.6,0,0,0
BL-12214,FNT-12,baseline,0,2025-03-01T06:48:23,2025-03-01T08:48:23,Days,DTC web,1,1,0,93.1,0,0,0
BL-12215,FNT-12,baseline,0,2025-03-01T06:50:35,2025-03-01T08:50:35,Days,Marketplace,13,0,0,177.4,1,1,1
BL-12216,FNT-12,baseline,0,2025-03-01T14:33:42,2025-03-01T16:33:42,Swing,DTC web,1,0,0,76.0,0,0,0
BL-12217,FNT-12,baseline,0,2025-03-01T14:16:28,2025-03-01T16:16:28,Swing,DTC web,6,0,0,147.1,1,1,1
BL-12218,FNT-12,baseline,0,2025-03-01T14:13:04,2025-03-01T16:13:04,Swing,Marketplace,1,1,0,100.6,0,0,0
BL-12219,FNT-12,baseline,0,2025-03-01T22:14:02,2025-03-02T00:14:02,Night,Marketplace,7,0,0,153.4,0,0,1
BL-12220,FNT-12,baseline,0,2025-03-01T22:43:17,2025-03-02T00:43:17,Night,Store replen,3,0,1,138.8,0,0,1
BL-12221,AUS-01,pilot,1,2025-03-10T06:21:05,2025-03-10T08:21:05,Days,DTC web,3,0,0,82.1,0,0,0
BL-12222,AUS-01,pilot,1,2025-03-10T06:24:08,2025-03-10T08:24:08,Days,Marketplace,7,0,0,83.9,0,0,0
BL-12223,AUS-01,pilot,1,2025-03-10T14:20:45,2025-03-10T16:20:45,Swing,DTC web,2,1,0,55.6,0,0,0
BL-12224,AUS-01,pilot,1,2025-03-10T14:08:48,2025-03-10T16:08:48,Swing,Marketplace,9,0,0,86.2,0,0,0
BL-12225,AUS-01,pilot,1,2025-03-10T14:16:35,2025-03-10T16:16:35,Swing,DTC web,4,0,0,85.3,1,0,0
BL-12226,AUS-01,pilot,1,2025-03-10T14:18:13,2025-03-10T16:18:13,Swing,DTC web,2,1,0,80.1,0,0,0
BL-12227,AUS-01,pilot,1,2025-03-10T22:16:29,2025-03-11T00:16:29,Night,Store replen,1,0,0,65.6,0,0,0
BL-12228,AUS-01,pilot,1,2025-03-10T22:31:30,2025-03-11T00:31:30,Night,DTC web,1,0,0,63.7,1,0,0
BL-12229,AUS-01,pilot,1,2025-03-10T22:15:46,2025-03-11T00:15:46,Night,DTC web,5,0,0,95.4,0,0,0
BL-12230,AUS-01,pilot,1,2025-03-10T22:47:26,2025-03-11T00:47:26,Night,DTC web,3,0,0,62.0,0,0,0
BL-12231,AUS-01,pilot,1,2025-03-10T22:51:00,2025-03-11T00:51:00,Night,Marketplace,1,0,0,79.0,0,0,0
BL-12232,EWR-07,pilot,1,2025-03-10T06:47:15,2025-03-10T08:47:15,Days,DTC web,4,0,0,64.6,0,0,0
BL-12233,EWR-07,pilot,1,2025-03-10T06:29:23,2025-03-10T08:29:23,Days,DTC web,1,0,0,79.4,0,0,0
BL-12234,EWR-07,pilot,1,2025-03-10T06:27:11,2025-03-10T08:27:11,Days,DTC web,8,0,0,110.4,0,0,0
BL-12235,EWR-07,pilot,1,2025-03-10T06:29:41,2025-03-10T08:29:41,Days,Store replen,3,0,0,84.7,0,0,0
BL-12236,EWR-07,pilot,1,2025-03-10T06:29:49,2025-03-10T08:29:49,Days,DTC web,2,1,0,57.0,0,0,0
BL-12237,EWR-07,pilot,1,2025-03-10T06:35:20,2025-03-10T08:35:20,Days,DTC web,6,0,0,99.5,0,0,0
BL-12238,EWR-07,pilot,1,2025-03-10T06:29:01,2025-03-10T08:29:01,Days,DTC web,2,1,0,79.2,0,0,0
BL-12239,EWR-07,pilot,1,2025-03-10T14:48:21,2025-03-10T16:48:21,Swing,Marketplace,5,0,0,97.7,0,0,0
BL-12240,EWR-07,pilot,1,2025-03-10T14:14:00,2025-03-10T16:14:00,Swing,DTC web,6,0,1,105.5,0,0,0
BL-12241,EWR-07,pilot,1,2025-03-10T14:47:42,2025-03-10T16:47:42,Swing,DTC web,3,0,0,87.6,0,0,0
BL-12242,EWR-07,pilot,1,2025-03-10T14:30:16,2025-03-10T16:30:16,Swing,Store replen,4,0,0,124.7,0,0,1
BL-12243,EWR-07,pilot,1,2025-03-10T14:11:24,2025-03-10T16:11:24,Swing,Marketplace,4,0,0,91.4,0,0,0
BL-12244,EWR-07,pilot,1,2025-03-10T14:26:01,2025-03-10T16:26:01,Swing,Store replen,1,0,0,83.8,0,0,0
BL-12245,EWR-07,pilot,1,2025-03-10T14:10:22,2025-03-10T16:10:22,Swing,Marketplace,5,0,0,92.1,0,0,0
BL-12246,EWR-07,pilot,1,2025-03-10T14:27:05,2025-03-10T16:27:05,Swing,DTC web,4,0,0,80.7,0,0,0
BL-12247,EWR-07,pilot,1,2025-03-10T14:36:21,2025-03-10T16:36:21,Swing,DTC web,3,0,0,89.6,0,0,0
BL-12248,EWR-07,pilot,1,2025-03-10T22:15:44,2025-03-11T00:15:44,Night,DTC web,5,0,0,88.8,0,0,0
BL-12249,EWR-07,pilot,1,2025-03-10T22:35:49,2025-03-11T00:35:49,Night,Marketplace,4,0,0,93.9,0,0,0
BL-12250,EWR-07,pilot,1,2025-03-10T22:12:36,2025-03-11T00:12:36,Night,DTC web,7,0,0,112.8,0,0,0
BL-12251,EWR-07,pilot,1,2025-03-10T22:23:18,2025-03-11T00:23:18,Night,Marketplace,7,0,0,93.5,0,0,0
BL-12252,EWR-07,pilot,1,2025-03-10T22:21:06,2025-03-11T00:21:06,Night,Marketplace,2,1,0,87.1,0,0,0
BL-12253,EWR-07,pilot,1,2025-03-10T22:17:49,2025-03-11T00:17:49,Night,Marketplace,1,1,0,106.3,0,0,0
BL-12254,FNT-12,pilot,1,2025-03-10T06:13:26,2025-03-10T08:13:26,Days,Marketplace,1,1,0,76.5,0,0,0
BL-12255,FNT-12,pilot,1,2025-03-10T06:27:26,2025-03-10T08:27:26,Days,DTC web,6,0,0,96.3,1,1,0
BL-12256,FNT-12,pilot,1,2025-03-10T06:37:44,2025-03-10T08:37:44,Days,DTC web,3,0,0,73.6,0,0,0
BL-12257,FNT-12,pilot,1,2025-03-10T06:38:46,2025-03-10T08:38:46,Days,DTC web,3,0,0,94.1,0,0,0
BL-12258,FNT-12,pilot,1,2025-03-10T06:43:48,2025-03-10T08:43:48,Days,DTC web,3,0,0,95.6,1,1,0
BL-12259,FNT-12,pilot,1,2025-03-10T14:26:11,2025-03-10T16:26:11,Swing,DTC web,2,1,0,76.9,0,0,0
BL-12260,FNT-12,pilot,1,2025-03-10T14:44:27,2025-03-10T16:44:27,Swing,DTC web,1,1,0,80.3,0,0,0
BL-12261,FNT-12,pilot,1,2025-03-10T14:36:21,2025-03-10T16:36:21,Swing,Marketplace,3,0,0,83.5,0,0,0
BL-12262,FNT-12,pilot,1,2025-03-10T14:10:12,2025-03-10T16:10:12,Swing,Marketplace,7,0,0,112.6,1,1,0
BL-12263,FNT-12,pilot,1,2025-03-10T22:36:17,2025-03-11T00:36:17,Night,DTC web,4,0,0,98.5,1,0,0
BL-12264,FNT-12,pilot,1,2025-03-10T22:31:11,2025-03-11T00:31:11,Night,DTC web,5,0,0,120.2,1,1,1
BL-12265,FNT-12,pilot,1,2025-03-10T22:42:25,2025-03-11T00:42:25,Night,DTC web,4,0,0,122.8,1,1,1
BL-12266,AUS-01,pilot,1,2025-03-11T06:40:09,2025-03-11T08:40:09,Days,DTC web,4,0,0,82.2,0,0,0
BL-12267,AUS-01,pilot,1,2025-03-11T06:40:49,2025-03-11T08:40:49,Days,DTC web,14,0,0,97.7,0,0,0
BL-12268,AUS-01,pilot,1,2025-03-11T06:14:41,2025-03-11T08:14:41,Days,Marketplace,1,1,0,71.3,1,1,0
BL-12269,AUS-01,pilot,1,2025-03-11T14:18:10,2025-03-11T16:18:10,Swing,DTC web,10,0,0,83.6,0,0,0
BL-12270,AUS-01,pilot,1,2025-03-11T14:45:37,2025-03-11T16:45:37,Swing,DTC web,1,0,1,78.8,0,0,0
BL-12271,AUS-01,pilot,1,2025-03-11T14:20:25,2025-03-11T16:20:25,Swing,Marketplace,3,0,0,75.9,0,0,0
BL-12272,AUS-01,pilot,1,2025-03-11T14:35:46,2025-03-11T16:35:46,Swing,Marketplace,7,0,0,97.7,0,0,0
BL-12273,AUS-01,pilot,1,2025-03-11T14:34:03,2025-03-11T16:34:03,Swing,DTC web,8,0,0,96.9,0,0,0
BL-12274,AUS-01,pilot,1,2025-03-11T14:24:22,2025-03-11T16:24:22,Swing,DTC web,3,0,0,87.2,0,0,0
BL-12275,AUS-01,pilot,1,2025-03-11T14:39:46,2025-03-11T16:39:46,Swing,DTC web,7,0,0,74.8,0,0,0
BL-12276,AUS-01,pilot,1,2025-03-11T14:35:00,2025-03-11T16:35:00,Swing,DTC web,5,0,0,69.9,0,0,0
BL-12277,AUS-01,pilot,1,2025-03-11T22:39:41,2025-03-12T00:39:41,Night,Store replen,5,0,0,91.7,0,0,0
BL-12278,AUS-01,pilot,1,2025-03-11T22:48:09,2025-03-12T00:48:09,Night,DTC web,3,0,0,66.4,0,0,0
BL-12279,AUS-01,pilot,1,2025-03-11T22:12:24,2025-03-12T00:12:24,Night,DTC web,8,0,0,95.2,0,0,0
BL-12280,AUS-01,pilot,1,2025-03-11T22:49:21,2025-03-12T00:49:21,Night,Marketplace,1,1,0,69.0,0,0,0
BL-12281,AUS-01,pilot,1,2025-03-11T22:42:11,2025-03-12T00:42:11,Night,Store replen,5,0,0,86.0,0,0,0
BL-12282,AUS-01,pilot,1,2025-03-11T22:42:33,2025-03-12T00:42:33,Night,Marketplace,5,0,0,94.8,0,0,0
BL-12283,EWR-07,pilot,1,2025-03-11T06:23:15,2025-03-11T08:23:15,Days,Marketplace,5,0,0,93.7,0,0,0
BL-12284,EWR-07,pilot,1,2025-03-11T06:25:36,2025-03-11T08:25:36,Days,DTC web,3,0,0,82.3,0,0,0
BL-12285,EWR-07,pilot,1,2025-03-11T06:36:11,2025-03-11T08:36:11,Days,Marketplace,6,0,0,87.6,0,0,0
BL-12286,EWR-07,pilot,1,2025-03-11T06:29:00,2025-03-11T08:29:00,Days,DTC web,3,0,1,80.2,0,0,0
BL-12287,EWR-07,pilot,1,2025-03-11T06:21:19,2025-03-11T08:21:19,Days,DTC web,2,0,0,90.5,0,0,0
BL-12288,EWR-07,pilot,1,2025-03-11T06:09:47,2025-03-11T08:09:47,Days,Marketplace,2,1,0,69.3,1,0,0
BL-12289,EWR-07,pilot,1,2025-03-11T14:49:11,2025-03-11T16:49:11,Swing,Store replen,9,0,0,116.8,1,1,0
BL-12290,EWR-07,pilot,1,2025-03-11T14:19:10,2025-03-11T16:19:10,Swing,DTC web,2,1,0,73.7,0,0,0
BL-12291,EWR-07,pilot,1,2025-03-11T14:26:25,2025-03-11T16:26:25,Swing,DTC web,4,0,0,109.5,1,1,0
BL-12292,EWR-07,pilot,1,2025-03-11T14:49:18,2025-03-11T16:49:18,Swing,DTC web,5,0,0,101.0,0,0,0
BL-12293,EWR-07,pilot,1,2025-03-11T14:37:30,2025-03-11T16:37:30,Swing,Marketplace,5,0,0,102.2,2,1,0
BL-12294,EWR-07,pilot,1,2025-03-11T14:16:21,2025-03-11T16:16:21,Swing,DTC web,1,1,0,56.7,0,0,0
BL-12295,EWR-07,pilot,1,2025-03-11T14:44:41,2025-03-11T16:44:41,Swing,Marketplace,3,0,0,101.7,0,0,0
BL-12296,EWR-07,pilot,1,2025-03-11T14:36:27,2025-03-11T16:36:27,Swing,DTC web,4,0,0,93.9,0,0,0
BL-12297,EWR-07,pilot,1,2025-03-11T14:35:32,2025-03-11T16:35:32,Swing,Store replen,5,0,0,94.5,0,0,0
BL-12298,EWR-07,pilot,1,2025-03-11T22:38:00,2025-03-12T00:38:00,Night,DTC web,1,1,0,69.3,0,0,0
BL-12299,EWR-07,pilot,1,2025-03-11T22:43:00,2025-03-12T00:43:00,Night,DTC web,1,1,0,64.8,0,0,0
BL-12300,EWR-07,pilot,1,2025-03-11T22:43:20,2025-03-12T00:43:20,Night,Marketplace,6,0,0,122.0,0,0,1
BL-12301,EWR-07,pilot,1,2025-03-11T22:31:17,2025-03-12T00:31:17,Night,Marketplace,11,0,0,135.0,0,0,1
BL-12302,EWR-07,pilot,1,2025-03-11T22:27:04,2025-03-12T00:27:04,Night,DTC web,2,1,0,79.2,0,0,0
BL-12303,EWR-07,pilot,1,2025-03-11T22:12:28,2025-03-12T00:12:28,Night,Marketplace,6,0,0,96.8,0,0,0
BL-12304,EWR-07,pilot,1,2025-03-11T22:17:06,2025-03-12T00:17:06,Night,DTC web,6,0,0,94.8,0,0,0
BL-12305,FNT-12,pilot,1,2025-03-11T06:12:30,2025-03-11T08:12:30,Days,Marketplace,14,0,0,135.6,0,0,1
BL-12306,FNT-12,pilot,1,2025-03-11T06:22:15,2025-03-11T08:22:15,Days,DTC web,2,1,0,79.6,0,0,0
BL-12307,FNT-12,pilot,1,2025-03-11T06:32:17,2025-03-11T08:32:17,Days,DTC web,4,0,0,137.8,0,0,1
BL-12308,FNT-12,pilot,1,2025-03-11T06:44:39,2025-03-11T08:44:39,Days,Marketplace,5,0,0,74.3,1,1,0
BL-12309,FNT-12,pilot,1,2025-03-11T06:34:22,2025-03-11T08:34:22,Days,DTC web,3,0,0,113.6,0,0,0
BL-12310,FNT-12,pilot,1,2025-03-11T14:10:03,2025-03-11T16:10:03,Swing,DTC web,5,0,0,80.9,0,0,0
BL-12311,FNT-12,pilot,1,2025-03-11T14:26:27,2025-03-11T16:26:27,Swing,DTC web,3,0,0,70.8,0,0,0
BL-12312,FNT-12,pilot,1,2025-03-11T14:22:20,2025-03-11T16:22:20,Swing,Marketplace,10,0,0,119.5,0,0,0
BL-12313,FNT-12,pilot,1,2025-03-11T14:19:24,2025-03-11T16:19:24,Swing,Marketplace,7,0,0,87.1,0,0,0
BL-12314,FNT-12,pilot,1,2025-03-11T14:46:36,2025-03-11T16:46:36,Swing,Marketplace,4,0,0,92.9,0,0,0
BL-12315,FNT-12,pilot,1,2025-03-11T22:20:05,2025-03-12T00:20:05,Night,Store replen,1,0,0,86.0,0,0,0
BL-12316,FNT-12,pilot,1,2025-03-11T22:19:44,2025-03-12T00:19:44,Night,Marketplace,5,0,0,97.2,0,0,0
BL-12317,FNT-12,pilot,1,2025-03-11T22:34:41,2025-03-12T00:34:41,Night,DTC web,4,0,0,120.9,1,0,1
BL-12318,FNT-12,pilot,1,2025-03-11T22:49:17,2025-03-12T00:49:17,Night,DTC web,4,0,1,95.2,0,0,0
BL-12319,FNT-12,pilot,1,2025-03-11T22:28:20,2025-03-12T00:28:20,Night,Marketplace,1,1,0,74.8,0,0,0
BL-12320,FNT-12,pilot,1,2025-03-11T22:47:01,2025-03-12T00:47:01,Night,Marketplace,3,0,0,106.1,0,0,0
BL-12321,AUS-01,pilot,1,2025-03-12T06:38:46,2025-03-12T08:38:46,Days,DTC web,3,0,0,61.1,0,0,0
BL-12322,AUS-01,pilot,1,2025-03-12T06:39:30,2025-03-12T08:39:30,Days,DTC web,1,0,1,56.6,1,1,0
BL-12323,AUS-01,pilot,1,2025-03-12T06:26:33,2025-03-12T08:26:33,Days,DTC web,5,0,0,77.2,0,0,0
BL-12324,AUS-01,pilot,1,2025-03-12T06:23:36,2025-03-12T08:23:36,Days,Marketplace,5,0,0,84.8,0,0,0
BL-12325,AUS-01,pilot,1,2025-03-12T14:41:41,2025-03-12T16:41:41,Swing,DTC web,3,0,0,63.7,0,0,0
BL-12326,AUS-01,pilot,1,2025-03-12T14:14:32,2025-03-12T16:14:32,Swing,DTC web,1,0,1,61.4,0,0,0
BL-12327,AUS-01,pilot,1,2025-03-12T14:20:30,2025-03-12T16:20:30,Swing,DTC web,7,0,0,77.6,0,0,0
BL-12328,AUS-01,pilot,1,2025-03-12T14:35:03,2025-03-12T16:35:03,Swing,DTC web,3,0,0,68.7,0,0,0
BL-12329,AUS-01,pilot,1,2025-03-12T22:28:39,2025-03-13T00:28:39,Night,DTC web,10,0,0,97.2,0,0,0
BL-12330,AUS-01,pilot,1,2025-03-12T22:36:17,2025-03-13T00:36:17,Night,DTC web,9,0,0,116.2,0,0,0
BL-12331,AUS-01,pilot,1,2025-03-12T22:29:04,2025-03-13T00:29:04,Night,DTC web,2,1,0,76.5,0,0,0
BL-12332,AUS-01,pilot,1,2025-03-12T22:36:19,2025-03-13T00:36:19,Night,DTC web,2,1,0,81.4,1,1,0
BL-12333,AUS-01,pilot,1,2025-03-12T22:44:15,2025-03-13T00:44:15,Night,Marketplace,2,1,0,50.7,0,0,0
BL-12334,EWR-07,pilot,1,2025-03-12T06:33:47,2025-03-12T08:33:47,Days,DTC web,5,0,0,105.4,1,1,0
BL-12335,EWR-07,pilot,1,2025-03-12T06:31:48,2025-03-12T08:31:48,Days,Store replen,2,0,0,87.0,0,0,0
BL-12336,EWR-07,pilot,1,2025-03-12T06:31:48,2025-03-12T08:31:48,Days,DTC web,2,1,0,69.9,1,0,0
BL-12337,EWR-07,pilot,1,2025-03-12T06:21:45,2025-03-12T08:21:45,Days,Store replen,1,0,0,78.5,1,1,0
BL-12338,EWR-07,pilot,1,2025-03-12T06:47:31,2025-03-12T08:47:31,Days,DTC web,3,0,0,85.0,0,0,0
BL-12339,EWR-07,pilot,1,2025-03-12T06:50:39,2025-03-12T08:50:39,Days,Marketplace,2,1,0,82.9,0,0,0
BL-12340,EWR-07,pilot,1,2025-03-12T06:50:26,2025-03-12T08:50:26,Days,DTC web,2,1,0,74.6,0,0,0
BL-12341,EWR-07,pilot,1,2025-03-12T06:12:03,2025-03-12T08:12:03,Days,Marketplace,2,0,1,58.3,0,0,0
BL-12342,EWR-07,pilot,1,2025-03-12T06:46:00,2025-03-12T08:46:00,Days,Marketplace,4,0,1,103.4,1,1,0
BL-12343,EWR-07,pilot,1,2025-03-12T14:23:10,2025-03-12T16:23:10,Swing,DTC web,6,0,0,100.7,0,0,0
BL-12344,EWR-07,pilot,1,2025-03-12T14:29:15,2025-03-12T16:29:15,Swing,DTC web,3,0,0,88.7,0,0,0
BL-12345,EWR-07,pilot,1,2025-03-12T14:45:02,2025-03-12T16:45:02,Swing,DTC web,7,0,0,98.4,0,0,0
BL-12346,EWR-07,pilot,1,2025-03-12T14:45:43,2025-03-12T16:45:43,Swing,Marketplace,2,1,0,74.4,0,0,0
BL-12347,EWR-07,pilot,1,2025-03-12T14:33:30,2025-03-12T16:33:30,Swing,Marketplace,2,1,0,71.9,0,0,0
BL-12348,EWR-07,pilot,1,2025-03-12T14:44:22,2025-03-12T16:44:22,Swing,Store replen,2,0,0,93.0,0,0,0
BL-12349,EWR-07,pilot,1,2025-03-12T14:09:48,2025-03-12T16:09:48,Swing,Marketplace,4,0,0,86.8,0,0,0
BL-12350,EWR-07,pilot,1,2025-03-12T14:37:45,2025-03-12T16:37:45,Swing,DTC web,4,0,0,116.1,0,0,0
BL-12351,EWR-07,pilot,1,2025-03-12T14:42:16,2025-03-12T16:42:16,Swing,DTC web,9,0,0,109.4,0,0,0
BL-12352,EWR-07,pilot,1,2025-03-12T14:27:30,2025-03-12T16:27:30,Swing,DTC web,8,0,0,131.7,0,0,1
BL-12353,EWR-07,pilot,1,2025-03-12T22:48:10,2025-03-13T00:48:10,Night,DTC web,7,0,0,123.5,0,0,1
BL-12354,EWR-07,pilot,1,2025-03-12T22:47:39,2025-03-13T00:47:39,Night,Store replen,3,0,0,102.1,0,0,0
BL-12355,EWR-07,pilot,1,2025-03-12T22:51:32,2025-03-13T00:51:32,Night,DTC web,1,1,0,80.0,0,0,0
BL-12356,EWR-07,pilot,1,2025-03-12T22:19:09,2025-03-13T00:19:09,Night,DTC web,1,1,0,72.9,0,0,0
BL-12357,EWR-07,pilot,1,2025-03-12T22:13:25,2025-03-13T00:13:25,Night,DTC web,1,1,0,56.9,0,0,0
BL-12358,FNT-12,pilot,1,2025-03-12T06:38:14,2025-03-12T08:38:14,Days,DTC web,6,0,0,79.9,0,0,0
BL-12359,FNT-12,pilot,1,2025-03-12T06:36:31,2025-03-12T08:36:31,Days,DTC web,1,0,1,85.0,0,0,0
BL-12360,FNT-12,pilot,1,2025-03-12T06:49:42,2025-03-12T08:49:42,Days,Marketplace,5,0,0,92.2,0,0,0
BL-12361,FNT-12,pilot,1,2025-03-12T06:14:47,2025-03-12T08:14:47,Days,Store replen,1,0,0,67.1,0,0,0
BL-12362,FNT-12,pilot,1,2025-03-12T06:11:08,2025-03-12T08:11:08,Days,Store replen,2,0,0,71.7,0,0,0
BL-12363,FNT-12,pilot,1,2025-03-12T06:29:02,2025-03-12T08:29:02,Days,Store replen,8,0,0,137.1,0,0,1
BL-12364,FNT-12,pilot,1,2025-03-12T14:30:25,2025-03-12T16:30:25,Swing,Marketplace,1,1,0,77.9,0,0,0
BL-12365,FNT-12,pilot,1,2025-03-12T14:17:29,2025-03-12T16:17:29,Swing,Marketplace,2,1,0,90.9,1,1,0
BL-12366,FNT-12,pilot,1,2025-03-12T14:18:28,2025-03-12T16:18:28,Swing,DTC web,7,0,0,102.0,1,1,0
BL-12367,FNT-12,pilot,1,2025-03-12T14:19:36,2025-03-12T16:19:36,Swing,DTC web,3,0,0,104.8,0,0,0
BL-12368,FNT-12,pilot,1,2025-03-12T14:51:16,2025-03-12T16:51:16,Swing,DTC web,3,0,0,86.8,0,0,0
BL-12369,FNT-12,pilot,1,2025-03-12T14:46:13,2025-03-12T16:46:13,Swing,Store replen,5,0,0,109.6,0,0,0
BL-12370,FNT-12,pilot,1,2025-03-12T14:14:39,2025-03-12T16:14:39,Swing,DTC web,1,0,0,81.0,0,0,0
BL-12371,FNT-12,pilot,1,2025-03-12T14:51:13,2025-03-12T16:51:13,Swing,DTC web,5,0,0,124.5,0,0,1
BL-12372,FNT-12,pilot,1,2025-03-12T14:30:06,2025-03-12T16:30:06,Swing,Marketplace,3,0,0,79.7,0,0,0
BL-12373,FNT-12,pilot,1,2025-03-12T22:23:46,2025-03-13T00:23:46,Night,Store replen,2,0,0,85.7,0,0,0
BL-12374,FNT-12,pilot,1,2025-03-12T22:48:10,2025-03-13T00:48:10,Night,Marketplace,2,1,0,78.6,1,0,0
BL-12375,FNT-12,pilot,1,2025-03-12T22:21:46,2025-03-13T00:21:46,Night,DTC web,1,0,0,74.5,0,0,0
BL-12376,FNT-12,pilot,1,2025-03-12T22:37:08,2025-03-13T00:37:08,Night,Marketplace,1,1,0,79.6,0,0,0
BL-12377,FNT-12,pilot,1,2025-03-12T22:13:22,2025-03-13T00:13:22,Night,DTC web,1,1,0,82.2,1,1,0
BL-12378,AUS-01,pilot,1,2025-03-13T06:48:39,2025-03-13T08:48:39,Days,DTC web,2,1,0,66.9,1,1,0
BL-12379,AUS-01,pilot,1,2025-03-13T06:20:08,2025-03-13T08:20:08,Days,DTC web,4,0,0,103.1,1,1,0
BL-12380,AUS-01,pilot,1,2025-03-13T06:45:41,2025-03-13T08:45:41,Days,DTC web,6,0,0,76.4,0,0,0
BL-12381,AUS-01,pilot,1,2025-03-13T06:47:19,2025-03-13T08:47:19,Days,DTC web,4,0,0,81.0,0,0,0
BL-12382,AUS-01,pilot,1,2025-03-13T06:12:47,2025-03-13T08:12:47,Days,DTC web,5,0,0,59.5,0,0,0
BL-12383,AUS-01,pilot,1,2025-03-13T06:42:34,2025-03-13T08:42:34,Days,DTC web,4,0,0,76.3,0,0,0
BL-12384,AUS-01,pilot,1,2025-03-13T06:51:42,2025-03-13T08:51:42,Days,DTC web,4,0,0,63.9,0,0,0
BL-12385,AUS-01,pilot,1,2025-03-13T14:16:07,2025-03-13T16:16:07,Swing,DTC web,3,0,0,78.4,0,0,0
BL-12386,AUS-01,pilot,1,2025-03-13T14:26:45,2025-03-13T16:26:45,Swing,Store replen,4,0,0,60.4,0,0,0
BL-12387,AUS-01,pilot,1,2025-03-13T14:32:33,2025-03-13T16:32:33,Swing,Marketplace,13,0,0,106.7,0,0,0
BL-12388,AUS-01,pilot,1,2025-03-13T14:09:40,2025-03-13T16:09:40,Swing,DTC web,5,0,0,88.8,0,0,0
BL-12389,AUS-01,pilot,1,2025-03-13T14:42:02,2025-03-13T16:42:02,Swing,Marketplace,1,1,0,66.4,1,0,0
BL-12390,AUS-01,pilot,1,2025-03-13T14:27:18,2025-03-13T16:27:18,Swing,DTC web,3,0,0,79.8,0,0,0
BL-12391,AUS-01,pilot,1,2025-03-13T22:40:39,2025-03-14T00:40:39,Night,DTC web,3,0,0,86.8,0,0,0
BL-12392,AUS-01,pilot,1,2025-03-13T22:11:35,2025-03-14T00:11:35,Night,DTC web,2,1,0,64.4,0,0,0
BL-12393,AUS-01,pilot,1,2025-03-13T22:48:19,2025-03-14T00:48:19,Night,DTC web,2,1,0,65.6,0,0,0
BL-12394,AUS-01,pilot,1,2025-03-13T22:51:21,2025-03-14T00:51:21,Night,Store replen,3,0,0,70.1,0,0,0
BL-12395,AUS-01,pilot,1,2025-03-13T22:22:39,2025-03-14T00:22:39,Night,DTC web,5,0,0,77.0,0,0,0
BL-12396,EWR-07,pilot,1,2025-03-13T06:46:21,2025-03-13T08:46:21,Days,Marketplace,5,0,0,93.1,0,0,0
BL-12397,EWR-07,pilot,1,2025-03-13T06:09:43,2025-03-13T08:09:43,Days,Marketplace,3,0,0,76.6,0,0,0
BL-12398,EWR-07,pilot,1,2025-03-13T06:45:20,2025-03-13T08:45:20,Days,Marketplace,8,0,0,105.1,0,0,0
BL-12399,EWR-07,pilot,1,2025-03-13T06:14:16,2025-03-13T08:14:16,Days,DTC web,7,0,0,80.7,0,0,0
BL-12400,EWR-07,pilot,1,2025-03-13T06:25:18,2025-03-13T08:25:18,Days,Marketplace,4,0,0,102.3,0,0,0
BL-12401,EWR-07,pilot,1,2025-03-13T06:24:32,2025-03-13T08:24:32,Days,Store replen,4,0,0,119.6,1,1,0
BL-12402,EWR-07,pilot,1,2025-03-13T06:29:22,2025-03-13T08:29:22,Days,Store replen,2,0,0,59.4,0,0,0
BL-12403,EWR-07,pilot,1,2025-03-13T14:16:24,2025-03-13T16:16:24,Swing,Store replen,1,0,0,71.1,0,0,0
BL-12404,EWR-07,pilot,1,2025-03-13T14:20:38,2025-03-13T16:20:38,Swing,DTC web,3,0,0,90.2,0,0,0
BL-12405,EWR-07,pilot,1,2025-03-13T14:36:31,2025-03-13T16:36:31,Swing,Marketplace,6,0,0,98.6,0,0,0
BL-12406,EWR-07,pilot,1,2025-03-13T14:46:28,2025-03-13T16:46:28,Swing,Marketplace,1,1,0,58.0,0,0,0
BL-12407,EWR-07,pilot,1,2025-03-13T14:47:18,2025-03-13T16:47:18,Swing,Marketplace,10,0,0,118.1,0,0,0
BL-12408,EWR-07,pilot,1,2025-03-13T14:46:43,2025-03-13T16:46:43,Swing,Marketplace,6,0,1,89.0,0,0,0
BL-12409,EWR-07,pilot,1,2025-03-13T22:34:23,2025-03-14T00:34:23,Night,DTC web,1,0,0,74.6,0,0,0
BL-12410,EWR-07,pilot,1,2025-03-13T22:27:44,2025-03-14T00:27:44,Night,DTC web,4,0,0,111.3,0,0,0
BL-12411,EWR-07,pilot,1,2025-03-13T22:23:27,2025-03-14T00:23:27,Night,DTC web,3,0,0,100.3,1,1,0
BL-12412,EWR-07,pilot,1,2025-03-13T22:40:28,2025-03-14T00:40:28,Night,DTC web,3,0,0,82.5,1,1,0
BL-12413,EWR-07,pilot,1,2025-03-13T22:30:01,2025-03-14T00:30:01,Night,DTC web,1,1,0,73.1,0,0,0
BL-12414,EWR-07,pilot,1,2025-03-13T22:48:38,2025-03-14T00:48:38,Night,Store replen,4,0,0,101.2,1,1,0
BL-12415,EWR-07,pilot,1,2025-03-13T22:31:36,2025-03-14T00:31:36,Night,DTC web,2,1,0,90.8,0,0,0
BL-12416,EWR-07,pilot,1,2025-03-13T22:17:42,2025-03-14T00:17:42,Night,Store replen,1,0,0,87.8,0,0,0
BL-12417,FNT-12,pilot,1,2025-03-13T06:30:38,2025-03-13T08:30:38,Days,DTC web,4,0,0,79.3,0,0,0
BL-12418,FNT-12,pilot,1,2025-03-13T06:32:47,2025-03-13T08:32:47,Days,DTC web,1,1,0,63.5,1,0,0
BL-12419,FNT-12,pilot,1,2025-03-13T06:17:39,2025-03-13T08:17:39,Days,Store replen,6,0,0,92.6,0,0,0
BL-12420,FNT-12,pilot,1,2025-03-13T06:32:38,2025-03-13T08:32:38,Days,DTC web,8,0,0,93.9,1,1,0
BL-12421,FNT-12,pilot,1,2025-03-13T06:32:38,2025-03-13T08:32:38,Days,DTC web,3,0,0,58.2,0,0,0
BL-12422,FNT-12,pilot,1,2025-03-13T06:35:34,2025-03-13T08:35:34,Days,DTC web,2,0,0,83.8,1,1,0
BL-12423,FNT-12,pilot,1,2025-03-13T14:25:11,2025-03-13T16:25:11,Swing,DTC web,5,0,0,102.5,0,0,0
BL-12424,FNT-12,pilot,1,2025-03-13T14:46:30,2025-03-13T16:46:30,Swing,Marketplace,4,0,0,91.9,0,0,0
BL-12425,FNT-12,pilot,1,2025-03-13T14:40:26,2025-03-13T16:40:26,Swing,DTC web,2,1,0,51.0,0,0,0
BL-12426,FNT-12,pilot,1,2025-03-13T14:20:28,2025-03-13T16:20:28,Swing,Marketplace,10,0,0,115.7,0,0,0
BL-12427,FNT-12,pilot,1,2025-03-13T22:18:44,2025-03-14T00:18:44,Night,Store replen,3,0,0,104.9,0,0,0
BL-12428,FNT-12,pilot,1,2025-03-13T22:47:18,2025-03-14T00:47:18,Night,DTC web,3,0,0,102.1,1,1,0
BL-12429,FNT-12,pilot,1,2025-03-13T22:18:35,2025-03-14T00:18:35,Night,Marketplace,2,0,0,81.0,0,0,0
BL-12430,FNT-12,pilot,1,2025-03-13T22:24:32,2025-03-14T00:24:32,Night,Marketplace,3,0,0,79.2,0,0,0
BL-12431,AUS-01,pilot,1,2025-03-14T06:23:08,2025-03-14T08:23:08,Days,DTC web,4,0,0,77.7,0,0,0
BL-12432,AUS-01,pilot,1,2025-03-14T06:41:40,2025-03-14T08:41:40,Days,DTC web,5,0,0,74.4,0,0,0
BL-12433,AUS-01,pilot,1,2025-03-14T06:23:36,2025-03-14T08:23:36,Days,DTC web,2,1,0,60.5,0,0,0
BL-12434,AUS-01,pilot,1,2025-03-14T06:17:33,2025-03-14T08:17:33,Days,Store replen,1,0,1,76.9,0,0,0
BL-12435,AUS-01,pilot,1,2025-03-14T06:12:29,2025-03-14T08:12:29,Days,DTC web,2,0,0,57.3,0,0,0
BL-12436,AUS-01,pilot,1,2025-03-14T06:42:27,2025-03-14T08:42:27,Days,Store replen,2,0,0,68.9,0,0,0
BL-12437,AUS-01,pilot,1,2025-03-14T06:14:35,2025-03-14T08:14:35,Days,Marketplace,4,0,0,72.1,0,0,0
BL-12438,AUS-01,pilot,1,2025-03-14T06:31:33,2025-03-14T08:31:33,Days,Marketplace,1,1,0,60.8,0,0,0
BL-12439,AUS-01,pilot,1,2025-03-14T14:50:05,2025-03-14T16:50:05,Swing,DTC web,4,0,0,91.6,1,1,0
BL-12440,AUS-01,pilot,1,2025-03-14T14:34:16,2025-03-14T16:34:16,Swing,DTC web,1,1,0,48.2,0,0,0
BL-12441,AUS-01,pilot,1,2025-03-14T14:20:35,2025-03-14T16:20:35,Swing,Marketplace,1,1,0,52.3,0,0,0
BL-12442,AUS-01,pilot,1,2025-03-14T14:25:22,2025-03-14T16:25:22,Swing,DTC web,1,1,0,54.5,0,0,0
BL-12443,AUS-01,pilot,1,2025-03-14T14:25:19,2025-03-14T16:25:19,Swing,DTC web,2,1,0,69.2,0,0,0
BL-12444,AUS-01,pilot,1,2025-03-14T22:10:16,2025-03-15T00:10:16,Night,DTC web,1,1,0,77.0,0,0,0
BL-12445,AUS-01,pilot,1,2025-03-14T22:27:17,2025-03-15T00:27:17,Night,Marketplace,8,0,0,105.0,0,0,0
BL-12446,AUS-01,pilot,1,2025-03-14T22:14:32,2025-03-15T00:14:32,Night,DTC web,2,1,0,64.8,0,0,0
BL-12447,AUS-01,pilot,1,2025-03-14T22:24:01,2025-03-15T00:24:01,Night,Marketplace,6,0,0,97.3,2,1,0
BL-12448,AUS-01,pilot,1,2025-03-14T22:20:01,2025-03-15T00:20:01,Night,DTC web,1,1,0,70.3,0,0,0
BL-12449,EWR-07,pilot,1,2025-03-14T06:17:27,2025-03-14T08:17:27,Days,DTC web,4,0,0,85.9,0,0,0
BL-12450,EWR-07,pilot,1,2025-03-14T06:15:49,2025-03-14T08:15:49,Days,DTC web,2,1,0,103.3,0,0,0
BL-12451,EWR-07,pilot,1,2025-03-14T06:47:44,2025-03-14T08:47:44,Days,DTC web,4,0,0,110.7,0,0,0
BL-12452,EWR-07,pilot,1,2025-03-14T06:40:08,2025-03-14T08:40:08,Days,Store replen,1,0,0,75.1,1,0,0
BL-12453,EWR-07,pilot,1,2025-03-14T06:46:10,2025-03-14T08:46:10,Days,Marketplace,1,1,0,63.5,1,1,0
BL-12454,EWR-07,pilot,1,2025-03-14T06:28:01,2025-03-14T08:28:01,Days,Marketplace,1,1,0,113.5,0,0,0
BL-12455,EWR-07,pilot,1,2025-03-14T06:34:36,2025-03-14T08:34:36,Days,DTC web,1,0,0,72.9,0,0,0
BL-12456,EWR-07,pilot,1,2025-03-14T14:22:04,2025-03-14T16:22:04,Swing,DTC web,3,0,0,74.1,0,0,0
BL-12457,EWR-07,pilot,1,2025-03-14T14:22:22,2025-03-14T16:22:22,Swing,DTC web,3,0,0,93.5,0,0,0
BL-12458,EWR-07,pilot,1,2025-03-14T14:51:36,2025-03-14T16:51:36,Swing,Marketplace,1,1,0,78.1,0,0,0
BL-12459,EWR-07,pilot,1,2025-03-14T14:29:34,2025-03-14T16:29:34,Swing,Marketplace,1,0,0,71.7,0,0,0
BL-12460,EWR-07,pilot,1,2025-03-14T14:19:32,2025-03-14T16:19:32,Swing,DTC web,5,0,0,100.5,0,0,0
BL-12461,EWR-07,pilot,1,2025-03-14T14:09:00,2025-03-14T16:09:00,Swing,DTC web,5,0,0,79.5,0,0,0
BL-12462,EWR-07,pilot,1,2025-03-14T22:21:23,2025-03-15T00:21:23,Night,DTC web,2,0,1,80.9,0,0,0
BL-12463,EWR-07,pilot,1,2025-03-14T22:13:24,2025-03-15T00:13:24,Night,DTC web,5,0,0,134.2,1,1,1
BL-12464,EWR-07,pilot,1,2025-03-14T22:11:46,2025-03-15T00:11:46,Night,DTC web,1,1,0,83.2,0,0,0
BL-12465,EWR-07,pilot,1,2025-03-14T22:48:48,2025-03-15T00:48:48,Night,DTC web,1,1,0,70.4,0,0,0
BL-12466,FNT-12,pilot,1,2025-03-14T06:42:29,2025-03-14T08:42:29,Days,Marketplace,5,0,0,90.7,0,0,0
BL-12467,FNT-12,pilot,1,2025-03-14T06:35:04,2025-03-14T08:35:04,Days,DTC web,1,1,0,66.7,0,0,0
BL-12468,FNT-12,pilot,1,2025-03-14T06:50:42,2025-03-14T08:50:42,Days,DTC web,3,0,0,84.7,0,0,0
BL-12469,FNT-12,pilot,1,2025-03-14T06:47:07,2025-03-14T08:47:07,Days,DTC web,3,0,0,74.8,0,0,0
BL-12470,FNT-12,pilot,1,2025-03-14T06:13:28,2025-03-14T08:13:28,Days,DTC web,6,0,0,73.4,0,0,0
BL-12471,FNT-12,pilot,1,2025-03-14T06:46:31,2025-03-14T08:46:31,Days,Marketplace,1,1,0,102.4,0,0,0
BL-12472,FNT-12,pilot,1,2025-03-14T14:48:05,2025-03-14T16:48:05,Swing,Marketplace,1,0,0,67.7,0,0,0
BL-12473,FNT-12,pilot,1,2025-03-14T14:41:09,2025-03-14T16:41:09,Swing,DTC web,3,0,0,74.9,0,0,0
BL-12474,FNT-12,pilot,1,2025-03-14T14:11:41,2025-03-14T16:11:41,Swing,Marketplace,4,0,0,102.9,0,0,0
BL-12475,FNT-12,pilot,1,2025-03-14T14:31:27,2025-03-14T16:31:27,Swing,DTC web,1,1,0,59.0,1,1,0
BL-12476,FNT-12,pilot,1,2025-03-14T14:44:01,2025-03-14T16:44:01,Swing,DTC web,4,0,0,101.8,0,0,0
BL-12477,FNT-12,pilot,1,2025-03-14T14:42:38,2025-03-14T16:42:38,Swing,Marketplace,1,1,0,64.5,0,0,0
BL-12478,FNT-12,pilot,1,2025-03-14T22:50:22,2025-03-15T00:50:22,Night,Store replen,3,0,0,106.1,1,1,0
BL-12479,FNT-12,pilot,1,2025-03-14T22:46:21,2025-03-15T00:46:21,Night,DTC web,3,0,0,88.0,0,0,0
BL-12480,AUS-01,pilot,1,2025-03-15T06:27:21,2025-03-15T08:27:21,Days,DTC web,4,0,0,58.2,0,0,0
BL-12481,AUS-01,pilot,1,2025-03-15T06:43:46,2025-03-15T08:43:46,Days,Marketplace,5,0,0,81.8,0,0,0
BL-12482,AUS-01,pilot,1,2025-03-15T06:43:38,2025-03-15T08:43:38,Days,DTC web,6,0,0,61.2,0,0,0
BL-12483,AUS-01,pilot,1,2025-03-15T06:23:19,2025-03-15T08:23:19,Days,DTC web,3,0,0,67.6,0,0,0
BL-12484,AUS-01,pilot,1,2025-03-15T14:27:43,2025-03-15T16:27:43,Swing,DTC web,4,0,0,107.2,1,0,0
BL-12485,AUS-01,pilot,1,2025-03-15T14:17:15,2025-03-15T16:17:15,Swing,DTC web,3,0,0,77.6,0,0,0
BL-12486,AUS-01,pilot,1,2025-03-15T14:17:08,2025-03-15T16:17:08,Swing,Marketplace,3,0,0,81.2,0,0,0
BL-12487,AUS-01,pilot,1,2025-03-15T14:16:06,2025-03-15T16:16:06,Swing,DTC web,1,1,0,71.9,0,0,0
BL-12488,AUS-01,pilot,1,2025-03-15T14:16:21,2025-03-15T16:16:21,Swing,Marketplace,5,0,0,86.2,1,1,0
BL-12489,AUS-01,pilot,1,2025-03-15T14:43:02,2025-03-15T16:43:02,Swing,DTC web,14,0,0,120.6,0,0,1
BL-12490,AUS-01,pilot,1,2025-03-15T14:49:44,2025-03-15T16:49:44,Swing,Store replen,4,0,0,70.6,0,0,0
BL-12491,AUS-01,pilot,1,2025-03-15T14:38:12,2025-03-15T16:38:12,Swing,Store replen,4,0,0,76.2,0,0,0
BL-12492,AUS-01,pilot,1,2025-03-15T22:15:34,2025-03-16T00:15:34,Night,Store replen,9,0,0,129.2,0,0,1
BL-12493,AUS-01,pilot,1,2025-03-15T22:31:48,2025-03-16T00:31:48,Night,Marketplace,7,0,0,87.6,0,0,0
BL-12494,EWR-07,pilot,1,2025-03-15T06:45:06,2025-03-15T08:45:06,Days,DTC web,6,0,0,111.2,0,0,0
BL-12495,EWR-07,pilot,1,2025-03-15T06:15:02,2025-03-15T08:15:02,Days,DTC web,2,0,0,81.2,0,0,0
BL-12496,EWR-07,pilot,1,2025-03-15T06:24:47,2025-03-15T08:24:47,Days,Store replen,2,0,0,81.9,0,0,0
BL-12497,EWR-07,pilot,1,2025-03-15T06:48:22,2025-03-15T08:48:22,Days,DTC web,4,0,0,78.3,0,0,0
BL-12498,EWR-07,pilot,1,2025-03-15T06:43:01,2025-03-15T08:43:01,Days,Marketplace,6,0,0,87.7,0,0,0
BL-12499,EWR-07,pilot,1,2025-03-15T14:17:06,2025-03-15T16:17:06,Swing,Marketplace,2,1,0,81.5,0,0,0
BL-12500,EWR-07,pilot,1,2025-03-15T14:14:41,2025-03-15T16:14:41,Swing,DTC web,8,0,0,96.4,0,0,0
BL-12501,EWR-07,pilot,1,2025-03-15T14:44:06,2025-03-15T16:44:06,Swing,DTC web,5,0,0,106.2,1,1,0
BL-12502,EWR-07,pilot,1,2025-03-15T14:51:07,2025-03-15T16:51:07,Swing,DTC web,10,0,0,113.0,0,0,0
BL-12503,EWR-07,pilot,1,2025-03-15T14:31:39,2025-03-15T16:31:39,Swing,Marketplace,2,1,0,69.5,0,0,0
BL-12504,EWR-07,pilot,1,2025-03-15T14:50:25,2025-03-15T16:50:25,Swing,DTC web,3,0,0,85.4,0,0,0
BL-12505,EWR-07,pilot,1,2025-03-15T14:24:31,2025-03-15T16:24:31,Swing,Store replen,3,0,0,73.7,0,0,0
BL-12506,EWR-07,pilot,1,2025-03-15T22:49:29,2025-03-16T00:49:29,Night,DTC web,1,0,1,64.2,0,0,0
BL-12507,EWR-07,pilot,1,2025-03-15T22:13:17,2025-03-16T00:13:17,Night,DTC web,2,0,1,101.1,1,1,0
BL-12508,FNT-12,pilot,1,2025-03-15T06:16:13,2025-03-15T08:16:13,Days,Marketplace,8,0,0,108.2,0,0,0
BL-12509,FNT-12,pilot,1,2025-03-15T06:37:14,2025-03-15T08:37:14,Days,Marketplace,3,0,0,67.3,0,0,0
BL-12510,FNT-12,pilot,1,2025-03-15T06:12:24,2025-03-15T08:12:24,Days,Marketplace,2,1,0,64.8,0,0,0
BL-12511,FNT-12,pilot,1,2025-03-15T06:13:24,2025-03-15T08:13:24,Days,DTC web,2,1,0,54.9,0,0,0
BL-12512,FNT-12,pilot,1,2025-03-15T06:49:28,2025-03-15T08:49:28,Days,DTC web,2,0,0,74.6,0,0,0
BL-12513,FNT-12,pilot,1,2025-03-15T06:30:20,2025-03-15T08:30:20,Days,DTC web,2,1,0,70.0,0,0,0
BL-12514,FNT-12,pilot,1,2025-03-15T06:20:42,2025-03-15T08:20:42,Days,Store replen,3,0,0,85.8,0,0,0
BL-12515,FNT-12,pilot,1,2025-03-15T06:13:30,2025-03-15T08:13:30,Days,DTC web,2,1,0,64.7,0,0,0
BL-12516,FNT-12,pilot,1,2025-03-15T14:26:05,2025-03-15T16:26:05,Swing,DTC web,6,0,0,114.7,1,1,0
BL-12517,FNT-12,pilot,1,2025-03-15T14:15:26,2025-03-15T16:15:26,Swing,DTC web,3,0,1,81.7,1,1,0
BL-12518,FNT-12,pilot,1,2025-03-15T22:17:46,2025-03-16T00:17:46,Night,Store replen,4,0,0,126.0,1,0,1
BL-12519,FNT-12,pilot,1,2025-03-15T22:50:37,2025-03-16T00:50:37,Night,DTC web,4,0,0,106.5,0,0,0
BL-12520,AUS-01,pilot,1,2025-03-17T06:15:39,2025-03-17T08:15:39,Days,Store replen,3,0,0,66.0,0,0,0
BL-12521,AUS-01,pilot,1,2025-03-17T06:25:48,2025-03-17T08:25:48,Days,DTC web,4,0,0,94.8,0,0,0
BL-12522,AUS-01,pilot,1,2025-03-17T06:38:16,2025-03-17T08:38:16,Days,DTC web,2,1,0,57.2,0,0,0
BL-12523,AUS-01,pilot,1,2025-03-17T06:24:41,2025-03-17T08:24:41,Days,DTC web,2,1,0,58.0,0,0,0
BL-12524,AUS-01,pilot,1,2025-03-17T06:43:33,2025-03-17T08:43:33,Days,DTC web,1,0,0,92.5,0,0,0
BL-12525,AUS-01,pilot,1,2025-03-17T14:27:01,2025-03-17T16:27:01,Swing,DTC web,1,0,0,51.4,0,0,0
BL-12526,AUS-01,pilot,1,2025-03-17T14:25:04,2025-03-17T16:25:04,Swing,Marketplace,5,0,0,84.1,0,0,0
BL-12527,AUS-01,pilot,1,2025-03-17T14:16:16,2025-03-17T16:16:16,Swing,Store replen,3,0,0,93.8,0,0,0
BL-12528,AUS-01,pilot,1,2025-03-17T14:43:36,2025-03-17T16:43:36,Swing,DTC web,1,1,0,54.4,0,0,0
BL-12529,AUS-01,pilot,1,2025-03-17T22:44:10,2025-03-18T00:44:10,Night,Store replen,1,0,0,59.6,0,0,0
BL-12530,AUS-01,pilot,1,2025-03-17T22:09:37,2025-03-18T00:09:37,Night,Marketplace,1,1,0,47.0,0,0,0
BL-12531,AUS-01,pilot,1,2025-03-17T22:13:28,2025-03-18T00:13:28,Night,Marketplace,2,1,0,43.7,0,0,0
BL-12532,AUS-01,pilot,1,2025-03-17T22:48:41,2025-03-18T00:48:41,Night,DTC web,1,1,0,56.2,0,0,0
BL-12533,EWR-07,pilot,1,2025-03-17T06:10:14,2025-03-17T08:10:14,Days,Marketplace,4,0,0,96.4,0,0,0
BL-12534,EWR-07,pilot,1,2025-03-17T06:10:31,2025-03-17T08:10:31,Days,DTC web,4,0,0,111.6,1,1,0
BL-12535,EWR-07,pilot,1,2025-03-17T06:26:48,2025-03-17T08:26:48,Days,Store replen,2,0,0,80.0,0,0,0
BL-12536,EWR-07,pilot,1,2025-03-17T06:22:15,2025-03-17T08:22:15,Days,Marketplace,4,0,0,116.0,0,0,0
BL-12537,EWR-07,pilot,1,2025-03-17T14:48:15,2025-03-17T16:48:15,Swing,DTC web,6,0,0,81.6,0,0,0
BL-12538,EWR-07,pilot,1,2025-03-17T14:11:06,2025-03-17T16:11:06,Swing,DTC web,2,1,0,65.0,0,0,0
BL-12539,EWR-07,pilot,1,2025-03-17T14:22:04,2025-03-17T16:22:04,Swing,DTC web,1,1,0,87.6,1,1,0
BL-12540,EWR-07,pilot,1,2025-03-17T22:45:37,2025-03-18T00:45:37,Night,Marketplace,6,0,0,92.7,0,0,0
BL-12541,EWR-07,pilot,1,2025-03-17T22:43:09,2025-03-18T00:43:09,Night,DTC web,1,0,0,75.9,0,0,0
BL-12542,EWR-07,pilot,1,2025-03-17T22:14:25,2025-03-18T00:14:25,Night,Marketplace,6,0,0,98.3,0,0,0
BL-12543,FNT-12,pilot,1,2025-03-17T06:25:13,2025-03-17T08:25:13,Days,Marketplace,3,0,1,79.3,0,0,0
BL-12544,FNT-12,pilot,1,2025-03-17T06:10:29,2025-03-17T08:10:29,Days,Marketplace,1,1,0,66.7,0,0,0
BL-12545,FNT-12,pilot,1,2025-03-17T06:37:24,2025-03-17T08:37:24,Days,DTC web,4,0,0,76.5,0,0,0
BL-12546,FNT-12,pilot,1,2025-03-17T06:30:14,2025-03-17T08:30:14,Days,DTC web,1,1,0,78.6,0,0,0
BL-12547,FNT-12,pilot,1,2025-03-17T14:19:45,2025-03-17T16:19:45,Swing,Store replen,3,0,0,122.9,0,0,1
BL-12548,FNT-12,pilot,1,2025-03-17T14:10:11,2025-03-17T16:10:11,Swing,Store replen,6,0,0,101.9,0,0,0
BL-12549,FNT-12,pilot,1,2025-03-17T22:49:30,2025-03-18T00:49:30,Night,Marketplace,2,1,0,83.7,0,0,0
BL-12550,FNT-12,pilot,1,2025-03-17T22:30:11,2025-03-18T00:30:11,Night,Store replen,9,0,0,114.2,0,0,0
BL-12551,FNT-12,pilot,1,2025-03-17T22:25:35,2025-03-18T00:25:35,Night,DTC web,5,0,0,93.4,0,0,0
BL-12552,AUS-01,pilot,1,2025-03-18T06:16:27,2025-03-18T08:16:27,Days,DTC web,4,0,0,90.8,0,0,0
BL-12553,AUS-01,pilot,1,2025-03-18T06:10:05,2025-03-18T08:10:05,Days,Store replen,2,0,0,79.6,2,1,0
BL-12554,AUS-01,pilot,1,2025-03-18T06:49:48,2025-03-18T08:49:48,Days,DTC web,1,1,0,49.0,0,0,0
BL-12555,AUS-01,pilot,1,2025-03-18T06:20:46,2025-03-18T08:20:46,Days,DTC web,4,0,0,92.7,0,0,0
BL-12556,AUS-01,pilot,1,2025-03-18T06:19:43,2025-03-18T08:19:43,Days,DTC web,2,1,0,49.6,0,0,0
BL-12557,AUS-01,pilot,1,2025-03-18T14:28:38,2025-03-18T16:28:38,Swing,Marketplace,2,1,0,75.7,0,0,0
BL-12558,AUS-01,pilot,1,2025-03-18T14:24:32,2025-03-18T16:24:32,Swing,Store replen,2,0,0,80.2,0,0,0
BL-12559,AUS-01,pilot,1,2025-03-18T22:15:46,2025-03-19T00:15:46,Night,Marketplace,4,0,0,161.7,0,0,1
BL-12560,AUS-01,pilot,1,2025-03-18T22:35:42,2025-03-19T00:35:42,Night,Marketplace,2,1,0,50.2,0,0,0
BL-12561,EWR-07,pilot,1,2025-03-18T06:50:27,2025-03-18T08:50:27,Days,DTC web,10,0,0,116.4,0,0,0
BL-12562,EWR-07,pilot,1,2025-03-18T06:39:15,2025-03-18T08:39:15,Days,Marketplace,2,1,0,87.8,1,0,0
BL-12563,EWR-07,pilot,1,2025-03-18T06:08:28,2025-03-18T08:08:28,Days,Marketplace,5,0,0,91.5,0,0,0
BL-12564,EWR-07,pilot,1,2025-03-18T06:38:01,2025-03-18T08:38:01,Days,DTC web,2,1,0,70.2,0,0,0
BL-12565,EWR-07,pilot,1,2025-03-18T06:42:32,2025-03-18T08:42:32,Days,Marketplace,12,0,0,127.7,0,0,1
BL-12566,EWR-07,pilot,1,2025-03-18T06:19:28,2025-03-18T08:19:28,Days,DTC web,8,0,0,120.6,0,0,1
BL-12567,EWR-07,pilot,1,2025-03-18T14:40:16,2025-03-18T16:40:16,Swing,DTC web,3,0,0,88.5,0,0,0
BL-12568,EWR-07,pilot,1,2025-03-18T14:24:38,2025-03-18T16:24:38,Swing,DTC web,1,1,0,85.1,0,0,0
BL-12569,EWR-07,pilot,1,2025-03-18T14:15:02,2025-03-18T16:15:02,Swing,DTC web,4,0,0,97.0,0,0,0
BL-12570,EWR-07,pilot,1,2025-03-18T14:42:26,2025-03-18T16:42:26,Swing,Marketplace,4,0,0,87.5,0,0,0
BL-12571,EWR-07,pilot,1,2025-03-18T14:43:40,2025-03-18T16:43:40,Swing,Marketplace,2,1,0,91.8,0,0,0
BL-12572,EWR-07,pilot,1,2025-03-18T22:30:27,2025-03-19T00:30:27,Night,Marketplace,5,0,0,123.3,0,0,1
BL-12573,EWR-07,pilot,1,2025-03-18T22:50:44,2025-03-19T00:50:44,Night,DTC web,3,0,0,88.6,0,0,0
BL-12574,EWR-07,pilot,1,2025-03-18T22:38:03,2025-03-19T00:38:03,Night,Marketplace,2,1,0,65.7,0,0,0
BL-12575,EWR-07,pilot,1,2025-03-18T22:13:33,2025-03-19T00:13:33,Night,Store replen,7,0,0,117.6,0,0,0
BL-12576,EWR-07,pilot,1,2025-03-18T22:14:05,2025-03-19T00:14:05,Night,Marketplace,3,0,0,93.8,0,0,0
BL-12577,EWR-07,pilot,1,2025-03-18T22:35:13,2025-03-19T00:35:13,Night,Marketplace,4,0,0,88.9,0,0,0
BL-12578,EWR-07,pilot,1,2025-03-18T22:17:02,2025-03-19T00:17:02,Night,DTC web,3,0,0,83.1,0,0,0
BL-12579,FNT-12,pilot,1,2025-03-18T06:51:42,2025-03-18T08:51:42,Days,DTC web,2,1,0,82.7,0,0,0
BL-12580,FNT-12,pilot,1,2025-03-18T06:27:40,2025-03-18T08:27:40,Days,DTC web,4,0,0,72.1,0,0,0
BL-12581,FNT-12,pilot,1,2025-03-18T06:46:28,2025-03-18T08:46:28,Days,DTC web,2,1,0,58.1,0,0,0
BL-12582,FNT-12,pilot,1,2025-03-18T06:46:34,2025-03-18T08:46:34,Days,DTC web,2,1,0,67.2,0,0,0
BL-12583,FNT-12,pilot,1,2025-03-18T06:50:22,2025-03-18T08:50:22,Days,Marketplace,4,0,0,81.5,0,0,0
BL-12584,FNT-12,pilot,1,2025-03-18T06:20:05,2025-03-18T08:20:05,Days,DTC web,7,0,0,93.6,1,1,0
BL-12585,FNT-12,pilot,1,2025-03-18T14:27:31,2025-03-18T16:27:31,Swing,Marketplace,8,0,0,112.7,0,0,0
BL-12586,FNT-12,pilot,1,2025-03-18T14:18:44,2025-03-18T16:18:44,Swing,Store replen,8,0,1,114.2,0,0,0
BL-12587,FNT-12,pilot,1,2025-03-18T14:17:09,2025-03-18T16:17:09,Swing,Store replen,4,0,0,113.2,0,0,0
BL-12588,FNT-12,pilot,1,2025-03-18T14:43:41,2025-03-18T16:43:41,Swing,DTC web,1,1,0,55.3,0,0,0
BL-12589,FNT-12,pilot,1,2025-03-18T14:08:19,2025-03-18T16:08:19,Swing,DTC web,1,1,0,66.1,0,0,0
BL-12590,FNT-12,pilot,1,2025-03-18T14:24:09,2025-03-18T16:24:09,Swing,DTC web,1,1,0,59.8,0,0,0
BL-12591,FNT-12,pilot,1,2025-03-18T22:15:35,2025-03-19T00:15:35,Night,DTC web,2,0,0,83.8,0,0,0
BL-12592,FNT-12,pilot,1,2025-03-18T22:34:23,2025-03-19T00:34:23,Night,DTC web,1,1,0,81.1,0,0,0
BL-12593,AUS-01,pilot,1,2025-03-19T06:47:38,2025-03-19T08:47:38,Days,Marketplace,4,0,0,86.1,0,0,0
BL-12594,AUS-01,pilot,1,2025-03-19T06:24:49,2025-03-19T08:24:49,Days,Store replen,1,0,0,74.0,0,0,0
BL-12595,AUS-01,pilot,1,2025-03-19T06:42:20,2025-03-19T08:42:20,Days,Store replen,5,0,0,94.1,0,0,0
BL-12596,AUS-01,pilot,1,2025-03-19T06:46:39,2025-03-19T08:46:39,Days,Marketplace,6,0,0,81.9,0,0,0
BL-12597,AUS-01,pilot,1,2025-03-19T06:49:33,2025-03-19T08:49:33,Days,DTC web,4,0,0,80.5,0,0,0
BL-12598,AUS-01,pilot,1,2025-03-19T14:36:05,2025-03-19T16:36:05,Swing,DTC web,3,0,0,83.8,0,0,0
BL-12599,AUS-01,pilot,1,2025-03-19T14:24:41,2025-03-19T16:24:41,Swing,DTC web,5,0,0,68.2,0,0,0
BL-12600,AUS-01,pilot,1,2025-03-19T14:23:49,2025-03-19T16:23:49,Swing,DTC web,2,1,0,94.8,0,0,0
BL-12601,AUS-01,pilot,1,2025-03-19T14:14:35,2025-03-19T16:14:35,Swing,Store replen,1,0,0,89.8,0,0,0
BL-12602,AUS-01,pilot,1,2025-03-19T14:47:05,2025-03-19T16:47:05,Swing,DTC web,2,1,0,97.5,1,0,0
BL-12603,AUS-01,pilot,1,2025-03-19T14:29:11,2025-03-19T16:29:11,Swing,DTC web,8,0,0,81.7,0,0,0
BL-12604,AUS-01,pilot,1,2025-03-19T22:10:45,2025-03-20T00:10:45,Night,Marketplace,1,1,0,46.0,0,0,0
BL-12605,AUS-01,pilot,1,2025-03-19T22:38:28,2025-03-20T00:38:28,Night,DTC web,5,0,0,93.6,1,0,0
BL-12606,AUS-01,pilot,1,2025-03-19T22:40:35,2025-03-20T00:40:35,Night,DTC web,4,0,0,88.4,0,0,0
BL-12607,EWR-07,pilot,1,2025-03-19T06:38:20,2025-03-19T08:38:20,Days,DTC web,3,0,0,73.5,0,0,0
BL-12608,EWR-07,pilot,1,2025-03-19T06:25:31,2025-03-19T08:25:31,Days,Marketplace,4,0,0,83.0,0,0,0
BL-12609,EWR-07,pilot,1,2025-03-19T06:45:05,2025-03-19T08:45:05,Days,DTC web,1,0,0,62.6,0,0,0
BL-12610,EWR-07,pilot,1,2025-03-19T06:28:04,2025-03-19T08:28:04,Days,Store replen,3,0,0,83.7,0,0,0
BL-12611,EWR-07,pilot,1,2025-03-19T06:13:25,2025-03-19T08:13:25,Days,Store replen,1,0,0,70.6,0,0,0
BL-12612,EWR-07,pilot,1,2025-03-19T14:20:03,2025-03-19T16:20:03,Swing,DTC web,3,0,0,98.9,0,0,0
BL-12613,EWR-07,pilot,1,2025-03-19T14:16:39,2025-03-19T16:16:39,Swing,DTC web,1,1,0,78.0,0,0,0
BL-12614,EWR-07,pilot,1,2025-03-19T14:44:35,2025-03-19T16:44:35,Swing,DTC web,9,0,0,113.4,0,0,0
BL-12615,EWR-07,pilot,1,2025-03-19T14:47:21,2025-03-19T16:47:21,Swing,Marketplace,1,1,0,78.6,1,1,0
BL-12616,EWR-07,pilot,1,2025-03-19T14:08:02,2025-03-19T16:08:02,Swing,DTC web,8,0,0,89.8,0,0,0
BL-12617,EWR-07,pilot,1,2025-03-19T14:30:04,2025-03-19T16:30:04,Swing,Marketplace,9,0,0,147.8,0,0,1
BL-12618,EWR-07,pilot,1,2025-03-19T14:39:14,2025-03-19T16:39:14,Swing,DTC web,2,1,0,102.1,0,0,0
BL-12619,EWR-07,pilot,1,2025-03-19T14:09:15,2025-03-19T16:09:15,Swing,Marketplace,1,1,0,76.3,0,0,0
BL-12620,EWR-07,pilot,1,2025-03-19T22:20:04,2025-03-20T00:20:04,Night,Marketplace,2,0,1,73.3,0,0,0
BL-12621,EWR-07,pilot,1,2025-03-19T22:26:29,2025-03-20T00:26:29,Night,Marketplace,2,0,0,106.8,0,0,0
BL-12622,EWR-07,pilot,1,2025-03-19T22:22:13,2025-03-20T00:22:13,Night,Marketplace,4,0,0,85.2,0,0,0
BL-12623,EWR-07,pilot,1,2025-03-19T22:37:41,2025-03-20T00:37:41,Night,Marketplace,2,1,0,82.8,0,0,0
BL-12624,EWR-07,pilot,1,2025-03-19T22:42:22,2025-03-20T00:42:22,Night,DTC web,3,0,0,74.6,0,0,0
BL-12625,FNT-12,pilot,1,2025-03-19T06:39:20,2025-03-19T08:39:20,Days,Marketplace,4,0,0,87.7,0,0,0
BL-12626,FNT-12,pilot,1,2025-03-19T06:20:16,2025-03-19T08:20:16,Days,DTC web,5,0,0,76.3,0,0,0
BL-12627,FNT-12,pilot,1,2025-03-19T06:33:46,2025-03-19T08:33:46,Days,Store replen,1,0,0,79.2,0,0,0
BL-12628,FNT-12,pilot,1,2025-03-19T06:32:03,2025-03-19T08:32:03,Days,Marketplace,1,0,0,67.0,0,0,0
BL-12629,FNT-12,pilot,1,2025-03-19T06:45:21,2025-03-19T08:45:21,Days,Marketplace,1,1,0,71.4,0,0,0
BL-12630,FNT-12,pilot,1,2025-03-19T06:12:34,2025-03-19T08:12:34,Days,DTC web,11,0,0,122.3,1,1,1
BL-12631,FNT-12,pilot,1,2025-03-19T14:29:07,2025-03-19T16:29:07,Swing,Store replen,3,0,1,110.6,0,0,0
BL-12632,FNT-12,pilot,1,2025-03-19T14:33:16,2025-03-19T16:33:16,Swing,Store replen,1,0,0,56.8,0,0,0
BL-12633,FNT-12,pilot,1,2025-03-19T14:10:17,2025-03-19T16:10:17,Swing,Marketplace,10,0,1,131.0,0,0,1
BL-12634,FNT-12,pilot,1,2025-03-19T14:44:01,2025-03-19T16:44:01,Swing,Marketplace,1,1,0,83.1,1,1,0
BL-12635,FNT-12,pilot,1,2025-03-19T14:41:21,2025-03-19T16:41:21,Swing,Marketplace,1,1,0,62.2,0,0,0
BL-12636,FNT-12,pilot,1,2025-03-19T14:29:37,2025-03-19T16:29:37,Swing,DTC web,2,1,0,65.1,0,0,0
BL-12637,FNT-12,pilot,1,2025-03-19T22:51:48,2025-03-20T00:51:48,Night,Marketplace,2,1,0,74.2,0,0,0
BL-12638,FNT-12,pilot,1,2025-03-19T22:20:46,2025-03-20T00:20:46,Night,DTC web,2,1,0,105.5,0,0,0
BL-12639,FNT-12,pilot,1,2025-03-19T22:33:07,2025-03-20T00:33:07,Night,Store replen,12,0,0,127.5,1,0,1
BL-12640,AUS-01,pilot,1,2025-03-20T06:30:28,2025-03-20T08:30:28,Days,DTC web,5,0,0,77.8,0,0,0
BL-12641,AUS-01,pilot,1,2025-03-20T06:49:10,2025-03-20T08:49:10,Days,DTC web,1,0,1,73.4,0,0,0
BL-12642,AUS-01,pilot,1,2025-03-20T14:18:01,2025-03-20T16:18:01,Swing,DTC web,1,0,0,103.3,0,0,0
BL-12643,AUS-01,pilot,1,2025-03-20T14:11:31,2025-03-20T16:11:31,Swing,Marketplace,1,0,1,79.7,0,0,0
BL-12644,AUS-01,pilot,1,2025-03-20T14:11:24,2025-03-20T16:11:24,Swing,DTC web,2,1,0,65.1,0,0,0
BL-12645,AUS-01,pilot,1,2025-03-20T14:11:02,2025-03-20T16:11:02,Swing,Store replen,2,0,0,56.5,0,0,0
BL-12646,AUS-01,pilot,1,2025-03-20T14:23:16,2025-03-20T16:23:16,Swing,DTC web,3,0,0,77.0,0,0,0
BL-12647,AUS-01,pilot,1,2025-03-20T14:11:26,2025-03-20T16:11:26,Swing,DTC web,5,0,0,78.9,0,0,0
BL-12648,AUS-01,pilot,1,2025-03-20T14:50:37,2025-03-20T16:50:37,Swing,Marketplace,1,1,0,55.7,0,0,0
BL-12649,AUS-01,pilot,1,2025-03-20T22:16:36,2025-03-21T00:16:36,Night,Store replen,3,0,0,85.6,0,0,0
BL-12650,AUS-01,pilot,1,2025-03-20T22:41:24,2025-03-21T00:41:24,Night,DTC web,5,0,0,81.4,0,0,0
BL-12651,AUS-01,pilot,1,2025-03-20T22:24:43,2025-03-21T00:24:43,Night,Marketplace,5,0,0,76.2,0,0,0
BL-12652,EWR-07,pilot,1,2025-03-20T06:26:18,2025-03-20T08:26:18,Days,DTC web,4,0,0,92.3,0,0,0
BL-12653,EWR-07,pilot,1,2025-03-20T06:15:32,2025-03-20T08:15:32,Days,Marketplace,3,0,0,89.8,0,0,0
BL-12654,EWR-07,pilot,1,2025-03-20T06:40:26,2025-03-20T08:40:26,Days,DTC web,6,0,0,82.5,0,0,0
BL-12655,EWR-07,pilot,1,2025-03-20T06:22:32,2025-03-20T08:22:32,Days,DTC web,4,0,0,79.7,0,0,0
BL-12656,EWR-07,pilot,1,2025-03-20T06:41:46,2025-03-20T08:41:46,Days,DTC web,6,0,0,97.1,0,0,0
BL-12657,EWR-07,pilot,1,2025-03-20T14:43:45,2025-03-20T16:43:45,Swing,DTC web,4,0,0,97.0,0,0,0
BL-12658,EWR-07,pilot,1,2025-03-20T14:34:30,2025-03-20T16:34:30,Swing,Marketplace,2,1,0,82.6,1,1,0
BL-12659,EWR-07,pilot,1,2025-03-20T14:09:35,2025-03-20T16:09:35,Swing,DTC web,3,0,0,67.5,0,0,0
BL-12660,EWR-07,pilot,1,2025-03-20T14:36:45,2025-03-20T16:36:45,Swing,DTC web,7,0,0,105.3,1,0,0
BL-12661,EWR-07,pilot,1,2025-03-20T14:13:38,2025-03-20T16:13:38,Swing,Store replen,5,0,0,120.0,0,0,1
BL-12662,EWR-07,pilot,1,2025-03-20T22:47:03,2025-03-21T00:47:03,Night,DTC web,1,1,0,95.3,1,1,0
BL-12663,EWR-07,pilot,1,2025-03-20T22:26:06,2025-03-21T00:26:06,Night,Store replen,7,0,0,151.4,1,0,1
BL-12664,EWR-07,pilot,1,2025-03-20T22:28:30,2025-03-21T00:28:30,Night,Marketplace,3,0,0,84.9,0,0,0
BL-12665,EWR-07,pilot,1,2025-03-20T22:14:12,2025-03-21T00:14:12,Night,Store replen,6,0,0,116.1,0,0,0
BL-12666,EWR-07,pilot,1,2025-03-20T22:29:01,2025-03-21T00:29:01,Night,Store replen,7,0,0,117.7,0,0,0
BL-12667,FNT-12,pilot,1,2025-03-20T06:35:16,2025-03-20T08:35:16,Days,DTC web,6,0,1,123.5,1,1,1
BL-12668,FNT-12,pilot,1,2025-03-20T06:44:33,2025-03-20T08:44:33,Days,DTC web,5,0,0,91.5,0,0,0
BL-12669,FNT-12,pilot,1,2025-03-20T06:19:36,2025-03-20T08:19:36,Days,DTC web,3,0,0,59.3,0,0,0
BL-12670,FNT-12,pilot,1,2025-03-20T06:10:30,2025-03-20T08:10:30,Days,Marketplace,6,0,0,94.0,0,0,0
BL-12671,FNT-12,pilot,1,2025-03-20T06:12:06,2025-03-20T08:12:06,Days,DTC web,5,0,0,108.3,0,0,0
BL-12672,FNT-12,pilot,1,2025-03-20T06:45:17,2025-03-20T08:45:17,Days,DTC web,3,0,0,91.4,0,0,0
BL-12673,FNT-12,pilot,1,2025-03-20T06:21:12,2025-03-20T08:21:12,Days,DTC web,4,0,0,95.3,1,0,0
BL-12674,FNT-12,pilot,1,2025-03-20T14:20:29,2025-03-20T16:20:29,Swing,Store replen,1,0,0,87.7,1,0,0
BL-12675,FNT-12,pilot,1,2025-03-20T14:26:33,2025-03-20T16:26:33,Swing,Marketplace,4,0,0,79.6,0,0,0
BL-12676,FNT-12,pilot,1,2025-03-20T14:44:21,2025-03-20T16:44:21,Swing,DTC web,2,0,0,54.0,0,0,0
BL-12677,FNT-12,pilot,1,2025-03-20T14:09:32,2025-03-20T16:09:32,Swing,DTC web,2,1,0,66.6,0,0,0
BL-12678,FNT-12,pilot,1,2025-03-20T14:42:21,2025-03-20T16:42:21,Swing,Store replen,6,0,0,107.6,1,1,0
BL-12679,FNT-12,pilot,1,2025-03-20T14:38:48,2025-03-20T16:38:48,Swing,DTC web,2,0,1,78.6,0,0,0
BL-12680,FNT-12,pilot,1,2025-03-20T22:12:31,2025-03-21T00:12:31,Night,DTC web,1,0,0,81.0,1,1,0
BL-12681,FNT-12,pilot,1,2025-03-20T22:46:05,2025-03-21T00:46:05,Night,DTC web,5,0,0,103.2,0,0,0
BL-12682,FNT-12,pilot,1,2025-03-20T22:12:45,2025-03-21T00:12:45,Night,DTC web,12,0,0,128.1,0,0,1
BL-12683,FNT-12,pilot,1,2025-03-20T22:30:26,2025-03-21T00:30:26,Night,DTC web,4,0,0,90.4,0,0,0
BL-12684,FNT-12,pilot,1,2025-03-20T22:33:23,2025-03-21T00:33:23,Night,DTC web,7,0,0,106.7,0,0,0
BL-12685,AUS-01,pilot,1,2025-03-21T06:22:13,2025-03-21T08:22:13,Days,Store replen,8,0,0,96.7,0,0,0
BL-12686,AUS-01,pilot,1,2025-03-21T06:22:40,2025-03-21T08:22:40,Days,Store replen,6,0,0,122.5,0,0,1
BL-12687,AUS-01,pilot,1,2025-03-21T06:51:22,2025-03-21T08:51:22,Days,DTC web,2,1,0,49.3,0,0,0
BL-12688,AUS-01,pilot,1,2025-03-21T06:09:31,2025-03-21T08:09:31,Days,DTC web,3,0,0,67.6,0,0,0
BL-12689,AUS-01,pilot,1,2025-03-21T14:21:16,2025-03-21T16:21:16,Swing,DTC web,3,0,0,78.7,1,1,0
BL-12690,AUS-01,pilot,1,2025-03-21T14:25:40,2025-03-21T16:25:40,Swing,Marketplace,4,0,0,77.7,0,0,0
BL-12691,AUS-01,pilot,1,2025-03-21T14:27:30,2025-03-21T16:27:30,Swing,DTC web,1,1,0,63.1,0,0,0
BL-12692,AUS-01,pilot,1,2025-03-21T14:09:44,2025-03-21T16:09:44,Swing,Marketplace,3,0,0,60.3,0,0,0
BL-12693,AUS-01,pilot,1,2025-03-21T22:45:17,2025-03-22T00:45:17,Night,DTC web,11,0,0,99.5,0,0,0
BL-12694,AUS-01,pilot,1,2025-03-21T22:11:02,2025-03-22T00:11:02,Night,Marketplace,5,0,1,87.7,0,0,0
BL-12695,EWR-07,pilot,1,2025-03-21T06:17:00,2025-03-21T08:17:00,Days,DTC web,2,1,0,97.2,0,0,0
BL-12696,EWR-07,pilot,1,2025-03-21T06:23:02,2025-03-21T08:23:02,Days,DTC web,1,1,0,121.7,1,1,1
BL-12697,EWR-07,pilot,1,2025-03-21T06:12:03,2025-03-21T08:12:03,Days,Store replen,5,0,0,74.1,0,0,0
BL-12698,EWR-07,pilot,1,2025-03-21T06:41:04,2025-03-21T08:41:04,Days,DTC web,2,1,0,64.6,0,0,0
BL-12699,EWR-07,pilot,1,2025-03-21T14:37:42,2025-03-21T16:37:42,Swing,DTC web,9,0,0,100.7,0,0,0
BL-12700,EWR-07,pilot,1,2025-03-21T14:15:36,2025-03-21T16:15:36,Swing,Marketplace,4,0,0,103.4,0,0,0
BL-12701,EWR-07,pilot,1,2025-03-21T14:36:44,2025-03-21T16:36:44,Swing,Marketplace,12,0,0,126.8,0,0,1
BL-12702,EWR-07,pilot,1,2025-03-21T14:24:43,2025-03-21T16:24:43,Swing,DTC web,4,0,0,101.5,1,1,0
BL-12703,EWR-07,pilot,1,2025-03-21T14:40:12,2025-03-21T16:40:12,Swing,DTC web,4,0,0,86.6,0,0,0
BL-12704,EWR-07,pilot,1,2025-03-21T14:26:23,2025-03-21T16:26:23,Swing,DTC web,3,0,0,80.9,0,0,0
BL-12705,EWR-07,pilot,1,2025-03-21T22:18:22,2025-03-22T00:18:22,Night,Store replen,3,0,0,74.0,0,0,0
BL-12706,EWR-07,pilot,1,2025-03-21T22:34:48,2025-03-22T00:34:48,Night,DTC web,6,0,0,83.6,0,0,0
BL-12707,EWR-07,pilot,1,2025-03-21T22:48:23,2025-03-22T00:48:23,Night,DTC web,3,0,0,90.4,0,0,0
BL-12708,EWR-07,pilot,1,2025-03-21T22:30:36,2025-03-22T00:30:36,Night,DTC web,6,0,0,93.2,0,0,0
BL-12709,FNT-12,pilot,1,2025-03-21T06:32:02,2025-03-21T08:32:02,Days,DTC web,2,1,0,64.1,0,0,0
BL-12710,FNT-12,pilot,1,2025-03-21T06:49:09,2025-03-21T08:49:09,Days,DTC web,2,1,0,69.2,0,0,0
BL-12711,FNT-12,pilot,1,2025-03-21T06:35:33,2025-03-21T08:35:33,Days,Marketplace,4,0,0,92.1,0,0,0
BL-12712,FNT-12,pilot,1,2025-03-21T06:24:03,2025-03-21T08:24:03,Days,Marketplace,8,0,0,102.8,0,0,0
BL-12713,FNT-12,pilot,1,2025-03-21T06:14:35,2025-03-21T08:14:35,Days,Marketplace,1,1,0,60.6,0,0,0
BL-12714,FNT-12,pilot,1,2025-03-21T06:50:43,2025-03-21T08:50:43,Days,DTC web,6,0,0,98.1,1,0,0
BL-12715,FNT-12,pilot,1,2025-03-21T06:09:07,2025-03-21T08:09:07,Days,DTC web,2,0,0,79.7,0,0,0
BL-12716,FNT-12,pilot,1,2025-03-21T06:34:13,2025-03-21T08:34:13,Days,DTC web,5,0,0,84.6,1,1,0
BL-12717,FNT-12,pilot,1,2025-03-21T14:21:07,2025-03-21T16:21:07,Swing,Marketplace,2,1,0,78.3,1,1,0
BL-12718,FNT-12,pilot,1,2025-03-21T14:50:49,2025-03-21T16:50:49,Swing,Marketplace,1,1,0,85.4,1,1,0
BL-12719,FNT-12,pilot,1,2025-03-21T14:08:28,2025-03-21T16:08:28,Swing,DTC web,5,0,0,78.7,0,0,0
BL-12720,FNT-12,pilot,1,2025-03-21T14:32:06,2025-03-21T16:32:06,Swing,Marketplace,1,0,0,87.8,0,0,0
BL-12721,FNT-12,pilot,1,2025-03-21T14:32:09,2025-03-21T16:32:09,Swing,Marketplace,4,0,0,94.5,0,0,0
BL-12722,FNT-12,pilot,1,2025-03-21T14:18:01,2025-03-21T16:18:01,Swing,Marketplace,2,1,0,79.3,0,0,0
BL-12723,FNT-12,pilot,1,2025-03-21T14:27:02,2025-03-21T16:27:02,Swing,Marketplace,6,0,0,97.5,0,0,0
BL-12724,FNT-12,pilot,1,2025-03-21T22:51:06,2025-03-22T00:51:06,Night,DTC web,4,0,0,90.7,0,0,0
BL-12725,FNT-12,pilot,1,2025-03-21T22:33:09,2025-03-22T00:33:09,Night,Marketplace,6,0,0,107.2,0,0,0
BL-12726,FNT-12,pilot,1,2025-03-21T22:24:44,2025-03-22T00:24:44,Night,DTC web,7,0,0,137.5,2,1,1
BL-12727,FNT-12,pilot,1,2025-03-21T22:40:49,2025-03-22T00:40:49,Night,DTC web,4,0,0,98.2,0,0,0
BL-12728,FNT-12,pilot,1,2025-03-21T22:36:19,2025-03-22T00:36:19,Night,DTC web,2,1,0,95.9,2,1,0
BL-12729,FNT-12,pilot,1,2025-03-21T22:23:31,2025-03-22T00:23:31,Night,Store replen,2,0,0,75.2,0,0,0
BL-12730,FNT-12,pilot,1,2025-03-21T22:40:14,2025-03-22T00:40:14,Night,DTC web,1,1,0,65.0,0,0,0
BL-12731,FNT-12,pilot,1,2025-03-21T22:44:35,2025-03-22T00:44:35,Night,DTC web,2,1,0,85.9,0,0,0
BL-12732,AUS-01,pilot,1,2025-03-22T06:31:23,2025-03-22T08:31:23,Days,DTC web,9,0,0,99.9,1,1,0
BL-12733,AUS-01,pilot,1,2025-03-22T06:51:11,2025-03-22T08:51:11,Days,Marketplace,3,0,0,81.8,0,0,0
BL-12734,AUS-01,pilot,1,2025-03-22T14:41:22,2025-03-22T16:41:22,Swing,Marketplace,5,0,0,81.6,0,0,0
BL-12735,AUS-01,pilot,1,2025-03-22T14:25:40,2025-03-22T16:25:40,Swing,DTC web,5,0,0,85.3,0,0,0
BL-12736,AUS-01,pilot,1,2025-03-22T14:12:49,2025-03-22T16:12:49,Swing,DTC web,2,0,0,82.7,0,0,0
BL-12737,AUS-01,pilot,1,2025-03-22T14:44:26,2025-03-22T16:44:26,Swing,DTC web,8,0,0,87.1,0,0,0
BL-12738,AUS-01,pilot,1,2025-03-22T22:21:44,2025-03-23T00:21:44,Night,DTC web,2,1,0,73.7,0,0,0
BL-12739,AUS-01,pilot,1,2025-03-22T22:32:22,2025-03-23T00:32:22,Night,DTC web,3,0,0,71.5,0,0,0
BL-12740,EWR-07,pilot,1,2025-03-22T06:41:05,2025-03-22T08:41:05,Days,DTC web,5,0,0,93.0,0,0,0
BL-12741,EWR-07,pilot,1,2025-03-22T06:51:11,2025-03-22T08:51:11,Days,DTC web,1,0,0,74.4,0,0,0
BL-12742,EWR-07,pilot,1,2025-03-22T06:22:32,2025-03-22T08:22:32,Days,Marketplace,2,1,0,56.2,0,0,0
BL-12743,EWR-07,pilot,1,2025-03-22T06:27:30,2025-03-22T08:27:30,Days,DTC web,1,1,0,53.9,0,0,0
BL-12744,EWR-07,pilot,1,2025-03-22T14:39:29,2025-03-22T16:39:29,Swing,Marketplace,4,0,0,100.0,0,0,0
BL-12745,EWR-07,pilot,1,2025-03-22T14:33:15,2025-03-22T16:33:15,Swing,Store replen,3,0,0,87.2,0,0,0
BL-12746,EWR-07,pilot,1,2025-03-22T14:33:46,2025-03-22T16:33:46,Swing,Marketplace,5,0,0,109.6,0,0,0
BL-12747,EWR-07,pilot,1,2025-03-22T14:21:07,2025-03-22T16:21:07,Swing,DTC web,3,0,0,79.4,0,0,0
BL-12748,EWR-07,pilot,1,2025-03-22T14:16:01,2025-03-22T16:16:01,Swing,Marketplace,7,0,0,122.5,1,1,1
BL-12749,EWR-07,pilot,1,2025-03-22T14:11:05,2025-03-22T16:11:05,Swing,DTC web,2,1,0,63.4,0,0,0
BL-12750,EWR-07,pilot,1,2025-03-22T22:21:18,2025-03-23T00:21:18,Night,DTC web,9,0,0,115.6,0,0,0
BL-12751,EWR-07,pilot,1,2025-03-22T22:45:12,2025-03-23T00:45:12,Night,DTC web,2,1,0,77.7,0,0,0
BL-12752,FNT-12,pilot,1,2025-03-22T06:10:41,2025-03-22T08:10:41,Days,DTC web,3,0,0,84.3,0,0,0
BL-12753,FNT-12,pilot,1,2025-03-22T06:19:20,2025-03-22T08:19:20,Days,Marketplace,6,0,0,116.4,0,0,0
BL-12754,FNT-12,pilot,1,2025-03-22T06:13:48,2025-03-22T08:13:48,Days,Store replen,2,0,0,97.3,0,0,0
BL-12755,FNT-12,pilot,1,2025-03-22T06:48:16,2025-03-22T08:48:16,Days,DTC web,2,1,0,102.4,0,0,0
BL-12756,FNT-12,pilot,1,2025-03-22T06:41:27,2025-03-22T08:41:27,Days,DTC web,4,0,0,76.2,0,0,0
BL-12757,FNT-12,pilot,1,2025-03-22T14:22:06,2025-03-22T16:22:06,Swing,DTC web,2,0,0,51.5,0,0,0
BL-12758,FNT-12,pilot,1,2025-03-22T14:15:20,2025-03-22T16:15:20,Swing,DTC web,3,0,0,82.1,0,0,0
BL-12759,FNT-12,pilot,1,2025-03-22T14:24:21,2025-03-22T16:24:21,Swing,DTC web,6,0,0,83.3,0,0,0
BL-12760,FNT-12,pilot,1,2025-03-22T14:32:39,2025-03-22T16:32:39,Swing,Marketplace,4,0,0,85.1,0,0,0
BL-12761,FNT-12,pilot,1,2025-03-22T14:11:44,2025-03-22T16:11:44,Swing,DTC web,2,0,0,76.7,0,0,0
BL-12762,FNT-12,pilot,1,2025-03-22T22:46:33,2025-03-23T00:46:33,Night,Store replen,3,0,0,90.2,0,0,0
BL-12763,FNT-12,pilot,1,2025-03-22T22:20:05,2025-03-23T00:20:05,Night,Marketplace,3,0,1,114.2,0,0,0
BL-12764,FNT-12,pilot,1,2025-03-22T22:29:38,2025-03-23T00:29:38,Night,Store replen,2,0,0,86.8,0,0,0
BL-12765,AUS-01,pilot,1,2025-03-24T06:38:37,2025-03-24T08:38:37,Days,DTC web,2,1,0,59.4,0,0,0
BL-12766,AUS-01,pilot,1,2025-03-24T06:13:40,2025-03-24T08:13:40,Days,DTC web,6,0,0,63.7,0,0,0
BL-12767,AUS-01,pilot,1,2025-03-24T06:35:19,2025-03-24T08:35:19,Days,Marketplace,2,1,0,90.4,1,0,0
BL-12768,AUS-01,pilot,1,2025-03-24T06:19:47,2025-03-24T08:19:47,Days,DTC web,1,1,0,58.0,0,0,0
BL-12769,AUS-01,pilot,1,2025-03-24T14:47:21,2025-03-24T16:47:21,Swing,DTC web,2,1,0,71.8,0,0,0
BL-12770,AUS-01,pilot,1,2025-03-24T14:13:20,2025-03-24T16:13:20,Swing,Marketplace,6,0,0,78.0,0,0,0
BL-12771,AUS-01,pilot,1,2025-03-24T14:16:17,2025-03-24T16:16:17,Swing,DTC web,3,0,0,56.3,0,0,0
BL-12772,AUS-01,pilot,1,2025-03-24T14:36:37,2025-03-24T16:36:37,Swing,DTC web,2,1,0,64.1,1,1,0
BL-12773,AUS-01,pilot,1,2025-03-24T22:44:45,2025-03-25T00:44:45,Night,DTC web,4,0,0,107.2,0,0,0
BL-12774,AUS-01,pilot,1,2025-03-24T22:27:23,2025-03-25T00:27:23,Night,Store replen,4,0,0,104.0,2,1,0
BL-12775,AUS-01,pilot,1,2025-03-24T22:13:42,2025-03-25T00:13:42,Night,DTC web,5,0,0,66.1,0,0,0
BL-12776,AUS-01,pilot,1,2025-03-24T22:45:21,2025-03-25T00:45:21,Night,Marketplace,2,1,0,78.3,0,0,0
BL-12777,AUS-01,pilot,1,2025-03-24T22:17:42,2025-03-25T00:17:42,Night,DTC web,2,1,0,88.5,0,0,0
BL-12778,AUS-01,pilot,1,2025-03-24T22:14:32,2025-03-25T00:14:32,Night,DTC web,4,0,0,82.4,0,0,0
BL-12779,EWR-07,pilot,1,2025-03-24T06:46:18,2025-03-24T08:46:18,Days,Marketplace,2,1,0,66.6,0,0,0
BL-12780,EWR-07,pilot,1,2025-03-24T06:27:26,2025-03-24T08:27:26,Days,DTC web,2,1,0,90.3,0,0,0
BL-12781,EWR-07,pilot,1,2025-03-24T06:10:49,2025-03-24T08:10:49,Days,DTC web,1,1,0,60.1,1,1,0
BL-12782,EWR-07,pilot,1,2025-03-24T06:13:03,2025-03-24T08:13:03,Days,Marketplace,1,1,0,70.7,0,0,0
BL-12783,EWR-07,pilot,1,2025-03-24T06:36:29,2025-03-24T08:36:29,Days,DTC web,4,0,0,112.0,0,0,0
BL-12784,EWR-07,pilot,1,2025-03-24T06:48:45,2025-03-24T08:48:45,Days,DTC web,5,0,0,89.3,0,0,0
BL-12785,EWR-07,pilot,1,2025-03-24T06:39:28,2025-03-24T08:39:28,Days,DTC web,5,0,0,102.0,0,0,0
BL-12786,EWR-07,pilot,1,2025-03-24T14:48:21,2025-03-24T16:48:21,Swing,DTC web,1,1,0,63.3,0,0,0
BL-12787,EWR-07,pilot,1,2025-03-24T14:41:15,2025-03-24T16:41:15,Swing,DTC web,7,0,0,62.8,0,0,0
BL-12788,EWR-07,pilot,1,2025-03-24T14:27:12,2025-03-24T16:27:12,Swing,Marketplace,1,1,0,66.7,0,0,0
BL-12789,EWR-07,pilot,1,2025-03-24T14:35:37,2025-03-24T16:35:37,Swing,Store replen,1,0,0,83.5,0,0,0
BL-12790,EWR-07,pilot,1,2025-03-24T14:09:40,2025-03-24T16:09:40,Swing,DTC web,2,0,1,66.9,0,0,0
BL-12791,EWR-07,pilot,1,2025-03-24T14:25:04,2025-03-24T16:25:04,Swing,Store replen,1,0,0,66.2,0,0,0
BL-12792,EWR-07,pilot,1,2025-03-24T14:12:36,2025-03-24T16:12:36,Swing,DTC web,1,1,0,90.9,0,0,0
BL-12793,EWR-07,pilot,1,2025-03-24T22:19:23,2025-03-25T00:19:23,Night,DTC web,4,0,0,96.6,0,0,0
BL-12794,EWR-07,pilot,1,2025-03-24T22:38:16,2025-03-25T00:38:16,Night,Marketplace,3,0,0,101.4,0,0,0
BL-12795,FNT-12,pilot,1,2025-03-24T06:47:39,2025-03-24T08:47:39,Days,DTC web,2,1,0,87.1,0,0,0
BL-12796,FNT-12,pilot,1,2025-03-24T06:31:46,2025-03-24T08:31:46,Days,DTC web,4,0,0,107.5,0,0,0
BL-12797,FNT-12,pilot,1,2025-03-24T06:50:27,2025-03-24T08:50:27,Days,Store replen,2,0,0,88.2,1,1,0
BL-12798,FNT-12,pilot,1,2025-03-24T06:12:13,2025-03-24T08:12:13,Days,Marketplace,1,1,0,64.6,0,0,0
BL-12799,FNT-12,pilot,1,2025-03-24T06:31:43,2025-03-24T08:31:43,Days,Marketplace,2,1,0,79.7,0,0,0
BL-12800,FNT-12,pilot,1,2025-03-24T06:16:30,2025-03-24T08:16:30,Days,DTC web,3,0,0,85.3,1,1,0
BL-12801,FNT-12,pilot,1,2025-03-24T06:21:26,2025-03-24T08:21:26,Days,Marketplace,1,1,0,91.6,0,0,0
BL-12802,FNT-12,pilot,1,2025-03-24T14:11:33,2025-03-24T16:11:33,Swing,Marketplace,2,1,0,99.7,0,0,0
BL-12803,FNT-12,pilot,1,2025-03-24T14:10:18,2025-03-24T16:10:18,Swing,Marketplace,10,0,0,108.4,0,0,0
BL-12804,FNT-12,pilot,1,2025-03-24T14:33:39,2025-03-24T16:33:39,Swing,DTC web,2,1,0,74.6,0,0,0
BL-12805,FNT-12,pilot,1,2025-03-24T14:30:21,2025-03-24T16:30:21,Swing,DTC web,6,0,0,120.6,0,0,1
BL-12806,FNT-12,pilot,1,2025-03-24T22:16:34,2025-03-25T00:16:34,Night,DTC web,4,0,0,112.0,0,0,0
BL-12807,FNT-12,pilot,1,2025-03-24T22:30:35,2025-03-25T00:30:35,Night,Marketplace,1,1,0,65.1,0,0,0
BL-12808,FNT-12,pilot,1,2025-03-24T22:50:24,2025-03-25T00:50:24,Night,Store replen,13,0,0,162.5,1,0,1
BL-12809,FNT-12,pilot,1,2025-03-24T22:25:08,2025-03-25T00:25:08,Night,DTC web,5,0,0,84.2,0,0,0
BL-12810,FNT-12,pilot,1,2025-03-24T22:23:25,2025-03-25T00:23:25,Night,DTC web,1,1,0,91.1,0,0,0
BL-12811,FNT-12,pilot,1,2025-03-24T22:35:33,2025-03-25T00:35:33,Night,DTC web,7,0,0,135.7,2,1,1
BL-12812,FNT-12,pilot,1,2025-03-24T22:40:41,2025-03-25T00:40:41,Night,Marketplace,2,1,0,74.9,1,0,0
BL-12813,FNT-12,pilot,1,2025-03-24T22:27:30,2025-03-25T00:27:30,Night,DTC web,1,1,0,93.3,1,1,0
BL-12814,AUS-01,pilot,1,2025-03-25T06:14:12,2025-03-25T08:14:12,Days,Store replen,3,0,0,72.1,0,0,0
BL-12815,AUS-01,pilot,1,2025-03-25T06:12:33,2025-03-25T08:12:33,Days,Store replen,7,0,0,105.0,0,0,0
BL-12816,AUS-01,pilot,1,2025-03-25T06:24:06,2025-03-25T08:24:06,Days,DTC web,6,0,0,83.8,0,0,0
BL-12817,AUS-01,pilot,1,2025-03-25T06:16:29,2025-03-25T08:16:29,Days,DTC web,12,0,0,109.9,0,0,0
BL-12818,AUS-01,pilot,1,2025-03-25T14:18:30,2025-03-25T16:18:30,Swing,Marketplace,6,0,0,100.2,1,0,0
BL-12819,AUS-01,pilot,1,2025-03-25T14:23:49,2025-03-25T16:23:49,Swing,DTC web,2,1,0,83.9,0,0,0
BL-12820,AUS-01,pilot,1,2025-03-25T14:51:34,2025-03-25T16:51:34,Swing,Marketplace,7,0,0,81.9,0,0,0
BL-12821,AUS-01,pilot,1,2025-03-25T14:19:13,2025-03-25T16:19:13,Swing,DTC web,1,1,0,79.2,0,0,0
BL-12822,AUS-01,pilot,1,2025-03-25T14:46:34,2025-03-25T16:46:34,Swing,DTC web,5,0,0,104.2,0,0,0
BL-12823,AUS-01,pilot,1,2025-03-25T22:21:46,2025-03-26T00:21:46,Night,DTC web,7,0,0,91.4,0,0,0
BL-12824,AUS-01,pilot,1,2025-03-25T22:48:02,2025-03-26T00:48:02,Night,DTC web,5,0,0,69.5,0,0,0
BL-12825,AUS-01,pilot,1,2025-03-25T22:26:03,2025-03-26T00:26:03,Night,DTC web,2,0,1,82.1,0,0,0
BL-12826,AUS-01,pilot,1,2025-03-25T22:44:05,2025-03-26T00:44:05,Night,DTC web,3,0,0,76.0,0,0,0
BL-12827,EWR-07,pilot,1,2025-03-25T06:43:34,2025-03-25T08:43:34,Days,Store replen,1,0,0,68.9,0,0,0
BL-12828,EWR-07,pilot,1,2025-03-25T06:46:18,2025-03-25T08:46:18,Days,Marketplace,4,0,0,107.6,0,0,0
BL-12829,EWR-07,pilot,1,2025-03-25T06:15:35,2025-03-25T08:15:35,Days,DTC web,1,1,0,65.8,0,0,0
BL-12830,EWR-07,pilot,1,2025-03-25T06:37:19,2025-03-25T08:37:19,Days,Marketplace,4,0,0,102.6,0,0,0
BL-12831,EWR-07,pilot,1,2025-03-25T14:45:44,2025-03-25T16:45:44,Swing,DTC web,6,0,1,108.8,1,1,0
BL-12832,EWR-07,pilot,1,2025-03-25T14:12:04,2025-03-25T16:12:04,Swing,Marketplace,3,0,0,84.7,0,0,0
BL-12833,EWR-07,pilot,1,2025-03-25T14:28:47,2025-03-25T16:28:47,Swing,Marketplace,1,1,0,71.7,0,0,0
BL-12834,EWR-07,pilot,1,2025-03-25T22:18:29,2025-03-26T00:18:29,Night,DTC web,10,0,0,118.1,0,0,0
BL-12835,EWR-07,pilot,1,2025-03-25T22:09:39,2025-03-26T00:09:39,Night,Marketplace,1,1,0,84.1,0,0,0
BL-12836,EWR-07,pilot,1,2025-03-25T22:16:28,2025-03-26T00:16:28,Night,Marketplace,1,1,0,68.4,0,0,0
BL-12837,EWR-07,pilot,1,2025-03-25T22:21:08,2025-03-26T00:21:08,Night,Marketplace,7,0,0,94.4,0,0,0
BL-12838,EWR-07,pilot,1,2025-03-25T22:37:13,2025-03-26T00:37:13,Night,DTC web,3,0,1,109.2,0,0,0
BL-12839,EWR-07,pilot,1,2025-03-25T22:45:30,2025-03-26T00:45:30,Night,Store replen,4,0,0,113.0,0,0,0
BL-12840,EWR-07,pilot,1,2025-03-25T22:13:03,2025-03-26T00:13:03,Night,Marketplace,11,0,0,138.8,0,0,1
BL-12841,EWR-07,pilot,1,2025-03-25T22:17:46,2025-03-26T00:17:46,Night,DTC web,3,0,0,92.9,0,0,0
BL-12842,EWR-07,pilot,1,2025-03-25T22:48:48,2025-03-26T00:48:48,Night,Store replen,3,0,0,93.0,0,0,0
BL-12843,EWR-07,pilot,1,2025-03-25T22:50:23,2025-03-26T00:50:23,Night,Store replen,1,0,0,87.6,1,1,0
BL-12844,EWR-07,pilot,1,2025-03-25T22:23:18,2025-03-26T00:23:18,Night,DTC web,2,1,0,92.8,0,0,0
BL-12845,FNT-12,pilot,1,2025-03-25T06:26:10,2025-03-25T08:26:10,Days,DTC web,7,0,0,97.0,1,0,0
BL-12846,FNT-12,pilot,1,2025-03-25T06:08:21,2025-03-25T08:08:21,Days,Marketplace,2,1,0,76.7,0,0,0
BL-12847,FNT-12,pilot,1,2025-03-25T06:42:06,2025-03-25T08:42:06,Days,DTC web,8,0,0,88.6,0,0,0
BL-12848,FNT-12,pilot,1,2025-03-25T06:08:16,2025-03-25T08:08:16,Days,DTC web,7,0,0,106.1,0,0,0
BL-12849,FNT-12,pilot,1,2025-03-25T14:35:46,2025-03-25T16:35:46,Swing,DTC web,6,0,0,87.8,0,0,0
BL-12850,FNT-12,pilot,1,2025-03-25T14:08:00,2025-03-25T16:08:00,Swing,DTC web,5,0,0,114.1,1,1,0
BL-12851,FNT-12,pilot,1,2025-03-25T14:45:34,2025-03-25T16:45:34,Swing,Store replen,2,0,0,89.4,0,0,0
BL-12852,FNT-12,pilot,1,2025-03-25T14:31:49,2025-03-25T16:31:49,Swing,Marketplace,4,0,0,69.2,0,0,0
BL-12853,FNT-12,pilot,1,2025-03-25T14:48:29,2025-03-25T16:48:29,Swing,Store replen,6,0,0,101.1,0,0,0
BL-12854,FNT-12,pilot,1,2025-03-25T22:27:23,2025-03-26T00:27:23,Night,DTC web,4,0,0,86.0,0,0,0
BL-12855,FNT-12,pilot,1,2025-03-25T22:16:27,2025-03-26T00:16:27,Night,DTC web,3,0,0,84.6,0,0,0
BL-12856,FNT-12,pilot,1,2025-03-25T22:50:26,2025-03-26T00:50:26,Night,Store replen,2,0,0,103.4,0,0,0
BL-12857,FNT-12,pilot,1,2025-03-25T22:13:01,2025-03-26T00:13:01,Night,Store replen,1,0,0,91.1,0,0,0
BL-12858,FNT-12,pilot,1,2025-03-25T22:28:12,2025-03-26T00:28:12,Night,DTC web,1,1,0,77.0,0,0,0
BL-12859,FNT-12,pilot,1,2025-03-25T22:35:14,2025-03-26T00:35:14,Night,DTC web,3,0,0,81.0,0,0,0
BL-12860,FNT-12,pilot,1,2025-03-25T22:13:19,2025-03-26T00:13:19,Night,DTC web,3,0,0,91.2,0,0,0
BL-12861,FNT-12,pilot,1,2025-03-25T22:17:44,2025-03-26T00:17:44,Night,Marketplace,5,0,0,109.8,0,0,0
BL-12862,AUS-01,pilot,1,2025-03-26T06:27:25,2025-03-26T08:27:25,Days,DTC web,6,0,0,82.9,0,0,0
BL-12863,AUS-01,pilot,1,2025-03-26T06:20:43,2025-03-26T08:20:43,Days,DTC web,14,0,1,109.6,1,1,0
BL-12864,AUS-01,pilot,1,2025-03-26T06:12:33,2025-03-26T08:12:33,Days,DTC web,6,0,0,80.3,0,0,0
BL-12865,AUS-01,pilot,1,2025-03-26T06:37:35,2025-03-26T08:37:35,Days,DTC web,9,0,0,107.2,0,0,0
BL-12866,AUS-01,pilot,1,2025-03-26T06:09:32,2025-03-26T08:09:32,Days,DTC web,4,0,0,76.9,0,0,0
BL-12867,AUS-01,pilot,1,2025-03-26T06:26:23,2025-03-26T08:26:23,Days,DTC web,2,1,0,77.7,0,0,0
BL-12868,AUS-01,pilot,1,2025-03-26T06:34:14,2025-03-26T08:34:14,Days,Store replen,4,0,0,58.9,0,0,0
BL-12869,AUS-01,pilot,1,2025-03-26T06:32:34,2025-03-26T08:32:34,Days,DTC web,11,0,0,124.4,1,0,1
BL-12870,AUS-01,pilot,1,2025-03-26T14:28:18,2025-03-26T16:28:18,Swing,Store replen,3,0,0,84.8,0,0,0
BL-12871,AUS-01,pilot,1,2025-03-26T14:14:47,2025-03-26T16:14:47,Swing,DTC web,2,1,0,91.9,0,0,0
BL-12872,AUS-01,pilot,1,2025-03-26T14:10:10,2025-03-26T16:10:10,Swing,Marketplace,2,1,0,46.6,0,0,0
BL-12873,AUS-01,pilot,1,2025-03-26T14:22:27,2025-03-26T16:22:27,Swing,DTC web,5,0,0,93.0,1,1,0
BL-12874,AUS-01,pilot,1,2025-03-26T14:15:15,2025-03-26T16:15:15,Swing,DTC web,2,1,0,51.6,0,0,0
BL-12875,AUS-01,pilot,1,2025-03-26T22:49:33,2025-03-27T00:49:33,Night,DTC web,2,0,0,69.8,0,0,0
BL-12876,AUS-01,pilot,1,2025-03-26T22:40:18,2025-03-27T00:40:18,Night,Marketplace,1,1,0,116.9,1,1,0
BL-12877,EWR-07,pilot,1,2025-03-26T06:23:46,2025-03-26T08:23:46,Days,DTC web,3,0,0,84.8,0,0,0
BL-12878,EWR-07,pilot,1,2025-03-26T06:27:37,2025-03-26T08:27:37,Days,Marketplace,4,0,0,89.1,0,0,0
BL-12879,EWR-07,pilot,1,2025-03-26T06:25:26,2025-03-26T08:25:26,Days,DTC web,4,0,0,86.7,0,0,0
BL-12880,EWR-07,pilot,1,2025-03-26T06:20:15,2025-03-26T08:20:15,Days,Store replen,2,0,0,83.4,0,0,0
BL-12881,EWR-07,pilot,1,2025-03-26T06:08:04,2025-03-26T08:08:04,Days,DTC web,3,0,0,76.9,0,0,0
BL-12882,EWR-07,pilot,1,2025-03-26T06:15:33,2025-03-26T08:15:33,Days,Store replen,6,0,0,112.7,0,0,0
BL-12883,EWR-07,pilot,1,2025-03-26T06:50:37,2025-03-26T08:50:37,Days,Store replen,1,0,0,82.8,0,0,0
BL-12884,EWR-07,pilot,1,2025-03-26T06:25:04,2025-03-26T08:25:04,Days,Store replen,2,0,0,58.2,0,0,0
BL-12885,EWR-07,pilot,1,2025-03-26T06:30:37,2025-03-26T08:30:37,Days,DTC web,3,0,0,79.3,0,0,0
BL-12886,EWR-07,pilot,1,2025-03-26T06:43:41,2025-03-26T08:43:41,Days,Marketplace,8,0,0,98.3,0,0,0
BL-12887,EWR-07,pilot,1,2025-03-26T06:42:33,2025-03-26T08:42:33,Days,Marketplace,3,0,0,90.7,0,0,0
BL-12888,EWR-07,pilot,1,2025-03-26T14:33:29,2025-03-26T16:33:29,Swing,Marketplace,4,0,0,96.2,0,0,0
BL-12889,EWR-07,pilot,1,2025-03-26T14:16:13,2025-03-26T16:16:13,Swing,DTC web,1,0,0,69.0,0,0,0
BL-12890,EWR-07,pilot,1,2025-03-26T14:15:30,2025-03-26T16:15:30,Swing,Marketplace,6,0,0,91.6,0,0,0
BL-12891,EWR-07,pilot,1,2025-03-26T14:27:47,2025-03-26T16:27:47,Swing,DTC web,4,0,0,92.5,0,0,0
BL-12892,EWR-07,pilot,1,2025-03-26T14:22:17,2025-03-26T16:22:17,Swing,Store replen,3,0,0,72.1,0,0,0
BL-12893,EWR-07,pilot,1,2025-03-26T14:42:34,2025-03-26T16:42:34,Swing,Marketplace,8,0,0,89.3,0,0,0
BL-12894,EWR-07,pilot,1,2025-03-26T14:17:12,2025-03-26T16:17:12,Swing,DTC web,4,0,0,113.7,0,0,0
BL-12895,EWR-07,pilot,1,2025-03-26T14:30:30,2025-03-26T16:30:30,Swing,DTC web,1,1,0,96.5,1,0,0
BL-12896,EWR-07,pilot,1,2025-03-26T14:26:11,2025-03-26T16:26:11,Swing,DTC web,3,0,0,85.0,0,0,0
BL-12897,EWR-07,pilot,1,2025-03-26T14:22:29,2025-03-26T16:22:29,Swing,DTC web,4,0,0,109.7,0,0,0
BL-12898,EWR-07,pilot,1,2025-03-26T14:51:23,2025-03-26T16:51:23,Swing,DTC web,3,0,0,83.7,0,0,0
BL-12899,EWR-07,pilot,1,2025-03-26T22:23:24,2025-03-27T00:23:24,Night,DTC web,2,1,0,76.5,0,0,0
BL-12900,EWR-07,pilot,1,2025-03-26T22:49:15,2025-03-27T00:49:15,Night,DTC web,1,0,0,82.4,0,0,0
BL-12901,EWR-07,pilot,1,2025-03-26T22:13:47,2025-03-27T00:13:47,Night,DTC web,6,0,0,99.4,0,0,0
BL-12902,EWR-07,pilot,1,2025-03-26T22:36:31,2025-03-27T00:36:31,Night,DTC web,6,0,0,102.2,0,0,0
BL-12903,EWR-07,pilot,1,2025-03-26T22:35:26,2025-03-27T00:35:26,Night,Store replen,1,0,0,86.1,0,0,0
BL-12904,FNT-12,pilot,1,2025-03-26T06:11:09,2025-03-26T08:11:09,Days,DTC web,2,1,0,71.8,1,1,0
BL-12905,FNT-12,pilot,1,2025-03-26T06:26:47,2025-03-26T08:26:47,Days,DTC web,2,1,0,80.4,0,0,0
BL-12906,FNT-12,pilot,1,2025-03-26T06:09:06,2025-03-26T08:09:06,Days,DTC web,5,0,0,76.0,1,0,0
BL-12907,FNT-12,pilot,1,2025-03-26T14:21:12,2025-03-26T16:21:12,Swing,Store replen,1,0,0,93.5,1,1,0
BL-12908,FNT-12,pilot,1,2025-03-26T14:10:00,2025-03-26T16:10:00,Swing,Store replen,2,0,0,72.3,0,0,0
BL-12909,FNT-12,pilot,1,2025-03-26T14:46:46,2025-03-26T16:46:46,Swing,Store replen,6,0,0,93.6,0,0,0
BL-12910,FNT-12,pilot,1,2025-03-26T14:29:11,2025-03-26T16:29:11,Swing,DTC web,5,0,0,96.8,0,0,0
BL-12911,FNT-12,pilot,1,2025-03-26T22:49:19,2025-03-27T00:49:19,Night,DTC web,7,0,0,133.4,2,1,1
BL-12912,FNT-12,pilot,1,2025-03-26T22:42:36,2025-03-27T00:42:36,Night,Marketplace,4,0,0,93.2,0,0,0
BL-12913,FNT-12,pilot,1,2025-03-26T22:38:12,2025-03-27T00:38:12,Night,Store replen,2,0,0,71.8,0,0,0
BL-12914,FNT-12,pilot,1,2025-03-26T22:51:21,2025-03-27T00:51:21,Night,DTC web,4,0,0,108.4,0,0,0
BL-12915,FNT-12,pilot,1,2025-03-26T22:39:37,2025-03-27T00:39:37,Night,DTC web,3,0,0,98.8,0,0,0
BL-12916,FNT-12,pilot,1,2025-03-26T22:34:19,2025-03-27T00:34:19,Night,DTC web,3,0,0,113.7,1,1,0
BL-12917,AUS-01,pilot,1,2025-03-27T06:28:49,2025-03-27T08:28:49,Days,Store replen,9,0,0,122.4,0,0,1
BL-12918,AUS-01,pilot,1,2025-03-27T06:09:34,2025-03-27T08:09:34,Days,DTC web,3,0,0,94.0,0,0,0
BL-12919,AUS-01,pilot,1,2025-03-27T06:38:29,2025-03-27T08:38:29,Days,DTC web,3,0,0,77.2,0,0,0
BL-12920,AUS-01,pilot,1,2025-03-27T06:20:34,2025-03-27T08:20:34,Days,DTC web,2,0,0,57.3,0,0,0
BL-12921,AUS-01,pilot,1,2025-03-27T06:37:34,2025-03-27T08:37:34,Days,Marketplace,5,0,1,95.7,0,0,0
BL-12922,AUS-01,pilot,1,2025-03-27T14:46:32,2025-03-27T16:46:32,Swing,DTC web,5,0,0,83.6,0,0,0
BL-12923,AUS-01,pilot,1,2025-03-27T14:16:04,2025-03-27T16:16:04,Swing,DTC web,7,0,0,77.6,1,0,0
BL-12924,AUS-01,pilot,1,2025-03-27T14:25:28,2025-03-27T16:25:28,Swing,Marketplace,1,1,0,102.5,0,0,0
BL-12925,AUS-01,pilot,1,2025-03-27T14:38:02,2025-03-27T16:38:02,Swing,DTC web,4,0,0,83.7,0,0,0
BL-12926,AUS-01,pilot,1,2025-03-27T14:15:33,2025-03-27T16:15:33,Swing,DTC web,4,0,0,64.2,0,0,0
BL-12927,AUS-01,pilot,1,2025-03-27T14:21:29,2025-03-27T16:21:29,Swing,DTC web,5,0,0,101.5,0,0,0
BL-12928,AUS-01,pilot,1,2025-03-27T14:46:31,2025-03-27T16:46:31,Swing,DTC web,3,0,1,95.4,2,1,0
BL-12929,AUS-01,pilot,1,2025-03-27T14:40:21,2025-03-27T16:40:21,Swing,Store replen,4,0,0,81.8,0,0,0
BL-12930,AUS-01,pilot,1,2025-03-27T22:25:46,2025-03-28T00:25:46,Night,DTC web,2,1,0,72.8,0,0,0
BL-12931,AUS-01,pilot,1,2025-03-27T22:29:46,2025-03-28T00:29:46,Night,DTC web,5,0,0,74.1,0,0,0
BL-12932,AUS-01,pilot,1,2025-03-27T22:44:05,2025-03-28T00:44:05,Night,DTC web,1,1,0,60.7,0,0,0
BL-12933,AUS-01,pilot,1,2025-03-27T22:18:39,2025-03-28T00:18:39,Night,Marketplace,7,0,0,76.7,0,0,0
BL-12934,AUS-01,pilot,1,2025-03-27T22:21:00,2025-03-28T00:21:00,Night,Marketplace,3,0,0,75.7,0,0,0
BL-12935,AUS-01,pilot,1,2025-03-27T22:18:27,2025-03-28T00:18:27,Night,DTC web,1,1,0,63.2,0,0,0
BL-12936,EWR-07,pilot,1,2025-03-27T06:32:29,2025-03-27T08:32:29,Days,Marketplace,8,0,0,116.0,0,0,0
BL-12937,EWR-07,pilot,1,2025-03-27T06:32:08,2025-03-27T08:32:08,Days,Marketplace,5,0,0,104.2,1,1,0
BL-12938,EWR-07,pilot,1,2025-03-27T06:41:04,2025-03-27T08:41:04,Days,Marketplace,6,0,0,77.8,0,0,0
BL-12939,EWR-07,pilot,1,2025-03-27T06:46:10,2025-03-27T08:46:10,Days,Marketplace,14,0,0,139.0,0,0,1
BL-12940,EWR-07,pilot,1,2025-03-27T06:17:03,2025-03-27T08:17:03,Days,Marketplace,8,0,0,100.8,0,0,0
BL-12941,EWR-07,pilot,1,2025-03-27T06:47:07,2025-03-27T08:47:07,Days,Store replen,4,0,0,95.9,0,0,0
BL-12942,EWR-07,pilot,1,2025-03-27T06:20:01,2025-03-27T08:20:01,Days,Marketplace,2,1,0,105.8,1,1,0
BL-12943,EWR-07,pilot,1,2025-03-27T06:44:48,2025-03-27T08:44:48,Days,DTC web,3,0,0,84.7,0,0,0
BL-12944,EWR-07,pilot,1,2025-03-27T06:31:47,2025-03-27T08:31:47,Days,Marketplace,2,1,0,87.6,0,0,0
BL-12945,EWR-07,pilot,1,2025-03-27T14:39:04,2025-03-27T16:39:04,Swing,DTC web,4,0,0,87.1,0,0,0
BL-12946,EWR-07,pilot,1,2025-03-27T14:39:46,2025-03-27T16:39:46,Swing,Store replen,7,0,0,102.7,1,0,0
BL-12947,EWR-07,pilot,1,2025-03-27T14:26:38,2025-03-27T16:26:38,Swing,DTC web,2,1,0,81.3,0,0,0
BL-12948,EWR-07,pilot,1,2025-03-27T14:46:23,2025-03-27T16:46:23,Swing,Marketplace,5,0,0,105.8,0,0,0
BL-12949,EWR-07,pilot,1,2025-03-27T14:25:07,2025-03-27T16:25:07,Swing,DTC web,2,1,0,82.0,0,0,0
BL-12950,EWR-07,pilot,1,2025-03-27T22:29:21,2025-03-28T00:29:21,Night,DTC web,1,1,0,72.5,0,0,0
BL-12951,EWR-07,pilot,1,2025-03-27T22:31:44,2025-03-28T00:31:44,Night,DTC web,2,1,0,85.4,0,0,0
BL-12952,EWR-07,pilot,1,2025-03-27T22:13:20,2025-03-28T00:13:20,Night,DTC web,6,0,0,107.5,0,0,0
BL-12953,EWR-07,pilot,1,2025-03-27T22:16:03,2025-03-28T00:16:03,Night,DTC web,2,1,0,59.8,0,0,0
BL-12954,EWR-07,pilot,1,2025-03-27T22:45:21,2025-03-28T00:45:21,Night,DTC web,2,1,0,82.5,0,0,0
BL-12955,FNT-12,pilot,1,2025-03-27T06:39:20,2025-03-27T08:39:20,Days,Store replen,1,0,0,77.6,0,0,0
BL-12956,FNT-12,pilot,1,2025-03-27T06:50:26,2025-03-27T08:50:26,Days,DTC web,3,0,0,68.2,0,0,0
BL-12957,FNT-12,pilot,1,2025-03-27T06:14:02,2025-03-27T08:14:02,Days,Marketplace,3,0,0,91.7,0,0,0
BL-12958,FNT-12,pilot,1,2025-03-27T06:09:15,2025-03-27T08:09:15,Days,Marketplace,3,0,0,106.2,0,0,0
BL-12959,FNT-12,pilot,1,2025-03-27T14:19:00,2025-03-27T16:19:00,Swing,Marketplace,5,0,0,96.0,0,0,0
BL-12960,FNT-12,pilot,1,2025-03-27T14:45:29,2025-03-27T16:45:29,Swing,DTC web,1,1,0,70.7,0,0,0
BL-12961,FNT-12,pilot,1,2025-03-27T14:26:13,2025-03-27T16:26:13,Swing,DTC web,1,1,0,121.4,0,0,1
BL-12962,FNT-12,pilot,1,2025-03-27T14:12:17,2025-03-27T16:12:17,Swing,Store replen,2,0,0,66.0,0,0,0
BL-12963,FNT-12,pilot,1,2025-03-27T14:43:31,2025-03-27T16:43:31,Swing,Store replen,8,0,0,91.1,0,0,0
BL-12964,FNT-12,pilot,1,2025-03-27T14:24:18,2025-03-27T16:24:18,Swing,DTC web,5,0,0,93.0,0,0,0
BL-12965,FNT-12,pilot,1,2025-03-27T14:23:46,2025-03-27T16:23:46,Swing,DTC web,4,0,0,78.5,0,0,0
BL-12966,FNT-12,pilot,1,2025-03-27T22:20:41,2025-03-28T00:20:41,Night,DTC web,8,0,0,108.5,0,0,0
BL-12967,FNT-12,pilot,1,2025-03-27T22:46:02,2025-03-28T00:46:02,Night,Marketplace,1,1,0,72.2,0,0,0
BL-12968,FNT-12,pilot,1,2025-03-27T22:20:13,2025-03-28T00:20:13,Night,DTC web,5,0,0,108.4,0,0,0
BL-12969,AUS-01,pilot,1,2025-03-28T06:20:28,2025-03-28T08:20:28,Days,DTC web,1,1,0,69.5,0,0,0
BL-12970,AUS-01,pilot,1,2025-03-28T06:35:05,2025-03-28T08:35:05,Days,DTC web,3,0,0,80.3,1,1,0
BL-12971,AUS-01,pilot,1,2025-03-28T06:35:01,2025-03-28T08:35:01,Days,DTC web,2,0,0,71.7,0,0,0
BL-12972,AUS-01,pilot,1,2025-03-28T14:47:46,2025-03-28T16:47:46,Swing,DTC web,2,0,1,75.4,0,0,0
BL-12973,AUS-01,pilot,1,2025-03-28T14:40:36,2025-03-28T16:40:36,Swing,DTC web,5,0,0,71.5,0,0,0
BL-12974,AUS-01,pilot,1,2025-03-28T14:44:34,2025-03-28T16:44:34,Swing,Marketplace,3,0,0,67.9,0,0,0
BL-12975,AUS-01,pilot,1,2025-03-28T14:27:19,2025-03-28T16:27:19,Swing,DTC web,4,0,0,111.0,1,0,0
BL-12976,AUS-01,pilot,1,2025-03-28T14:36:46,2025-03-28T16:36:46,Swing,DTC web,2,1,0,74.0,0,0,0
BL-12977,AUS-01,pilot,1,2025-03-28T14:26:27,2025-03-28T16:26:27,Swing,DTC web,1,0,0,55.8,0,0,0
BL-12978,AUS-01,pilot,1,2025-03-28T14:35:08,2025-03-28T16:35:08,Swing,Store replen,3,0,0,86.7,1,1,0
BL-12979,AUS-01,pilot,1,2025-03-28T22:43:03,2025-03-29T00:43:03,Night,Marketplace,2,1,0,48.3,0,0,0
BL-12980,AUS-01,pilot,1,2025-03-28T22:42:07,2025-03-29T00:42:07,Night,Store replen,5,0,0,116.8,2,1,0
BL-12981,EWR-07,pilot,1,2025-03-28T06:18:10,2025-03-28T08:18:10,Days,Marketplace,8,0,0,97.8,0,0,0
BL-12982,EWR-07,pilot,1,2025-03-28T06:17:06,2025-03-28T08:17:06,Days,Marketplace,1,1,0,81.0,0,0,0
BL-12983,EWR-07,pilot,1,2025-03-28T06:29:28,2025-03-28T08:29:28,Days,DTC web,6,0,0,109.7,1,0,0
BL-12984,EWR-07,pilot,1,2025-03-28T06:39:02,2025-03-28T08:39:02,Days,Store replen,3,0,0,120.4,0,0,1
BL-12985,EWR-07,pilot,1,2025-03-28T06:49:00,2025-03-28T08:49:00,Days,Marketplace,2,1,0,65.0,0,0,0
BL-12986,EWR-07,pilot,1,2025-03-28T14:35:30,2025-03-28T16:35:30,Swing,DTC web,3,0,0,97.7,0,0,0
BL-12987,EWR-07,pilot,1,2025-03-28T14:13:08,2025-03-28T16:13:08,Swing,DTC web,5,0,0,110.6,1,1,0
BL-12988,EWR-07,pilot,1,2025-03-28T14:10:08,2025-03-28T16:10:08,Swing,DTC web,4,0,0,101.3,1,1,0
BL-12989,EWR-07,pilot,1,2025-03-28T22:42:49,2025-03-29T00:42:49,Night,DTC web,7,0,0,91.2,0,0,0
BL-12990,EWR-07,pilot,1,2025-03-28T22:18:40,2025-03-29T00:18:40,Night,DTC web,7,0,0,105.7,0,0,0
BL-12991,EWR-07,pilot,1,2025-03-28T22:16:46,2025-03-29T00:16:46,Night,Store replen,6,0,0,100.7,0,0,0
BL-12992,EWR-07,pilot,1,2025-03-28T22:40:43,2025-03-29T00:40:43,Night,DTC web,3,0,0,99.7,0,0,0
BL-12993,FNT-12,pilot,1,2025-03-28T06:16:33,2025-03-28T08:16:33,Days,DTC web,1,1,0,95.4,0,0,0
BL-12994,FNT-12,pilot,1,2025-03-28T06:38:17,2025-03-28T08:38:17,Days,Marketplace,1,1,0,66.6,0,0,0
BL-12995,FNT-12,pilot,1,2025-03-28T06:31:03,2025-03-28T08:31:03,Days,Marketplace,2,1,0,67.7,0,0,0
BL-12996,FNT-12,pilot,1,2025-03-28T14:32:26,2025-03-28T16:32:26,Swing,DTC web,3,0,0,87.7,0,0,0
BL-12997,FNT-12,pilot,1,2025-03-28T14:34:00,2025-03-28T16:34:00,Swing,Marketplace,3,0,0,88.9,0,0,0
BL-12998,FNT-12,pilot,1,2025-03-28T14:09:17,2025-03-28T16:09:17,Swing,Marketplace,3,0,0,109.9,0,0,0
BL-12999,FNT-12,pilot,1,2025-03-28T14:13:49,2025-03-28T16:13:49,Swing,Marketplace,1,1,0,63.4,0,0,0
BL-13000,FNT-12,pilot,1,2025-03-28T14:10:04,2025-03-28T16:10:04,Swing,Store replen,2,0,0,84.4,0,0,0
BL-13001,FNT-12,pilot,1,2025-03-28T14:50:16,2025-03-28T16:50:16,Swing,DTC web,5,0,0,97.6,0,0,0
BL-13002,FNT-12,pilot,1,2025-03-28T14:37:23,2025-03-28T16:37:23,Swing,DTC web,9,0,0,100.5,0,0,0
BL-13003,FNT-12,pilot,1,2025-03-28T22:48:05,2025-03-29T00:48:05,Night,Marketplace,4,0,0,79.4,0,0,0
BL-13004,FNT-12,pilot,1,2025-03-28T22:36:28,2025-03-29T00:36:28,Night,Marketplace,2,1,0,87.4,1,1,0
BL-13005,FNT-12,pilot,1,2025-03-28T22:20:29,2025-03-29T00:20:29,Night,Marketplace,6,0,0,109.3,0,0,0
BL-13006,FNT-12,pilot,1,2025-03-28T22:51:23,2025-03-29T00:51:23,Night,DTC web,3,0,0,98.5,0,0,0
BL-13007,FNT-12,pilot,1,2025-03-28T22:34:31,2025-03-29T00:34:31,Night,DTC web,2,1,0,64.5,0,0,0
BL-13008,FNT-12,pilot,1,2025-03-28T22:11:08,2025-03-29T00:11:08,Night,Marketplace,1,1,0,85.4,0,0,0
BL-13009,FNT-12,pilot,1,2025-03-28T22:18:19,2025-03-29T00:18:19,Night,Marketplace,2,1,0,90.3,0,0,0
BL-13010,FNT-12,pilot,1,2025-03-28T22:11:03,2025-03-29T00:11:03,Night,DTC web,2,1,0,85.8,0,0,0
BL-13011,AUS-01,pilot,1,2025-03-29T06:39:44,2025-03-29T08:39:44,Days,DTC web,2,0,0,77.3,0,0,0
BL-13012,AUS-01,pilot,1,2025-03-29T06:44:04,2025-03-29T08:44:04,Days,Store replen,3,0,0,82.1,0,0,0
BL-13013,AUS-01,pilot,1,2025-03-29T14:12:29,2025-03-29T16:12:29,Swing,Store replen,4,0,0,71.8,0,0,0
BL-13014,AUS-01,pilot,1,2025-03-29T14:25:22,2025-03-29T16:25:22,Swing,DTC web,3,0,0,65.1,0,0,0
BL-13015,AUS-01,pilot,1,2025-03-29T22:20:32,2025-03-30T00:20:32,Night,DTC web,2,1,0,44.7,0,0,0
BL-13016,AUS-01,pilot,1,2025-03-29T22:09:45,2025-03-30T00:09:45,Night,DTC web,1,1,0,67.7,1,1,0
BL-13017,EWR-07,pilot,1,2025-03-29T06:44:47,2025-03-29T08:44:47,Days,Marketplace,1,1,0,63.7,0,0,0
BL-13018,EWR-07,pilot,1,2025-03-29T06:44:30,2025-03-29T08:44:30,Days,Marketplace,4,0,0,97.0,0,0,0
BL-13019,EWR-07,pilot,1,2025-03-29T06:30:17,2025-03-29T08:30:17,Days,DTC web,3,0,0,77.6,0,0,0
BL-13020,EWR-07,pilot,1,2025-03-29T06:42:15,2025-03-29T08:42:15,Days,Store replen,2,0,0,84.2,0,0,0
BL-13021,EWR-07,pilot,1,2025-03-29T06:35:47,2025-03-29T08:35:47,Days,DTC web,2,1,0,68.3,0,0,0
BL-13022,EWR-07,pilot,1,2025-03-29T06:25:14,2025-03-29T08:25:14,Days,Marketplace,2,0,1,130.4,0,0,1
BL-13023,EWR-07,pilot,1,2025-03-29T14:50:35,2025-03-29T16:50:35,Swing,DTC web,2,0,1,86.0,0,0,0
BL-13024,EWR-07,pilot,1,2025-03-29T14:43:02,2025-03-29T16:43:02,Swing,DTC web,4,0,0,85.5,0,0,0
BL-13025,EWR-07,pilot,1,2025-03-29T14:42:31,2025-03-29T16:42:31,Swing,DTC web,2,1,0,66.7,0,0,0
BL-13026,EWR-07,pilot,1,2025-03-29T22:08:01,2025-03-30T00:08:01,Night,DTC web,2,1,0,98.3,0,0,0
BL-13027,EWR-07,pilot,1,2025-03-29T22:34:05,2025-03-30T00:34:05,Night,DTC web,2,1,0,85.5,0,0,0
BL-13028,EWR-07,pilot,1,2025-03-29T22:43:36,2025-03-30T00:43:36,Night,DTC web,1,1,0,73.2,0,0,0
BL-13029,EWR-07,pilot,1,2025-03-29T22:38:20,2025-03-30T00:38:20,Night,Marketplace,7,0,0,104.3,0,0,0
BL-13030,EWR-07,pilot,1,2025-03-29T22:33:25,2025-03-30T00:33:25,Night,DTC web,2,1,0,82.0,0,0,0
BL-13031,EWR-07,pilot,1,2025-03-29T22:10:16,2025-03-30T00:10:16,Night,DTC web,2,0,0,68.3,0,0,0
BL-13032,FNT-12,pilot,1,2025-03-29T06:12:28,2025-03-29T08:12:28,Days,Marketplace,1,1,0,58.8,0,0,0
BL-13033,FNT-12,pilot,1,2025-03-29T06:46:45,2025-03-29T08:46:45,Days,DTC web,2,1,0,83.2,0,0,0
BL-13034,FNT-12,pilot,1,2025-03-29T06:37:49,2025-03-29T08:37:49,Days,DTC web,6,0,0,105.4,1,0,0
BL-13035,FNT-12,pilot,1,2025-03-29T06:18:03,2025-03-29T08:18:03,Days,DTC web,11,0,0,102.6,0,0,0
BL-13036,FNT-12,pilot,1,2025-03-29T06:12:02,2025-03-29T08:12:02,Days,Store replen,4,0,0,64.5,0,0,0
BL-13037,FNT-12,pilot,1,2025-03-29T06:47:42,2025-03-29T08:47:42,Days,DTC web,5,0,0,88.5,0,0,0
BL-13038,FNT-12,pilot,1,2025-03-29T06:14:20,2025-03-29T08:14:20,Days,DTC web,2,1,0,92.3,0,0,0
BL-13039,FNT-12,pilot,1,2025-03-29T14:25:03,2025-03-29T16:25:03,Swing,DTC web,4,0,0,87.7,0,0,0
BL-13040,FNT-12,pilot,1,2025-03-29T14:36:28,2025-03-29T16:36:28,Swing,DTC web,2,0,1,74.9,0,0,0
BL-13041,FNT-12,pilot,1,2025-03-29T14:44:02,2025-03-29T16:44:02,Swing,Marketplace,10,0,0,118.7,0,0,0
BL-13042,FNT-12,pilot,1,2025-03-29T14:26:14,2025-03-29T16:26:14,Swing,DTC web,1,0,0,89.5,1,1,0
BL-13043,FNT-12,pilot,1,2025-03-29T14:34:29,2025-03-29T16:34:29,Swing,Marketplace,3,0,0,86.8,0,0,0
BL-13044,FNT-12,pilot,1,2025-03-29T14:12:33,2025-03-29T16:12:33,Swing,Store replen,4,0,0,81.5,0,0,0
BL-13045,FNT-12,pilot,1,2025-03-29T22:19:18,2025-03-30T00:19:18,Night,Marketplace,10,0,0,127.2,0,0,1
BL-13046,FNT-12,pilot,1,2025-03-29T22:25:37,2025-03-30T00:25:37,Night,DTC web,4,0,0,83.1,0,0,0
BL-13047,FNT-12,pilot,1,2025-03-29T22:35:18,2025-03-30T00:35:18,Night,Store replen,3,0,0,107.8,0,0,0
BL-13048,AUS-01,pilot,1,2025-03-31T06:14:49,2025-03-31T08:14:49,Days,DTC web,4,0,0,65.8,0,0,0
BL-13049,AUS-01,pilot,1,2025-03-31T06:12:43,2025-03-31T08:12:43,Days,DTC web,4,0,0,83.9,0,0,0
BL-13050,AUS-01,pilot,1,2025-03-31T06:08:45,2025-03-31T08:08:45,Days,DTC web,4,0,0,58.2,0,0,0
BL-13051,AUS-01,pilot,1,2025-03-31T06:46:23,2025-03-31T08:46:23,Days,DTC web,4,0,1,80.7,1,1,0
BL-13052,AUS-01,pilot,1,2025-03-31T06:36:25,2025-03-31T08:36:25,Days,DTC web,4,0,0,79.8,0,0,0
BL-13053,AUS-01,pilot,1,2025-03-31T14:17:10,2025-03-31T16:17:10,Swing,DTC web,5,0,0,77.9,0,0,0
BL-13054,AUS-01,pilot,1,2025-03-31T14:48:28,2025-03-31T16:48:28,Swing,Marketplace,2,1,0,81.2,0,0,0
BL-13055,AUS-01,pilot,1,2025-03-31T14:17:28,2025-03-31T16:17:28,Swing,DTC web,8,0,0,107.6,1,1,0
BL-13056,AUS-01,pilot,1,2025-03-31T14:20:43,2025-03-31T16:20:43,Swing,Marketplace,2,1,0,68.5,0,0,0
BL-13057,AUS-01,pilot,1,2025-03-31T14:50:31,2025-03-31T16:50:31,Swing,DTC web,7,0,0,105.9,0,0,0
BL-13058,AUS-01,pilot,1,2025-03-31T22:32:15,2025-04-01T00:32:15,Night,DTC web,1,1,0,101.1,0,0,0
BL-13059,AUS-01,pilot,1,2025-03-31T22:28:25,2025-04-01T00:28:25,Night,Marketplace,3,0,1,70.0,0,0,0
BL-13060,AUS-01,pilot,1,2025-03-31T22:15:47,2025-04-01T00:15:47,Night,Store replen,4,0,0,92.9,0,0,0
BL-13061,AUS-01,pilot,1,2025-03-31T22:17:23,2025-04-01T00:17:23,Night,Marketplace,2,1,0,57.9,0,0,0
BL-13062,AUS-01,pilot,1,2025-03-31T22:24:18,2025-04-01T00:24:18,Night,Marketplace,4,0,0,94.3,0,0,0
BL-13063,EWR-07,pilot,1,2025-03-31T06:30:07,2025-03-31T08:30:07,Days,Store replen,7,0,0,110.0,0,0,0
BL-13064,EWR-07,pilot,1,2025-03-31T06:21:47,2025-03-31T08:21:47,Days,Marketplace,1,1,0,53.2,0,0,0
BL-13065,EWR-07,pilot,1,2025-03-31T06:44:14,2025-03-31T08:44:14,Days,Marketplace,5,0,0,80.3,0,0,0
BL-13066,EWR-07,pilot,1,2025-03-31T06:27:32,2025-03-31T08:27:32,Days,DTC web,5,0,0,88.9,0,0,0
BL-13067,EWR-07,pilot,1,2025-03-31T14:45:18,2025-03-31T16:45:18,Swing,DTC web,4,0,0,111.8,0,0,0
BL-13068,EWR-07,pilot,1,2025-03-31T14:10:29,2025-03-31T16:10:29,Swing,Marketplace,6,0,0,103.0,0,0,0
BL-13069,EWR-07,pilot,1,2025-03-31T14:17:42,2025-03-31T16:17:42,Swing,DTC web,4,0,0,122.2,1,1,1
BL-13070,EWR-07,pilot,1,2025-03-31T14:30:48,2025-03-31T16:30:48,Swing,Marketplace,5,0,0,89.2,0,0,0
BL-13071,EWR-07,pilot,1,2025-03-31T22:19:32,2025-04-01T00:19:32,Night,Marketplace,1,1,0,54.9,0,0,0
BL-13072,EWR-07,pilot,1,2025-03-31T22:29:33,2025-04-01T00:29:33,Night,DTC web,8,0,0,119.7,0,0,0
BL-13073,EWR-07,pilot,1,2025-03-31T22:11:18,2025-04-01T00:11:18,Night,DTC web,9,0,0,94.4,0,0,0
BL-13074,EWR-07,pilot,1,2025-03-31T22:22:17,2025-04-01T00:22:17,Night,DTC web,6,0,0,135.1,1,1,1
BL-13075,EWR-07,pilot,1,2025-03-31T22:28:10,2025-04-01T00:28:10,Night,Store replen,4,0,0,100.0,0,0,0
BL-13076,EWR-07,pilot,1,2025-03-31T22:28:11,2025-04-01T00:28:11,Night,DTC web,1,1,0,91.2,0,0,0
BL-13077,EWR-07,pilot,1,2025-03-31T22:12:31,2025-04-01T00:12:31,Night,DTC web,3,0,0,91.5,0,0,0
BL-13078,EWR-07,pilot,1,2025-03-31T22:25:38,2025-04-01T00:25:38,Night,DTC web,3,0,0,76.6,0,0,0
BL-13079,EWR-07,pilot,1,2025-03-31T22:10:43,2025-04-01T00:10:43,Night,DTC web,4,0,0,103.9,0,0,0
BL-13080,EWR-07,pilot,1,2025-03-31T22:20:31,2025-04-01T00:20:31,Night,Marketplace,2,1,0,76.4,0,0,0
BL-13081,FNT-12,pilot,1,2025-03-31T06:12:31,2025-03-31T08:12:31,Days,DTC web,8,0,0,98.6,0,0,0
BL-13082,FNT-12,pilot,1,2025-03-31T06:41:21,2025-03-31T08:41:21,Days,Store replen,3,0,0,70.9,0,0,0
BL-13083,FNT-12,pilot,1,2025-03-31T06:34:15,2025-03-31T08:34:15,Days,Marketplace,2,1,0,83.8,1,1,0
BL-13084,FNT-12,pilot,1,2025-03-31T06:49:17,2025-03-31T08:49:17,Days,Marketplace,2,1,0,99.5,0,0,0
BL-13085,FNT-12,pilot,1,2025-03-31T06:25:03,2025-03-31T08:25:03,Days,DTC web,6,0,0,99.9,0,0,0
BL-13086,FNT-12,pilot,1,2025-03-31T14:18:12,2025-03-31T16:18:12,Swing,DTC web,8,0,0,102.1,0,0,0
BL-13087,FNT-12,pilot,1,2025-03-31T14:39:14,2025-03-31T16:39:14,Swing,DTC web,1,0,0,53.9,0,0,0
BL-13088,FNT-12,pilot,1,2025-03-31T14:28:08,2025-03-31T16:28:08,Swing,DTC web,2,0,0,62.8,0,0,0
BL-13089,FNT-12,pilot,1,2025-03-31T14:24:34,2025-03-31T16:24:34,Swing,DTC web,4,0,0,77.4,0,0,0
BL-13090,FNT-12,pilot,1,2025-03-31T14:28:23,2025-03-31T16:28:23,Swing,DTC web,1,0,0,62.9,0,0,0
BL-13091,FNT-12,pilot,1,2025-03-31T14:30:13,2025-03-31T16:30:13,Swing,DTC web,4,0,0,85.4,0,0,0
BL-13092,FNT-12,pilot,1,2025-03-31T14:26:47,2025-03-31T16:26:47,Swing,DTC web,7,0,0,73.3,0,0,0
BL-13093,FNT-12,pilot,1,2025-03-31T14:27:18,2025-03-31T16:27:18,Swing,DTC web,5,0,0,102.4,0,0,0
BL-13094,FNT-12,pilot,1,2025-03-31T22:48:19,2025-04-01T00:48:19,Night,DTC web,1,1,0,106.3,0,0,0
BL-13095,FNT-12,pilot,1,2025-03-31T22:20:16,2025-04-01T00:20:16,Night,Marketplace,3,0,0,94.2,0,0,0
BL-13096,FNT-12,pilot,1,2025-03-31T22:46:36,2025-04-01T00:46:36,Night,Marketplace,13,0,0,155.3,1,1,1
BL-13097,FNT-12,pilot,1,2025-03-31T22:49:10,2025-04-01T00:49:10,Night,DTC web,4,0,0,104.6,0,0,0
BL-13098,AUS-01,pilot,1,2025-04-01T06:14:32,2025-04-01T08:14:32,Days,Marketplace,5,0,0,82.2,0,0,0
BL-13099,AUS-01,pilot,1,2025-04-01T06:44:16,2025-04-01T08:44:16,Days,DTC web,2,1,0,49.0,0,0,0
BL-13100,AUS-01,pilot,1,2025-04-01T06:42:02,2025-04-01T08:42:02,Days,Marketplace,3,0,0,85.9,0,0,0
BL-13101,AUS-01,pilot,1,2025-04-01T06:41:24,2025-04-01T08:41:24,Days,Marketplace,9,0,1,85.9,0,0,0
BL-13102,AUS-01,pilot,1,2025-04-01T06:45:06,2025-04-01T08:45:06,Days,DTC web,2,1,0,62.5,0,0,0
BL-13103,AUS-01,pilot,1,2025-04-01T14:44:22,2025-04-01T16:44:22,Swing,DTC web,2,1,0,49.6,0,0,0
BL-13104,AUS-01,pilot,1,2025-04-01T14:34:19,2025-04-01T16:34:19,Swing,Marketplace,1,0,0,90.0,0,0,0
BL-13105,AUS-01,pilot,1,2025-04-01T14:43:19,2025-04-01T16:43:19,Swing,Marketplace,1,1,0,43.1,0,0,0
BL-13106,AUS-01,pilot,1,2025-04-01T14:37:26,2025-04-01T16:37:26,Swing,Store replen,4,0,0,107.3,1,1,0
BL-13107,AUS-01,pilot,1,2025-04-01T14:51:44,2025-04-01T16:51:44,Swing,DTC web,8,0,0,87.7,0,0,0
BL-13108,AUS-01,pilot,1,2025-04-01T14:27:08,2025-04-01T16:27:08,Swing,DTC web,5,0,0,80.5,0,0,0
BL-13109,AUS-01,pilot,1,2025-04-01T14:30:22,2025-04-01T16:30:22,Swing,DTC web,6,0,0,84.1,0,0,0
BL-13110,AUS-01,pilot,1,2025-04-01T14:15:27,2025-04-01T16:15:27,Swing,DTC web,9,0,0,103.9,1,1,0
BL-13111,AUS-01,pilot,1,2025-04-01T14:32:19,2025-04-01T16:32:19,Swing,DTC web,2,1,0,66.1,0,0,0
BL-13112,AUS-01,pilot,1,2025-04-01T22:50:45,2025-04-02T00:50:45,Night,DTC web,4,0,0,83.8,0,0,0
BL-13113,AUS-01,pilot,1,2025-04-01T22:22:36,2025-04-02T00:22:36,Night,DTC web,2,1,0,58.7,0,0,0
BL-13114,AUS-01,pilot,1,2025-04-01T22:29:38,2025-04-02T00:29:38,Night,DTC web,5,0,0,77.8,0,0,0
BL-13115,AUS-01,pilot,1,2025-04-01T22:31:42,2025-04-02T00:31:42,Night,DTC web,2,0,0,75.8,0,0,0
BL-13116,AUS-01,pilot,1,2025-04-01T22:51:03,2025-04-02T00:51:03,Night,DTC web,7,0,0,90.9,0,0,0
BL-13117,EWR-07,pilot,1,2025-04-01T06:10:49,2025-04-01T08:10:49,Days,DTC web,2,1,0,63.8,0,0,0
BL-13118,EWR-07,pilot,1,2025-04-01T06:09:32,2025-04-01T08:09:32,Days,Store replen,10,0,0,122.5,0,0,1
BL-13119,EWR-07,pilot,1,2025-04-01T06:11:34,2025-04-01T08:11:34,Days,Marketplace,4,0,0,119.0,0,0,0
BL-13120,EWR-07,pilot,1,2025-04-01T06:46:35,2025-04-01T08:46:35,Days,DTC web,4,0,0,116.5,0,0,0
BL-13121,EWR-07,pilot,1,2025-04-01T06:26:34,2025-04-01T08:26:34,Days,DTC web,2,1,0,93.4,0,0,0
BL-13122,EWR-07,pilot,1,2025-04-01T06:45:19,2025-04-01T08:45:19,Days,DTC web,3,0,0,93.8,0,0,0
BL-13123,EWR-07,pilot,1,2025-04-01T06:25:45,2025-04-01T08:25:45,Days,DTC web,2,1,0,54.4,0,0,0
BL-13124,EWR-07,pilot,1,2025-04-01T06:16:49,2025-04-01T08:16:49,Days,Marketplace,7,0,0,97.3,0,0,0
BL-13125,EWR-07,pilot,1,2025-04-01T06:27:33,2025-04-01T08:27:33,Days,Marketplace,5,0,0,94.3,0,0,0
BL-13126,EWR-07,pilot,1,2025-04-01T06:19:43,2025-04-01T08:19:43,Days,DTC web,5,0,0,113.2,0,0,0
BL-13127,EWR-07,pilot,1,2025-04-01T14:34:43,2025-04-01T16:34:43,Swing,Marketplace,1,1,0,59.2,0,0,0
BL-13128,EWR-07,pilot,1,2025-04-01T14:19:16,2025-04-01T16:19:16,Swing,Marketplace,2,1,0,81.1,0,0,0
BL-13129,EWR-07,pilot,1,2025-04-01T14:47:20,2025-04-01T16:47:20,Swing,DTC web,3,0,0,84.1,0,0,0
BL-13130,EWR-07,pilot,1,2025-04-01T14:14:15,2025-04-01T16:14:15,Swing,Marketplace,2,0,0,73.8,0,0,0
BL-13131,EWR-07,pilot,1,2025-04-01T14:27:15,2025-04-01T16:27:15,Swing,Marketplace,1,1,0,79.2,0,0,0
BL-13132,EWR-07,pilot,1,2025-04-01T14:21:23,2025-04-01T16:21:23,Swing,Marketplace,2,1,0,72.1,0,0,0
BL-13133,EWR-07,pilot,1,2025-04-01T14:19:32,2025-04-01T16:19:32,Swing,DTC web,6,0,0,79.4,0,0,0
BL-13134,EWR-07,pilot,1,2025-04-01T22:30:43,2025-04-02T00:30:43,Night,DTC web,10,0,0,123.2,0,0,1
BL-13135,EWR-07,pilot,1,2025-04-01T22:14:44,2025-04-02T00:14:44,Night,DTC web,6,0,0,106.7,0,0,0
BL-13136,EWR-07,pilot,1,2025-04-01T22:17:23,2025-04-02T00:17:23,Night,Marketplace,6,0,0,71.8,0,0,0
BL-13137,EWR-07,pilot,1,2025-04-01T22:49:29,2025-04-02T00:49:29,Night,DTC web,1,1,0,83.6,0,0,0
BL-13138,EWR-07,pilot,1,2025-04-01T22:49:04,2025-04-02T00:49:04,Night,Marketplace,8,0,0,112.9,0,0,0
BL-13139,EWR-07,pilot,1,2025-04-01T22:11:38,2025-04-02T00:11:38,Night,Store replen,7,0,0,112.1,0,0,0
BL-13140,EWR-07,pilot,1,2025-04-01T22:37:49,2025-04-02T00:37:49,Night,DTC web,2,0,1,76.2,0,0,0
BL-13141,EWR-07,pilot,1,2025-04-01T22:42:22,2025-04-02T00:42:22,Night,DTC web,4,0,0,101.7,0,0,0
BL-13142,EWR-07,pilot,1,2025-04-01T22:21:18,2025-04-02T00:21:18,Night,DTC web,12,0,0,126.0,0,0,1
BL-13143,EWR-07,pilot,1,2025-04-01T22:26:16,2025-04-02T00:26:16,Night,Marketplace,2,1,0,75.3,0,0,0
BL-13144,FNT-12,pilot,1,2025-04-01T06:51:05,2025-04-01T08:51:05,Days,Marketplace,8,0,0,104.4,0,0,0
BL-13145,FNT-12,pilot,1,2025-04-01T06:09:25,2025-04-01T08:09:25,Days,Store replen,7,0,0,105.5,0,0,0
BL-13146,FNT-12,pilot,1,2025-04-01T06:21:05,2025-04-01T08:21:05,Days,DTC web,3,0,0,96.7,0,0,0
BL-13147,FNT-12,pilot,1,2025-04-01T06:21:11,2025-04-01T08:21:11,Days,Store replen,8,0,0,125.9,0,0,1
BL-13148,FNT-12,pilot,1,2025-04-01T06:28:19,2025-04-01T08:28:19,Days,DTC web,4,0,0,85.1,0,0,0
BL-13149,FNT-12,pilot,1,2025-04-01T06:08:07,2025-04-01T08:08:07,Days,DTC web,4,0,0,87.4,0,0,0
BL-13150,FNT-12,pilot,1,2025-04-01T06:35:34,2025-04-01T08:35:34,Days,DTC web,3,0,0,101.1,1,1,0
BL-13151,FNT-12,pilot,1,2025-04-01T06:10:46,2025-04-01T08:10:46,Days,DTC web,1,1,0,96.9,0,0,0
BL-13152,FNT-12,pilot,1,2025-04-01T06:50:47,2025-04-01T08:50:47,Days,DTC web,11,0,0,92.0,0,0,0
BL-13153,FNT-12,pilot,1,2025-04-01T06:50:00,2025-04-01T08:50:00,Days,Store replen,1,0,0,91.9,1,1,0
BL-13154,FNT-12,pilot,1,2025-04-01T06:45:25,2025-04-01T08:45:25,Days,Marketplace,2,1,0,71.0,0,0,0
BL-13155,FNT-12,pilot,1,2025-04-01T14:16:01,2025-04-01T16:16:01,Swing,DTC web,6,0,0,118.7,0,0,0
BL-13156,FNT-12,pilot,1,2025-04-01T14:39:35,2025-04-01T16:39:35,Swing,DTC web,2,1,0,75.1,0,0,0
BL-13157,FNT-12,pilot,1,2025-04-01T14:42:26,2025-04-01T16:42:26,Swing,Marketplace,7,0,0,95.0,0,0,0
BL-13158,FNT-12,pilot,1,2025-04-01T14:18:31,2025-04-01T16:18:31,Swing,DTC web,6,0,0,83.3,0,0,0
BL-13159,FNT-12,pilot,1,2025-04-01T14:45:17,2025-04-01T16:45:17,Swing,Store replen,8,0,0,97.8,0,0,0
BL-13160,FNT-12,pilot,1,2025-04-01T22:12:05,2025-04-02T00:12:05,Night,DTC web,5,0,0,106.4,0,0,0
BL-13161,FNT-12,pilot,1,2025-04-01T22:46:34,2025-04-02T00:46:34,Night,Marketplace,3,0,0,89.0,0,0,0
BL-13162,FNT-12,pilot,1,2025-04-01T22:33:34,2025-04-02T00:33:34,Night,Marketplace,3,0,0,92.3,0,0,0
BL-13163,FNT-12,pilot,1,2025-04-01T22:32:44,2025-04-02T00:32:44,Night,Marketplace,2,1,0,73.3,0,0,0
BL-13164,FNT-12,pilot,1,2025-04-01T22:16:06,2025-04-02T00:16:06,Night,Marketplace,1,1,0,61.1,0,0,0
BL-13165,FNT-12,pilot,1,2025-04-01T22:21:08,2025-04-02T00:21:08,Night,DTC web,3,0,0,83.6,0,0,0
BL-13166,AUS-01,pilot,1,2025-04-02T06:24:31,2025-04-02T08:24:31,Days,Marketplace,2,0,0,61.3,0,0,0
BL-13167,AUS-01,pilot,1,2025-04-02T06:41:26,2025-04-02T08:41:26,Days,Marketplace,4,0,0,63.6,0,0,0
BL-13168,AUS-01,pilot,1,2025-04-02T06:46:13,2025-04-02T08:46:13,Days,Marketplace,4,0,0,79.4,0,0,0
BL-13169,AUS-01,pilot,1,2025-04-02T14:10:48,2025-04-02T16:10:48,Swing,DTC web,3,0,0,74.8,0,0,0
BL-13170,AUS-01,pilot,1,2025-04-02T14:19:31,2025-04-02T16:19:31,Swing,Store replen,14,0,0,125.9,0,0,1
BL-13171,AUS-01,pilot,1,2025-04-02T14:14:20,2025-04-02T16:14:20,Swing,DTC web,5,0,0,96.2,0,0,0
BL-13172,AUS-01,pilot,1,2025-04-02T14:46:23,2025-04-02T16:46:23,Swing,DTC web,5,0,0,78.6,0,0,0
BL-13173,AUS-01,pilot,1,2025-04-02T22:46:11,2025-04-03T00:46:11,Night,DTC web,1,1,0,51.5,0,0,0
BL-13174,AUS-01,pilot,1,2025-04-02T22:50:46,2025-04-03T00:50:46,Night,Marketplace,3,0,0,89.0,0,0,0
BL-13175,AUS-01,pilot,1,2025-04-02T22:50:46,2025-04-03T00:50:46,Night,DTC web,1,1,0,69.7,0,0,0
BL-13176,EWR-07,pilot,1,2025-04-02T06:23:18,2025-04-02T08:23:18,Days,Store replen,2,0,1,80.7,0,0,0
BL-13177,EWR-07,pilot,1,2025-04-02T06:29:43,2025-04-02T08:29:43,Days,DTC web,7,0,0,91.9,0,0,0
BL-13178,EWR-07,pilot,1,2025-04-02T06:21:12,2025-04-02T08:21:12,Days,Marketplace,2,1,0,42.1,0,0,0
BL-13179,EWR-07,pilot,1,2025-04-02T06:24:21,2025-04-02T08:24:21,Days,DTC web,14,0,0,163.3,1,1,1
BL-13180,EWR-07,pilot,1,2025-04-02T06:40:09,2025-04-02T08:40:09,Days,DTC web,7,0,0,94.6,1,0,0
BL-13181,EWR-07,pilot,1,2025-04-02T06:49:16,2025-04-02T08:49:16,Days,DTC web,4,0,0,70.2,0,0,0
BL-13182,EWR-07,pilot,1,2025-04-02T06:39:47,2025-04-02T08:39:47,Days,DTC web,4,0,0,97.1,0,0,0
BL-13183,EWR-07,pilot,1,2025-04-02T06:39:27,2025-04-02T08:39:27,Days,DTC web,5,0,0,77.6,0,0,0
BL-13184,EWR-07,pilot,1,2025-04-02T14:44:20,2025-04-02T16:44:20,Swing,Marketplace,3,0,0,94.2,1,1,0
BL-13185,EWR-07,pilot,1,2025-04-02T14:43:43,2025-04-02T16:43:43,Swing,Marketplace,2,1,0,88.1,0,0,0
BL-13186,EWR-07,pilot,1,2025-04-02T14:25:20,2025-04-02T16:25:20,Swing,DTC web,1,0,0,83.7,1,1,0
BL-13187,EWR-07,pilot,1,2025-04-02T14:47:15,2025-04-02T16:47:15,Swing,DTC web,5,0,0,72.0,0,0,0
BL-13188,EWR-07,pilot,1,2025-04-02T22:23:41,2025-04-03T00:23:41,Night,DTC web,1,1,0,79.9,0,0,0
BL-13189,EWR-07,pilot,1,2025-04-02T22:36:17,2025-04-03T00:36:17,Night,DTC web,6,0,0,102.5,0,0,0
BL-13190,EWR-07,pilot,1,2025-04-02T22:37:13,2025-04-03T00:37:13,Night,DTC web,13,0,0,167.6,0,0,1
BL-13191,EWR-07,pilot,1,2025-04-02T22:45:39,2025-04-03T00:45:39,Night,Marketplace,2,0,0,88.1,0,0,0
BL-13192,EWR-07,pilot,1,2025-04-02T22:37:44,2025-04-03T00:37:44,Night,DTC web,6,0,0,85.6,0,0,0
BL-13193,EWR-07,pilot,1,2025-04-02T22:14:11,2025-04-03T00:14:11,Night,Store replen,3,0,0,85.3,0,0,0
BL-13194,FNT-12,pilot,1,2025-04-02T06:34:47,2025-04-02T08:34:47,Days,Marketplace,3,0,0,84.5,0,0,0
BL-13195,FNT-12,pilot,1,2025-04-02T06:50:23,2025-04-02T08:50:23,Days,Store replen,4,0,0,87.1,0,0,0
BL-13196,FNT-12,pilot,1,2025-04-02T06:37:38,2025-04-02T08:37:38,Days,DTC web,1,1,0,90.6,0,0,0
BL-13197,FNT-12,pilot,1,2025-04-02T06:45:13,2025-04-02T08:45:13,Days,DTC web,4,0,1,87.9,0,0,0
BL-13198,FNT-12,pilot,1,2025-04-02T06:14:17,2025-04-02T08:14:17,Days,DTC web,6,0,0,83.8,0,0,0
BL-13199,FNT-12,pilot,1,2025-04-02T14:46:24,2025-04-02T16:46:24,Swing,DTC web,2,0,0,103.7,1,1,0
BL-13200,FNT-12,pilot,1,2025-04-02T14:32:49,2025-04-02T16:32:49,Swing,DTC web,3,0,0,71.1,0,0,0
BL-13201,FNT-12,pilot,1,2025-04-02T14:50:10,2025-04-02T16:50:10,Swing,Marketplace,1,1,0,73.5,0,0,0
BL-13202,FNT-12,pilot,1,2025-04-02T14:10:29,2025-04-02T16:10:29,Swing,DTC web,5,0,0,73.4,0,0,0
BL-13203,FNT-12,pilot,1,2025-04-02T14:23:48,2025-04-02T16:23:48,Swing,Marketplace,3,0,0,79.9,0,0,0
BL-13204,FNT-12,pilot,1,2025-04-02T14:34:34,2025-04-02T16:34:34,Swing,Marketplace,2,1,0,75.2,0,0,0
BL-13205,FNT-12,pilot,1,2025-04-02T14:45:45,2025-04-02T16:45:45,Swing,Marketplace,4,0,0,98.1,1,0,0
BL-13206,FNT-12,pilot,1,2025-04-02T22:17:49,2025-04-03T00:17:49,Night,DTC web,7,0,0,85.4,0,0,0
BL-13207,FNT-12,pilot,1,2025-04-02T22:45:05,2025-04-03T00:45:05,Night,DTC web,3,0,0,84.2,0,0,0
BL-13208,FNT-12,pilot,1,2025-04-02T22:31:31,2025-04-03T00:31:31,Night,DTC web,6,0,0,116.0,1,1,0
BL-13209,FNT-12,pilot,1,2025-04-02T22:27:34,2025-04-03T00:27:34,Night,DTC web,1,0,0,86.0,0,0,0
BL-13210,FNT-12,pilot,1,2025-04-02T22:30:06,2025-04-03T00:30:06,Night,DTC web,2,1,0,88.4,0,0,0
BL-13211,FNT-12,pilot,1,2025-04-02T22:33:16,2025-04-03T00:33:16,Night,Marketplace,9,0,0,143.7,0,0,1
BL-13212,FNT-12,pilot,1,2025-04-02T22:49:21,2025-04-03T00:49:21,Night,DTC web,12,0,0,134.2,0,0,1
BL-13213,FNT-12,pilot,1,2025-04-02T22:19:04,2025-04-03T00:19:04,Night,DTC web,5,0,0,124.1,0,0,1
BL-13214,FNT-12,pilot,1,2025-04-02T22:10:27,2025-04-03T00:10:27,Night,DTC web,5,0,0,91.1,0,0,0
BL-13215,AUS-01,pilot,1,2025-04-03T06:26:49,2025-04-03T08:26:49,Days,Store replen,4,0,0,86.6,0,0,0
BL-13216,AUS-01,pilot,1,2025-04-03T06:12:14,2025-04-03T08:12:14,Days,Store replen,4,0,0,96.3,1,1,0
BL-13217,AUS-01,pilot,1,2025-04-03T06:26:14,2025-04-03T08:26:14,Days,DTC web,1,1,0,44.2,0,0,0
BL-13218,AUS-01,pilot,1,2025-04-03T06:50:13,2025-04-03T08:50:13,Days,Marketplace,1,1,0,92.8,1,1,0
BL-13219,AUS-01,pilot,1,2025-04-03T06:14:47,2025-04-03T08:14:47,Days,Store replen,8,0,0,92.6,0,0,0
BL-13220,AUS-01,pilot,1,2025-04-03T06:45:11,2025-04-03T08:45:11,Days,DTC web,4,0,0,64.9,0,0,0
BL-13221,AUS-01,pilot,1,2025-04-03T06:26:40,2025-04-03T08:26:40,Days,Marketplace,2,1,0,73.6,0,0,0
BL-13222,AUS-01,pilot,1,2025-04-03T06:40:13,2025-04-03T08:40:13,Days,DTC web,4,0,0,101.1,0,0,0
BL-13223,AUS-01,pilot,1,2025-04-03T06:43:04,2025-04-03T08:43:04,Days,DTC web,4,0,0,84.8,0,0,0
BL-13224,AUS-01,pilot,1,2025-04-03T14:22:08,2025-04-03T16:22:08,Swing,Marketplace,2,1,0,61.4,0,0,0
BL-13225,AUS-01,pilot,1,2025-04-03T14:43:36,2025-04-03T16:43:36,Swing,DTC web,1,1,0,86.3,1,0,0
BL-13226,AUS-01,pilot,1,2025-04-03T22:19:35,2025-04-04T00:19:35,Night,Marketplace,6,0,0,80.6,0,0,0
BL-13227,AUS-01,pilot,1,2025-04-03T22:33:29,2025-04-04T00:33:29,Night,DTC web,9,0,0,77.9,0,0,0
BL-13228,AUS-01,pilot,1,2025-04-03T22:44:10,2025-04-04T00:44:10,Night,DTC web,8,0,0,113.2,0,0,0
BL-13229,AUS-01,pilot,1,2025-04-03T22:46:42,2025-04-04T00:46:42,Night,Marketplace,4,0,0,87.8,0,0,0
BL-13230,AUS-01,pilot,1,2025-04-03T22:16:17,2025-04-04T00:16:17,Night,Marketplace,9,0,0,93.9,0,0,0
BL-13231,EWR-07,pilot,1,2025-04-03T06:28:10,2025-04-03T08:28:10,Days,DTC web,3,0,0,96.8,0,0,0
BL-13232,EWR-07,pilot,1,2025-04-03T06:49:41,2025-04-03T08:49:41,Days,DTC web,5,0,0,66.5,0,0,0
BL-13233,EWR-07,pilot,1,2025-04-03T06:36:14,2025-04-03T08:36:14,Days,DTC web,2,0,0,75.7,0,0,0
BL-13234,EWR-07,pilot,1,2025-04-03T06:16:00,2025-04-03T08:16:00,Days,DTC web,3,0,0,82.5,1,1,0
BL-13235,EWR-07,pilot,1,2025-04-03T06:46:20,2025-04-03T08:46:20,Days,Marketplace,2,1,0,66.7,0,0,0
BL-13236,EWR-07,pilot,1,2025-04-03T06:46:12,2025-04-03T08:46:12,Days,DTC web,4,0,0,94.1,0,0,0
BL-13237,EWR-07,pilot,1,2025-04-03T06:45:41,2025-04-03T08:45:41,Days,Marketplace,1,1,0,77.2,0,0,0
BL-13238,EWR-07,pilot,1,2025-04-03T14:51:20,2025-04-03T16:51:20,Swing,DTC web,9,0,0,107.6,0,0,0
BL-13239,EWR-07,pilot,1,2025-04-03T14:08:18,2025-04-03T16:08:18,Swing,Marketplace,3,0,0,86.6,0,0,0
BL-13240,EWR-07,pilot,1,2025-04-03T14:36:17,2025-04-03T16:36:17,Swing,DTC web,1,1,0,59.2,0,0,0
BL-13241,EWR-07,pilot,1,2025-04-03T14:34:31,2025-04-03T16:34:31,Swing,DTC web,2,0,0,83.5,0,0,0
BL-13242,EWR-07,pilot,1,2025-04-03T14:38:21,2025-04-03T16:38:21,Swing,DTC web,7,0,0,93.8,0,0,0
BL-13243,EWR-07,pilot,1,2025-04-03T14:17:33,2025-04-03T16:17:33,Swing,DTC web,5,0,0,100.8,1,1,0
BL-13244,EWR-07,pilot,1,2025-04-03T14:50:11,2025-04-03T16:50:11,Swing,DTC web,7,0,0,116.3,0,0,0
BL-13245,EWR-07,pilot,1,2025-04-03T22:41:05,2025-04-04T00:41:05,Night,Marketplace,2,1,0,84.2,0,0,0
BL-13246,EWR-07,pilot,1,2025-04-03T22:23:30,2025-04-04T00:23:30,Night,DTC web,1,1,0,92.1,0,0,0
BL-13247,EWR-07,pilot,1,2025-04-03T22:32:04,2025-04-04T00:32:04,Night,DTC web,1,0,0,93.8,0,0,0
BL-13248,EWR-07,pilot,1,2025-04-03T22:45:06,2025-04-04T00:45:06,Night,DTC web,6,0,0,91.8,0,0,0
BL-13249,FNT-12,pilot,1,2025-04-03T06:43:44,2025-04-03T08:43:44,Days,DTC web,4,0,0,87.8,1,1,0
BL-13250,FNT-12,pilot,1,2025-04-03T06:44:02,2025-04-03T08:44:02,Days,DTC web,10,0,0,147.2,2,1,1
BL-13251,FNT-12,pilot,1,2025-04-03T06:27:14,2025-04-03T08:27:14,Days,Marketplace,4,0,0,72.9,0,0,0
BL-13252,FNT-12,pilot,1,2025-04-03T06:40:41,2025-04-03T08:40:41,Days,Store replen,2,0,0,89.3,0,0,0
BL-13253,FNT-12,pilot,1,2025-04-03T06:18:01,2025-04-03T08:18:01,Days,DTC web,3,0,0,92.2,0,0,0
BL-13254,FNT-12,pilot,1,2025-04-03T06:11:10,2025-04-03T08:11:10,Days,DTC web,5,0,0,77.0,0,0,0
BL-13255,FNT-12,pilot,1,2025-04-03T06:24:15,2025-04-03T08:24:15,Days,DTC web,1,1,0,52.5,0,0,0
BL-13256,FNT-12,pilot,1,2025-04-03T14:11:22,2025-04-03T16:11:22,Swing,DTC web,3,0,0,70.3,0,0,0
BL-13257,FNT-12,pilot,1,2025-04-03T14:34:43,2025-04-03T16:34:43,Swing,DTC web,1,1,0,73.3,0,0,0
BL-13258,FNT-12,pilot,1,2025-04-03T14:10:38,2025-04-03T16:10:38,Swing,Marketplace,1,1,0,68.4,0,0,0
BL-13259,FNT-12,pilot,1,2025-04-03T14:10:12,2025-04-03T16:10:12,Swing,Marketplace,1,1,0,60.6,0,0,0
BL-13260,FNT-12,pilot,1,2025-04-03T14:20:02,2025-04-03T16:20:02,Swing,Marketplace,1,1,0,75.9,0,0,0
BL-13261,FNT-12,pilot,1,2025-04-03T14:50:42,2025-04-03T16:50:42,Swing,DTC web,3,0,0,115.8,0,0,0
BL-13262,FNT-12,pilot,1,2025-04-03T14:41:17,2025-04-03T16:41:17,Swing,Marketplace,2,0,0,80.2,1,1,0
BL-13263,FNT-12,pilot,1,2025-04-03T22:29:04,2025-04-04T00:29:04,Night,DTC web,2,0,0,74.5,0,0,0
BL-13264,FNT-12,pilot,1,2025-04-03T22:34:18,2025-04-04T00:34:18,Night,Marketplace,2,1,0,92.2,0,0,0
BL-13265,FNT-12,pilot,1,2025-04-03T22:33:00,2025-04-04T00:33:00,Night,DTC web,4,0,0,116.5,0,0,0
BL-13266,FNT-12,pilot,1,2025-04-03T22:51:02,2025-04-04T00:51:02,Night,DTC web,1,1,0,74.6,0,0,0
BL-13267,FNT-12,pilot,1,2025-04-03T22:26:35,2025-04-04T00:26:35,Night,DTC web,5,0,0,76.4,0,0,0
BL-13268,AUS-01,pilot,1,2025-04-04T06:44:35,2025-04-04T08:44:35,Days,Store replen,3,0,0,57.0,0,0,0
BL-13269,AUS-01,pilot,1,2025-04-04T06:42:39,2025-04-04T08:42:39,Days,DTC web,7,0,0,86.4,0,0,0
BL-13270,AUS-01,pilot,1,2025-04-04T14:32:32,2025-04-04T16:32:32,Swing,DTC web,1,1,0,82.9,0,0,0
BL-13271,AUS-01,pilot,1,2025-04-04T14:09:35,2025-04-04T16:09:35,Swing,Marketplace,7,0,0,85.9,0,0,0
BL-13272,AUS-01,pilot,1,2025-04-04T14:39:47,2025-04-04T16:39:47,Swing,Marketplace,4,0,1,87.7,1,1,0
BL-13273,AUS-01,pilot,1,2025-04-04T14:23:30,2025-04-04T16:23:30,Swing,DTC web,5,0,0,95.8,1,1,0
BL-13274,AUS-01,pilot,1,2025-04-04T14:20:28,2025-04-04T16:20:28,Swing,Marketplace,4,0,0,81.2,0,0,0
BL-13275,AUS-01,pilot,1,2025-04-04T14:21:23,2025-04-04T16:21:23,Swing,DTC web,7,0,0,75.8,0,0,0
BL-13276,AUS-01,pilot,1,2025-04-04T22:29:48,2025-04-05T00:29:48,Night,DTC web,5,0,0,114.6,0,0,0
BL-13277,AUS-01,pilot,1,2025-04-04T22:43:34,2025-04-05T00:43:34,Night,Marketplace,6,0,0,84.6,0,0,0
BL-13278,AUS-01,pilot,1,2025-04-04T22:42:09,2025-04-05T00:42:09,Night,Store replen,1,0,0,71.8,0,0,0
BL-13279,AUS-01,pilot,1,2025-04-04T22:13:48,2025-04-05T00:13:48,Night,DTC web,2,1,0,71.1,0,0,0
BL-13280,AUS-01,pilot,1,2025-04-04T22:47:46,2025-04-05T00:47:46,Night,DTC web,1,1,0,62.0,0,0,0
BL-13281,EWR-07,pilot,1,2025-04-04T06:38:04,2025-04-04T08:38:04,Days,DTC web,4,0,0,75.3,1,1,0
BL-13282,EWR-07,pilot,1,2025-04-04T06:28:28,2025-04-04T08:28:28,Days,DTC web,6,0,0,107.2,0,0,0
BL-13283,EWR-07,pilot,1,2025-04-04T06:30:48,2025-04-04T08:30:48,Days,Store replen,4,0,0,83.8,0,0,0
BL-13284,EWR-07,pilot,1,2025-04-04T06:32:03,2025-04-04T08:32:03,Days,DTC web,3,0,0,60.4,0,0,0
BL-13285,EWR-07,pilot,1,2025-04-04T06:34:48,2025-04-04T08:34:48,Days,DTC web,1,1,0,70.0,0,0,0
BL-13286,EWR-07,pilot,1,2025-04-04T06:30:30,2025-04-04T08:30:30,Days,DTC web,5,0,0,100.5,0,0,0
BL-13287,EWR-07,pilot,1,2025-04-04T06:35:25,2025-04-04T08:35:25,Days,DTC web,3,0,0,83.2,0,0,0
BL-13288,EWR-07,pilot,1,2025-04-04T06:15:04,2025-04-04T08:15:04,Days,DTC web,3,0,0,84.9,0,0,0
BL-13289,EWR-07,pilot,1,2025-04-04T06:29:10,2025-04-04T08:29:10,Days,DTC web,3,0,0,76.8,0,0,0
BL-13290,EWR-07,pilot,1,2025-04-04T06:18:28,2025-04-04T08:18:28,Days,DTC web,10,0,0,119.0,0,0,0
BL-13291,EWR-07,pilot,1,2025-04-04T14:33:10,2025-04-04T16:33:10,Swing,Marketplace,2,0,0,79.5,0,0,0
BL-13292,EWR-07,pilot,1,2025-04-04T14:51:49,2025-04-04T16:51:49,Swing,DTC web,4,0,0,92.0,0,0,0
BL-13293,EWR-07,pilot,1,2025-04-04T14:51:16,2025-04-04T16:51:16,Swing,Marketplace,2,1,0,89.1,1,1,0
BL-13294,EWR-07,pilot,1,2025-04-04T14:11:14,2025-04-04T16:11:14,Swing,DTC web,5,0,0,93.9,0,0,0
BL-13295,EWR-07,pilot,1,2025-04-04T22:20:13,2025-04-05T00:20:13,Night,Marketplace,8,0,0,97.6,0,0,0
BL-13296,EWR-07,pilot,1,2025-04-04T22:25:13,2025-04-05T00:25:13,Night,DTC web,4,0,0,102.6,0,0,0
BL-13297,EWR-07,pilot,1,2025-04-04T22:22:11,2025-04-05T00:22:11,Night,Marketplace,1,0,1,95.9,0,0,0
BL-13298,EWR-07,pilot,1,2025-04-04T22:16:18,2025-04-05T00:16:18,Night,DTC web,7,0,0,104.0,0,0,0
BL-13299,EWR-07,pilot,1,2025-04-04T22:36:04,2025-04-05T00:36:04,Night,DTC web,8,0,0,96.4,0,0,0
BL-13300,EWR-07,pilot,1,2025-04-04T22:32:16,2025-04-05T00:32:16,Night,DTC web,6,0,0,95.4,0,0,0
BL-13301,EWR-07,pilot,1,2025-04-04T22:46:14,2025-04-05T00:46:14,Night,DTC web,5,0,0,91.3,0,0,0
BL-13302,EWR-07,pilot,1,2025-04-04T22:29:35,2025-04-05T00:29:35,Night,DTC web,4,0,0,79.0,0,0,0
BL-13303,EWR-07,pilot,1,2025-04-04T22:43:22,2025-04-05T00:43:22,Night,Marketplace,5,0,0,92.5,0,0,0
BL-13304,EWR-07,pilot,1,2025-04-04T22:36:42,2025-04-05T00:36:42,Night,Marketplace,1,1,0,64.7,0,0,0
BL-13305,EWR-07,pilot,1,2025-04-04T22:28:25,2025-04-05T00:28:25,Night,DTC web,2,1,0,69.9,0,0,0
BL-13306,FNT-12,pilot,1,2025-04-04T06:35:24,2025-04-04T08:35:24,Days,DTC web,3,0,0,74.2,0,0,0
BL-13307,FNT-12,pilot,1,2025-04-04T06:33:11,2025-04-04T08:33:11,Days,DTC web,3,0,0,83.7,1,0,0
BL-13308,FNT-12,pilot,1,2025-04-04T06:23:39,2025-04-04T08:23:39,Days,Marketplace,3,0,0,74.6,0,0,0
BL-13309,FNT-12,pilot,1,2025-04-04T06:18:24,2025-04-04T08:18:24,Days,Store replen,12,0,0,129.1,0,0,1
BL-13310,FNT-12,pilot,1,2025-04-04T14:39:46,2025-04-04T16:39:46,Swing,Store replen,3,0,0,91.5,1,0,0
BL-13311,FNT-12,pilot,1,2025-04-04T14:32:27,2025-04-04T16:32:27,Swing,DTC web,1,1,0,57.3,1,1,0
BL-13312,FNT-12,pilot,1,2025-04-04T14:22:31,2025-04-04T16:22:31,Swing,DTC web,6,0,0,98.1,1,1,0
BL-13313,FNT-12,pilot,1,2025-04-04T14:29:41,2025-04-04T16:29:41,Swing,DTC web,3,0,0,74.5,0,0,0
BL-13314,FNT-12,pilot,1,2025-04-04T14:49:16,2025-04-04T16:49:16,Swing,DTC web,5,0,0,116.1,1,1,0
BL-13315,FNT-12,pilot,1,2025-04-04T22:17:46,2025-04-05T00:17:46,Night,DTC web,2,1,0,69.7,0,0,0
BL-13316,FNT-12,pilot,1,2025-04-04T22:13:33,2025-04-05T00:13:33,Night,DTC web,4,0,0,103.4,0,0,0
BL-13317,AUS-01,pilot,1,2025-04-05T06:24:36,2025-04-05T08:24:36,Days,Marketplace,5,0,0,86.3,0,0,0
BL-13318,AUS-01,pilot,1,2025-04-05T06:09:37,2025-04-05T08:09:37,Days,Marketplace,1,1,0,62.0,0,0,0
BL-13319,AUS-01,pilot,1,2025-04-05T06:22:31,2025-04-05T08:22:31,Days,DTC web,10,0,0,100.1,1,1,0
BL-13320,AUS-01,pilot,1,2025-04-05T06:29:35,2025-04-05T08:29:35,Days,DTC web,7,0,0,76.4,1,0,0
BL-13321,AUS-01,pilot,1,2025-04-05T14:34:08,2025-04-05T16:34:08,Swing,DTC web,1,1,0,65.3,0,0,0
BL-13322,AUS-01,pilot,1,2025-04-05T14:12:17,2025-04-05T16:12:17,Swing,Marketplace,2,1,0,82.0,1,1,0
BL-13323,AUS-01,pilot,1,2025-04-05T14:27:42,2025-04-05T16:27:42,Swing,Marketplace,3,0,0,83.7,0,0,0
BL-13324,AUS-01,pilot,1,2025-04-05T14:41:37,2025-04-05T16:41:37,Swing,DTC web,7,0,1,94.0,0,0,0
BL-13325,AUS-01,pilot,1,2025-04-05T14:30:39,2025-04-05T16:30:39,Swing,DTC web,2,1,0,77.1,0,0,0
BL-13326,AUS-01,pilot,1,2025-04-05T14:40:28,2025-04-05T16:40:28,Swing,Store replen,1,0,0,66.1,0,0,0
BL-13327,AUS-01,pilot,1,2025-04-05T22:28:06,2025-04-06T00:28:06,Night,DTC web,8,0,0,101.3,1,1,0
BL-13328,AUS-01,pilot,1,2025-04-05T22:39:45,2025-04-06T00:39:45,Night,Store replen,3,0,0,101.2,0,0,0
BL-13329,AUS-01,pilot,1,2025-04-05T22:39:07,2025-04-06T00:39:07,Night,DTC web,2,1,0,60.6,0,0,0
BL-13330,AUS-01,pilot,1,2025-04-05T22:16:26,2025-04-06T00:16:26,Night,DTC web,7,0,0,90.1,1,1,0
BL-13331,AUS-01,pilot,1,2025-04-05T22:45:05,2025-04-06T00:45:05,Night,DTC web,3,0,0,81.4,0,0,0
BL-13332,EWR-07,pilot,1,2025-04-05T06:24:39,2025-04-05T08:24:39,Days,DTC web,13,0,0,139.5,0,0,1
BL-13333,EWR-07,pilot,1,2025-04-05T06:42:04,2025-04-05T08:42:04,Days,DTC web,7,0,0,112.2,0,0,0
BL-13334,EWR-07,pilot,1,2025-04-05T06:26:24,2025-04-05T08:26:24,Days,DTC web,4,0,0,88.8,1,0,0
BL-13335,EWR-07,pilot,1,2025-04-05T06:45:43,2025-04-05T08:45:43,Days,Store replen,3,0,0,117.6,0,0,0
BL-13336,EWR-07,pilot,1,2025-04-05T14:19:05,2025-04-05T16:19:05,Swing,Store replen,3,0,0,94.8,0,0,0
BL-13337,EWR-07,pilot,1,2025-04-05T14:50:00,2025-04-05T16:50:00,Swing,DTC web,7,0,0,93.3,0,0,0
BL-13338,EWR-07,pilot,1,2025-04-05T14:49:08,2025-04-05T16:49:08,Swing,DTC web,1,0,0,61.8,0,0,0
BL-13339,EWR-07,pilot,1,2025-04-05T14:40:31,2025-04-05T16:40:31,Swing,DTC web,1,1,0,61.8,0,0,0
BL-13340,EWR-07,pilot,1,2025-04-05T14:21:41,2025-04-05T16:21:41,Swing,Store replen,8,0,0,107.2,0,0,0
BL-13341,EWR-07,pilot,1,2025-04-05T14:24:37,2025-04-05T16:24:37,Swing,DTC web,3,0,0,97.3,0,0,0
BL-13342,EWR-07,pilot,1,2025-04-05T14:12:37,2025-04-05T16:12:37,Swing,Marketplace,7,0,0,99.9,1,1,0
BL-13343,EWR-07,pilot,1,2025-04-05T14:16:03,2025-04-05T16:16:03,Swing,Marketplace,1,1,0,47.1,0,0,0
BL-13344,EWR-07,pilot,1,2025-04-05T22:49:47,2025-04-06T00:49:47,Night,Marketplace,5,0,0,89.0,0,0,0
BL-13345,EWR-07,pilot,1,2025-04-05T22:22:39,2025-04-06T00:22:39,Night,DTC web,1,0,0,107.3,0,0,0
BL-13346,EWR-07,pilot,1,2025-04-05T22:37:02,2025-04-06T00:37:02,Night,Marketplace,3,0,0,83.6,0,0,0
BL-13347,FNT-12,pilot,1,2025-04-05T06:40:39,2025-04-05T08:40:39,Days,DTC web,5,0,0,82.7,0,0,0
BL-13348,FNT-12,pilot,1,2025-04-05T06:48:35,2025-04-05T08:48:35,Days,Store replen,3,0,0,104.5,0,0,0
BL-13349,FNT-12,pilot,1,2025-04-05T06:41:13,2025-04-05T08:41:13,Days,DTC web,2,1,0,72.7,0,0,0
BL-13350,FNT-12,pilot,1,2025-04-05T06:18:41,2025-04-05T08:18:41,Days,DTC web,4,0,0,74.3,0,0,0
BL-13351,FNT-12,pilot,1,2025-04-05T06:39:37,2025-04-05T08:39:37,Days,DTC web,3,0,0,84.7,0,0,0
BL-13352,FNT-12,pilot,1,2025-04-05T06:20:28,2025-04-05T08:20:28,Days,DTC web,12,0,0,116.2,0,0,0
BL-13353,FNT-12,pilot,1,2025-04-05T06:18:04,2025-04-05T08:18:04,Days,Marketplace,4,0,0,101.6,0,0,0
BL-13354,FNT-12,pilot,1,2025-04-05T06:14:41,2025-04-05T08:14:41,Days,DTC web,1,0,1,92.8,0,0,0
BL-13355,FNT-12,pilot,1,2025-04-05T14:17:45,2025-04-05T16:17:45,Swing,DTC web,4,0,0,70.9,0,0,0
BL-13356,FNT-12,pilot,1,2025-04-05T14:25:12,2025-04-05T16:25:12,Swing,Store replen,4,0,0,101.7,0,0,0
BL-13357,FNT-12,pilot,1,2025-04-05T14:24:40,2025-04-05T16:24:40,Swing,DTC web,4,0,0,71.7,0,0,0
BL-13358,FNT-12,pilot,1,2025-04-05T14:34:32,2025-04-05T16:34:32,Swing,Marketplace,7,0,0,101.9,0,0,0
BL-13359,FNT-12,pilot,1,2025-04-05T14:22:15,2025-04-05T16:22:15,Swing,Store replen,11,0,0,121.1,0,0,1
BL-13360,FNT-12,pilot,1,2025-04-05T22:26:32,2025-04-06T00:26:32,Night,Marketplace,1,1,0,105.0,1,1,0
BL-13361,FNT-12,pilot,1,2025-04-05T22:49:24,2025-04-06T00:49:24,Night,DTC web,5,0,0,123.1,1,1,1
BL-13362,AUS-01,pilot,1,2025-04-07T06:46:45,2025-04-07T08:46:45,Days,Marketplace,1,0,0,141.7,1,0,1
BL-13363,AUS-01,pilot,1,2025-04-07T06:39:30,2025-04-07T08:39:30,Days,DTC web,6,0,0,90.9,0,0,0
BL-13364,AUS-01,pilot,1,2025-04-07T06:22:41,2025-04-07T08:22:41,Days,DTC web,6,0,0,83.8,0,0,0
BL-13365,AUS-01,pilot,1,2025-04-07T06:27:33,2025-04-07T08:27:33,Days,Marketplace,3,0,0,91.5,0,0,0
BL-13366,AUS-01,pilot,1,2025-04-07T06:34:38,2025-04-07T08:34:38,Days,Marketplace,7,0,0,66.6,0,0,0
BL-13367,AUS-01,pilot,1,2025-04-07T14:15:43,2025-04-07T16:15:43,Swing,Marketplace,3,0,0,84.3,0,0,0
BL-13368,AUS-01,pilot,1,2025-04-07T14:50:02,2025-04-07T16:50:02,Swing,Marketplace,4,0,0,79.8,0,0,0
BL-13369,AUS-01,pilot,1,2025-04-07T14:36:46,2025-04-07T16:36:46,Swing,DTC web,4,0,0,86.4,1,1,0
BL-13370,AUS-01,pilot,1,2025-04-07T14:22:46,2025-04-07T16:22:46,Swing,DTC web,3,0,0,72.2,0,0,0
BL-13371,AUS-01,pilot,1,2025-04-07T14:34:20,2025-04-07T16:34:20,Swing,Marketplace,4,0,0,70.9,0,0,0
BL-13372,AUS-01,pilot,1,2025-04-07T14:51:29,2025-04-07T16:51:29,Swing,Marketplace,7,0,0,108.5,1,1,0
BL-13373,AUS-01,pilot,1,2025-04-07T22:11:35,2025-04-08T00:11:35,Night,DTC web,3,0,0,89.3,1,1,0
BL-13374,AUS-01,pilot,1,2025-04-07T22:39:06,2025-04-08T00:39:06,Night,Marketplace,7,0,0,100.1,0,0,0
BL-13375,AUS-01,pilot,1,2025-04-07T22:26:37,2025-04-08T00:26:37,Night,DTC web,4,0,0,67.4,0,0,0
BL-13376,AUS-01,pilot,1,2025-04-07T22:38:45,2025-04-08T00:38:45,Night,DTC web,2,0,0,73.7,0,0,0
BL-13377,EWR-07,pilot,1,2025-04-07T06:48:23,2025-04-07T08:48:23,Days,DTC web,1,1,0,70.0,0,0,0
BL-13378,EWR-07,pilot,1,2025-04-07T06:27:11,2025-04-07T08:27:11,Days,DTC web,1,1,0,63.6,0,0,0
BL-13379,EWR-07,pilot,1,2025-04-07T06:40:27,2025-04-07T08:40:27,Days,Store replen,3,0,0,89.6,0,0,0
BL-13380,EWR-07,pilot,1,2025-04-07T14:17:36,2025-04-07T16:17:36,Swing,DTC web,5,0,0,126.0,0,0,1
BL-13381,EWR-07,pilot,1,2025-04-07T14:42:35,2025-04-07T16:42:35,Swing,DTC web,5,0,0,85.8,0,0,0
BL-13382,EWR-07,pilot,1,2025-04-07T14:48:25,2025-04-07T16:48:25,Swing,Marketplace,7,0,0,107.8,0,0,0
BL-13383,EWR-07,pilot,1,2025-04-07T14:11:31,2025-04-07T16:11:31,Swing,DTC web,6,0,0,92.3,0,0,0
BL-13384,EWR-07,pilot,1,2025-04-07T14:21:24,2025-04-07T16:21:24,Swing,DTC web,6,0,0,95.5,0,0,0
BL-13385,EWR-07,pilot,1,2025-04-07T14:16:16,2025-04-07T16:16:16,Swing,DTC web,1,1,0,102.0,1,1,0
BL-13386,EWR-07,pilot,1,2025-04-07T14:13:10,2025-04-07T16:13:10,Swing,Marketplace,6,0,0,107.2,0,0,0
BL-13387,EWR-07,pilot,1,2025-04-07T22:10:36,2025-04-08T00:10:36,Night,Marketplace,4,0,0,96.4,0,0,0
BL-13388,EWR-07,pilot,1,2025-04-07T22:09:45,2025-04-08T00:09:45,Night,DTC web,4,0,0,89.2,0,0,0
BL-13389,EWR-07,pilot,1,2025-04-07T22:10:28,2025-04-08T00:10:28,Night,DTC web,1,1,0,93.9,0,0,0
BL-13390,EWR-07,pilot,1,2025-04-07T22:32:33,2025-04-08T00:32:33,Night,DTC web,2,1,0,78.1,0,0,0
BL-13391,EWR-07,pilot,1,2025-04-07T22:13:17,2025-04-08T00:13:17,Night,DTC web,2,1,0,65.3,0,0,0
BL-13392,EWR-07,pilot,1,2025-04-07T22:08:18,2025-04-08T00:08:18,Night,DTC web,6,0,0,117.2,0,0,0
BL-13393,FNT-12,pilot,1,2025-04-07T06:20:26,2025-04-07T08:20:26,Days,Marketplace,3,0,0,80.1,0,0,0
BL-13394,FNT-12,pilot,1,2025-04-07T06:08:16,2025-04-07T08:08:16,Days,DTC web,5,0,0,79.1,0,0,0
BL-13395,FNT-12,pilot,1,2025-04-07T06:41:39,2025-04-07T08:41:39,Days,Marketplace,2,1,0,81.6,1,1,0
BL-13396,FNT-12,pilot,1,2025-04-07T06:20:47,2025-04-07T08:20:47,Days,DTC web,3,0,0,92.0,2,1,0
BL-13397,FNT-12,pilot,1,2025-04-07T06:31:41,2025-04-07T08:31:41,Days,Marketplace,1,0,1,63.2,1,0,0
BL-13398,FNT-12,pilot,1,2025-04-07T06:47:14,2025-04-07T08:47:14,Days,Marketplace,2,1,0,75.9,0,0,0
BL-13399,FNT-12,pilot,1,2025-04-07T14:25:14,2025-04-07T16:25:14,Swing,Marketplace,4,0,0,82.0,0,0,0
BL-13400,FNT-12,pilot,1,2025-04-07T14:15:35,2025-04-07T16:15:35,Swing,Marketplace,3,0,0,89.9,0,0,0
BL-13401,FNT-12,pilot,1,2025-04-07T22:24:47,2025-04-08T00:24:47,Night,DTC web,10,0,0,131.6,0,0,1
BL-13402,FNT-12,pilot,1,2025-04-07T22:30:28,2025-04-08T00:30:28,Night,DTC web,4,0,0,76.1,0,0,0
BL-13403,AUS-01,pilot,1,2025-04-08T06:51:06,2025-04-08T08:51:06,Days,DTC web,3,0,0,67.1,0,0,0
BL-13404,AUS-01,pilot,1,2025-04-08T06:38:13,2025-04-08T08:38:13,Days,Marketplace,2,1,0,59.6,0,0,0
BL-13405,AUS-01,pilot,1,2025-04-08T06:15:03,2025-04-08T08:15:03,Days,DTC web,1,1,0,57.0,0,0,0
BL-13406,AUS-01,pilot,1,2025-04-08T06:44:33,2025-04-08T08:44:33,Days,DTC web,3,0,0,86.4,1,1,0
BL-13407,AUS-01,pilot,1,2025-04-08T06:18:39,2025-04-08T08:18:39,Days,Marketplace,5,0,0,107.1,0,0,0
BL-13408,AUS-01,pilot,1,2025-04-08T06:51:37,2025-04-08T08:51:37,Days,Store replen,3,0,0,71.0,0,0,0
BL-13409,AUS-01,pilot,1,2025-04-08T06:41:46,2025-04-08T08:41:46,Days,DTC web,6,0,0,80.4,0,0,0
BL-13410,AUS-01,pilot,1,2025-04-08T06:20:17,2025-04-08T08:20:17,Days,DTC web,3,0,0,66.9,1,1,0
BL-13411,AUS-01,pilot,1,2025-04-08T14:51:21,2025-04-08T16:51:21,Swing,DTC web,1,0,0,79.0,1,1,0
BL-13412,AUS-01,pilot,1,2025-04-08T14:10:28,2025-04-08T16:10:28,Swing,Store replen,1,0,0,74.4,0,0,0
BL-13413,AUS-01,pilot,1,2025-04-08T14:50:32,2025-04-08T16:50:32,Swing,Marketplace,1,1,0,75.4,0,0,0
BL-13414,AUS-01,pilot,1,2025-04-08T14:17:09,2025-04-08T16:17:09,Swing,Marketplace,2,1,0,79.4,0,0,0
BL-13415,AUS-01,pilot,1,2025-04-08T14:36:47,2025-04-08T16:36:47,Swing,DTC web,2,0,0,71.7,0,0,0
BL-13416,AUS-01,pilot,1,2025-04-08T14:13:20,2025-04-08T16:13:20,Swing,Marketplace,5,0,0,86.8,0,0,0
BL-13417,AUS-01,pilot,1,2025-04-08T14:28:04,2025-04-08T16:28:04,Swing,Marketplace,2,1,0,53.7,0,0,0
BL-13418,AUS-01,pilot,1,2025-04-08T14:19:03,2025-04-08T16:19:03,Swing,Marketplace,3,0,0,90.6,0,0,0
BL-13419,AUS-01,pilot,1,2025-04-08T14:26:03,2025-04-08T16:26:03,Swing,Store replen,1,0,0,68.4,0,0,0
BL-13420,AUS-01,pilot,1,2025-04-08T22:50:35,2025-04-09T00:50:35,Night,DTC web,2,1,0,80.2,1,1,0
BL-13421,AUS-01,pilot,1,2025-04-08T22:49:05,2025-04-09T00:49:05,Night,DTC web,7,0,0,104.5,0,0,0
BL-13422,AUS-01,pilot,1,2025-04-08T22:15:11,2025-04-09T00:15:11,Night,DTC web,5,0,0,95.3,1,0,0
BL-13423,AUS-01,pilot,1,2025-04-08T22:33:38,2025-04-09T00:33:38,Night,DTC web,2,0,0,57.1,0,0,0
BL-13424,AUS-01,pilot,1,2025-04-08T22:27:00,2025-04-09T00:27:00,Night,DTC web,2,0,0,60.6,0,0,0
BL-13425,AUS-01,pilot,1,2025-04-08T22:29:01,2025-04-09T00:29:01,Night,DTC web,2,1,0,74.4,1,0,0
BL-13426,EWR-07,pilot,1,2025-04-08T06:15:40,2025-04-08T08:15:40,Days,DTC web,1,0,0,60.1,0,0,0
BL-13427,EWR-07,pilot,1,2025-04-08T06:50:22,2025-04-08T08:50:22,Days,DTC web,1,1,0,65.4,0,0,0
BL-13428,EWR-07,pilot,1,2025-04-08T06:09:02,2025-04-08T08:09:02,Days,DTC web,5,0,0,100.9,0,0,0
BL-13429,EWR-07,pilot,1,2025-04-08T06:17:21,2025-04-08T08:17:21,Days,Marketplace,7,0,0,91.2,0,0,0
BL-13430,EWR-07,pilot,1,2025-04-08T14:47:36,2025-04-08T16:47:36,Swing,DTC web,3,0,0,80.8,0,0,0
BL-13431,EWR-07,pilot,1,2025-04-08T14:37:29,2025-04-08T16:37:29,Swing,DTC web,1,1,0,77.7,0,0,0
BL-13432,EWR-07,pilot,1,2025-04-08T22:30:39,2025-04-09T00:30:39,Night,DTC web,5,0,0,84.4,0,0,0
BL-13433,EWR-07,pilot,1,2025-04-08T22:21:48,2025-04-09T00:21:48,Night,DTC web,6,0,0,108.4,0,0,0
BL-13434,EWR-07,pilot,1,2025-04-08T22:25:13,2025-04-09T00:25:13,Night,DTC web,3,0,0,81.0,0,0,0
BL-13435,EWR-07,pilot,1,2025-04-08T22:24:00,2025-04-09T00:24:00,Night,DTC web,5,0,0,99.2,0,0,0
BL-13436,EWR-07,pilot,1,2025-04-08T22:46:47,2025-04-09T00:46:47,Night,Store replen,4,0,0,83.3,0,0,0
BL-13437,FNT-12,pilot,1,2025-04-08T06:41:43,2025-04-08T08:41:43,Days,DTC web,8,0,1,107.0,0,0,0
BL-13438,FNT-12,pilot,1,2025-04-08T06:11:47,2025-04-08T08:11:47,Days,DTC web,1,0,0,96.6,0,0,0
BL-13439,FNT-12,pilot,1,2025-04-08T06:51:46,2025-04-08T08:51:46,Days,Store replen,1,0,0,65.9,0,0,0
BL-13440,FNT-12,pilot,1,2025-04-08T06:15:16,2025-04-08T08:15:16,Days,Marketplace,4,0,0,69.9,0,0,0
BL-13441,FNT-12,pilot,1,2025-04-08T06:13:10,2025-04-08T08:13:10,Days,DTC web,2,1,0,65.5,0,0,0
BL-13442,FNT-12,pilot,1,2025-04-08T06:36:31,2025-04-08T08:36:31,Days,DTC web,3,0,0,92.2,0,0,0
BL-13443,FNT-12,pilot,1,2025-04-08T06:15:14,2025-04-08T08:15:14,Days,DTC web,4,0,0,95.3,0,0,0
BL-13444,FNT-12,pilot,1,2025-04-08T14:35:10,2025-04-08T16:35:10,Swing,DTC web,5,0,0,90.5,0,0,0
BL-13445,FNT-12,pilot,1,2025-04-08T14:50:20,2025-04-08T16:50:20,Swing,Marketplace,2,1,0,74.7,0,0,0
BL-13446,FNT-12,pilot,1,2025-04-08T14:42:36,2025-04-08T16:42:36,Swing,DTC web,4,0,0,95.0,0,0,0
BL-13447,FNT-12,pilot,1,2025-04-08T14:11:11,2025-04-08T16:11:11,Swing,Marketplace,2,1,0,96.0,0,0,0
BL-13448,FNT-12,pilot,1,2025-04-08T14:49:30,2025-04-08T16:49:30,Swing,DTC web,3,0,0,72.4,0,0,0
BL-13449,FNT-12,pilot,1,2025-04-08T14:17:40,2025-04-08T16:17:40,Swing,DTC web,4,0,0,81.0,0,0,0
BL-13450,FNT-12,pilot,1,2025-04-08T22:31:44,2025-04-09T00:31:44,Night,Store replen,2,0,0,113.3,0,0,0
BL-13451,FNT-12,pilot,1,2025-04-08T22:46:42,2025-04-09T00:46:42,Night,Marketplace,1,1,0,74.6,0,0,0
BL-13452,FNT-12,pilot,1,2025-04-08T22:40:40,2025-04-09T00:40:40,Night,DTC web,2,1,0,85.7,0,0,0
BL-13453,FNT-12,pilot,1,2025-04-08T22:23:39,2025-04-09T00:23:39,Night,DTC web,10,0,0,126.7,0,0,1
BL-13454,AUS-01,pilot,1,2025-04-09T06:40:34,2025-04-09T08:40:34,Days,DTC web,2,1,0,50.5,0,0,0
BL-13455,AUS-01,pilot,1,2025-04-09T06:35:30,2025-04-09T08:35:30,Days,Store replen,3,0,0,85.7,1,1,0
BL-13456,AUS-01,pilot,1,2025-04-09T14:40:43,2025-04-09T16:40:43,Swing,DTC web,5,0,0,112.4,0,0,0
BL-13457,AUS-01,pilot,1,2025-04-09T14:30:42,2025-04-09T16:30:42,Swing,DTC web,6,0,0,85.7,0,0,0
BL-13458,AUS-01,pilot,1,2025-04-09T14:26:15,2025-04-09T16:26:15,Swing,DTC web,7,0,0,76.3,0,0,0
BL-13459,AUS-01,pilot,1,2025-04-09T14:31:42,2025-04-09T16:31:42,Swing,DTC web,7,0,0,76.6,0,0,0
BL-13460,AUS-01,pilot,1,2025-04-09T14:16:34,2025-04-09T16:16:34,Swing,DTC web,3,0,0,78.6,0,0,0
BL-13461,AUS-01,pilot,1,2025-04-09T14:44:35,2025-04-09T16:44:35,Swing,DTC web,7,0,0,80.1,0,0,0
BL-13462,AUS-01,pilot,1,2025-04-09T14:19:46,2025-04-09T16:19:46,Swing,DTC web,3,0,0,81.7,0,0,0
BL-13463,AUS-01,pilot,1,2025-04-09T14:24:49,2025-04-09T16:24:49,Swing,Marketplace,7,0,0,101.3,0,0,0
BL-13464,AUS-01,pilot,1,2025-04-09T22:40:00,2025-04-10T00:40:00,Night,Marketplace,3,0,0,97.3,0,0,0
BL-13465,AUS-01,pilot,1,2025-04-09T22:36:19,2025-04-10T00:36:19,Night,Marketplace,4,0,0,85.8,0,0,0
BL-13466,AUS-01,pilot,1,2025-04-09T22:31:47,2025-04-10T00:31:47,Night,Marketplace,3,0,0,75.1,0,0,0
BL-13467,EWR-07,pilot,1,2025-04-09T06:48:31,2025-04-09T08:48:31,Days,DTC web,4,0,0,85.1,0,0,0
BL-13468,EWR-07,pilot,1,2025-04-09T06:10:08,2025-04-09T08:10:08,Days,DTC web,4,0,0,99.4,0,0,0
BL-13469,EWR-07,pilot,1,2025-04-09T06:10:04,2025-04-09T08:10:04,Days,Marketplace,8,0,0,95.9,0,0,0
BL-13470,EWR-07,pilot,1,2025-04-09T06:36:48,2025-04-09T08:36:48,Days,Marketplace,2,0,0,78.8,1,1,0
BL-13471,EWR-07,pilot,1,2025-04-09T06:49:17,2025-04-09T08:49:17,Days,Marketplace,2,1,0,70.9,0,0,0
BL-13472,EWR-07,pilot,1,2025-04-09T06:16:46,2025-04-09T08:16:46,Days,DTC web,3,0,1,98.4,0,0,0
BL-13473,EWR-07,pilot,1,2025-04-09T14:11:29,2025-04-09T16:11:29,Swing,Store replen,10,0,0,135.5,0,0,1
BL-13474,EWR-07,pilot,1,2025-04-09T14:14:38,2025-04-09T16:14:38,Swing,Store replen,5,0,0,129.9,0,0,1
BL-13475,EWR-07,pilot,1,2025-04-09T14:31:29,2025-04-09T16:31:29,Swing,DTC web,1,0,0,70.1,0,0,0
BL-13476,EWR-07,pilot,1,2025-04-09T14:08:26,2025-04-09T16:08:26,Swing,Store replen,12,0,0,131.1,0,0,1
BL-13477,EWR-07,pilot,1,2025-04-09T14:25:02,2025-04-09T16:25:02,Swing,Store replen,6,0,0,109.1,0,0,0
BL-13478,EWR-07,pilot,1,2025-04-09T14:20:28,2025-04-09T16:20:28,Swing,Marketplace,7,0,0,107.7,0,0,0
BL-13479,EWR-07,pilot,1,2025-04-09T14:25:36,2025-04-09T16:25:36,Swing,Marketplace,2,1,0,75.3,0,0,0
BL-13480,EWR-07,pilot,1,2025-04-09T14:29:33,2025-04-09T16:29:33,Swing,Marketplace,5,0,0,131.4,0,0,1
BL-13481,EWR-07,pilot,1,2025-04-09T22:43:31,2025-04-10T00:43:31,Night,Store replen,2,0,0,131.5,1,1,1
BL-13482,EWR-07,pilot,1,2025-04-09T22:42:05,2025-04-10T00:42:05,Night,DTC web,7,0,0,124.5,0,0,1
BL-13483,FNT-12,pilot,1,2025-04-09T06:47:25,2025-04-09T08:47:25,Days,DTC web,7,0,0,90.8,1,1,0
BL-13484,FNT-12,pilot,1,2025-04-09T06:30:26,2025-04-09T08:30:26,Days,DTC web,2,1,0,84.4,0,0,0
BL-13485,FNT-12,pilot,1,2025-04-09T06:41:15,2025-04-09T08:41:15,Days,DTC web,2,1,0,71.8,0,0,0
BL-13486,FNT-12,pilot,1,2025-04-09T06:40:21,2025-04-09T08:40:21,Days,DTC web,6,0,0,79.1,0,0,0
BL-13487,FNT-12,pilot,1,2025-04-09T06:23:49,2025-04-09T08:23:49,Days,DTC web,11,0,0,101.7,0,0,0
BL-13488,FNT-12,pilot,1,2025-04-09T06:12:30,2025-04-09T08:12:30,Days,Marketplace,4,0,0,80.2,0,0,0
BL-13489,FNT-12,pilot,1,2025-04-09T06:44:34,2025-04-09T08:44:34,Days,DTC web,1,0,1,77.3,0,0,0
BL-13490,FNT-12,pilot,1,2025-04-09T06:13:24,2025-04-09T08:13:24,Days,DTC web,1,1,0,74.8,1,1,0
BL-13491,FNT-12,pilot,1,2025-04-09T14:18:03,2025-04-09T16:18:03,Swing,DTC web,3,0,0,93.2,0,0,0
BL-13492,FNT-12,pilot,1,2025-04-09T14:27:44,2025-04-09T16:27:44,Swing,Store replen,5,0,0,115.0,0,0,0
BL-13493,FNT-12,pilot,1,2025-04-09T14:48:08,2025-04-09T16:48:08,Swing,DTC web,11,0,1,112.5,0,0,0
BL-13494,FNT-12,pilot,1,2025-04-09T22:49:43,2025-04-10T00:49:43,Night,Marketplace,2,0,0,70.2,0,0,0
BL-13495,FNT-12,pilot,1,2025-04-09T22:13:39,2025-04-10T00:13:39,Night,DTC web,2,1,0,66.5,0,0,0
BL-13496,FNT-12,pilot,1,2025-04-09T22:26:27,2025-04-10T00:26:27,Night,DTC web,6,0,0,119.5,0,0,0
BL-13497,FNT-12,pilot,1,2025-04-09T22:26:11,2025-04-10T00:26:11,Night,Marketplace,5,0,1,99.1,0,0,0
BL-13498,FNT-12,pilot,1,2025-04-09T22:19:23,2025-04-10T00:19:23,Night,DTC web,1,1,0,65.4,0,0,0
BL-13499,FNT-12,pilot,1,2025-04-09T22:42:37,2025-04-10T00:42:37,Night,Marketplace,1,1,0,90.5,0,0,0
BL-13500,AUS-01,pilot,1,2025-04-10T06:23:14,2025-04-10T08:23:14,Days,Marketplace,1,1,0,61.7,0,0,0
BL-13501,AUS-01,pilot,1,2025-04-10T06:30:33,2025-04-10T08:30:33,Days,Marketplace,4,0,0,87.5,0,0,0
BL-13502,AUS-01,pilot,1,2025-04-10T06:23:12,2025-04-10T08:23:12,Days,Marketplace,3,0,0,59.4,0,0,0
BL-13503,AUS-01,pilot,1,2025-04-10T06:16:13,2025-04-10T08:16:13,Days,Marketplace,4,0,0,83.0,0,0,0
BL-13504,AUS-01,pilot,1,2025-04-10T06:32:25,2025-04-10T08:32:25,Days,Marketplace,3,0,0,49.6,0,0,0
BL-13505,AUS-01,pilot,1,2025-04-10T14:13:07,2025-04-10T16:13:07,Swing,Store replen,7,0,0,104.0,0,0,0
BL-13506,AUS-01,pilot,1,2025-04-10T14:44:46,2025-04-10T16:44:46,Swing,DTC web,4,0,0,80.1,0,0,0
BL-13507,AUS-01,pilot,1,2025-04-10T14:38:10,2025-04-10T16:38:10,Swing,Marketplace,6,0,0,87.7,0,0,0
BL-13508,AUS-01,pilot,1,2025-04-10T14:45:33,2025-04-10T16:45:33,Swing,Marketplace,5,0,0,67.9,0,0,0
BL-13509,AUS-01,pilot,1,2025-04-10T14:37:08,2025-04-10T16:37:08,Swing,DTC web,6,0,0,79.4,0,0,0
BL-13510,AUS-01,pilot,1,2025-04-10T14:39:10,2025-04-10T16:39:10,Swing,Marketplace,2,1,0,62.2,0,0,0
BL-13511,AUS-01,pilot,1,2025-04-10T22:37:19,2025-04-11T00:37:19,Night,DTC web,4,0,0,63.1,0,0,0
BL-13512,AUS-01,pilot,1,2025-04-10T22:22:13,2025-04-11T00:22:13,Night,Marketplace,6,0,0,106.9,1,1,0
BL-13513,AUS-01,pilot,1,2025-04-10T22:09:07,2025-04-11T00:09:07,Night,DTC web,4,0,0,63.8,0,0,0
BL-13514,AUS-01,pilot,1,2025-04-10T22:21:03,2025-04-11T00:21:03,Night,DTC web,3,0,0,58.6,0,0,0
BL-13515,AUS-01,pilot,1,2025-04-10T22:13:36,2025-04-11T00:13:36,Night,Marketplace,1,0,0,120.4,0,0,1
BL-13516,AUS-01,pilot,1,2025-04-10T22:13:10,2025-04-11T00:13:10,Night,Marketplace,2,1,0,63.1,0,0,0
BL-13517,EWR-07,pilot,1,2025-04-10T06:14:24,2025-04-10T08:14:24,Days,DTC web,1,0,0,82.2,0,0,0
BL-13518,EWR-07,pilot,1,2025-04-10T06:14:07,2025-04-10T08:14:07,Days,DTC web,2,1,0,77.5,0,0,0
BL-13519,EWR-07,pilot,1,2025-04-10T06:44:21,2025-04-10T08:44:21,Days,Marketplace,4,0,0,81.2,0,0,0
BL-13520,EWR-07,pilot,1,2025-04-10T06:44:31,2025-04-10T08:44:31,Days,DTC web,3,0,0,98.0,0,0,0
BL-13521,EWR-07,pilot,1,2025-04-10T06:36:06,2025-04-10T08:36:06,Days,DTC web,4,0,0,91.5,0,0,0
BL-13522,EWR-07,pilot,1,2025-04-10T06:19:33,2025-04-10T08:19:33,Days,DTC web,5,0,0,111.3,1,1,0
BL-13523,EWR-07,pilot,1,2025-04-10T06:23:49,2025-04-10T08:23:49,Days,DTC web,4,0,0,98.4,0,0,0
BL-13524,EWR-07,pilot,1,2025-04-10T06:10:33,2025-04-10T08:10:33,Days,Store replen,7,0,0,98.4,0,0,0
BL-13525,EWR-07,pilot,1,2025-04-10T06:41:11,2025-04-10T08:41:11,Days,Store replen,7,0,0,113.2,0,0,0
BL-13526,EWR-07,pilot,1,2025-04-10T06:22:44,2025-04-10T08:22:44,Days,DTC web,2,1,0,93.1,0,0,0
BL-13527,EWR-07,pilot,1,2025-04-10T14:45:26,2025-04-10T16:45:26,Swing,DTC web,4,0,0,90.4,0,0,0
BL-13528,EWR-07,pilot,1,2025-04-10T14:27:35,2025-04-10T16:27:35,Swing,DTC web,3,0,0,85.1,0,0,0
BL-13529,EWR-07,pilot,1,2025-04-10T14:13:49,2025-04-10T16:13:49,Swing,DTC web,3,0,0,95.8,0,0,0
BL-13530,EWR-07,pilot,1,2025-04-10T14:13:21,2025-04-10T16:13:21,Swing,DTC web,2,1,0,94.8,1,1,0
BL-13531,EWR-07,pilot,1,2025-04-10T14:48:01,2025-04-10T16:48:01,Swing,Marketplace,4,0,0,109.3,1,0,0
BL-13532,EWR-07,pilot,1,2025-04-10T14:21:09,2025-04-10T16:21:09,Swing,DTC web,1,1,0,58.6,0,0,0
BL-13533,EWR-07,pilot,1,2025-04-10T14:24:24,2025-04-10T16:24:24,Swing,Marketplace,8,0,0,99.7,0,0,0
BL-13534,EWR-07,pilot,1,2025-04-10T14:24:25,2025-04-10T16:24:25,Swing,DTC web,5,0,0,81.3,0,0,0
BL-13535,EWR-07,pilot,1,2025-04-10T14:35:03,2025-04-10T16:35:03,Swing,DTC web,1,1,0,51.7,0,0,0
BL-13536,EWR-07,pilot,1,2025-04-10T14:33:43,2025-04-10T16:33:43,Swing,Store replen,3,0,0,77.8,0,0,0
BL-13537,EWR-07,pilot,1,2025-04-10T22:33:35,2025-04-11T00:33:35,Night,Store replen,1,0,0,84.3,0,0,0
BL-13538,EWR-07,pilot,1,2025-04-10T22:19:23,2025-04-11T00:19:23,Night,Marketplace,2,1,0,80.8,0,0,0
BL-13539,EWR-07,pilot,1,2025-04-10T22:32:28,2025-04-11T00:32:28,Night,Store replen,7,0,1,120.1,0,0,1
BL-13540,EWR-07,pilot,1,2025-04-10T22:35:16,2025-04-11T00:35:16,Night,Store replen,5,0,0,97.9,0,0,0
BL-13541,EWR-07,pilot,1,2025-04-10T22:39:31,2025-04-11T00:39:31,Night,DTC web,3,0,0,87.2,0,0,0
BL-13542,EWR-07,pilot,1,2025-04-10T22:28:16,2025-04-11T00:28:16,Night,DTC web,1,1,0,53.2,0,0,0
BL-13543,FNT-12,pilot,1,2025-04-10T06:24:25,2025-04-10T08:24:25,Days,DTC web,8,0,0,89.8,0,0,0
BL-13544,FNT-12,pilot,1,2025-04-10T06:15:26,2025-04-10T08:15:26,Days,DTC web,3,0,0,77.3,0,0,0
BL-13545,FNT-12,pilot,1,2025-04-10T06:49:12,2025-04-10T08:49:12,Days,DTC web,2,1,0,63.8,1,1,0
BL-13546,FNT-12,pilot,1,2025-04-10T14:26:23,2025-04-10T16:26:23,Swing,DTC web,4,0,0,93.7,0,0,0
BL-13547,FNT-12,pilot,1,2025-04-10T14:34:35,2025-04-10T16:34:35,Swing,Marketplace,7,0,0,101.4,0,0,0
BL-13548,FNT-12,pilot,1,2025-04-10T22:15:18,2025-04-11T00:15:18,Night,DTC web,1,1,0,68.6,0,0,0
BL-13549,FNT-12,pilot,1,2025-04-10T22:29:05,2025-04-11T00:29:05,Night,Marketplace,5,0,0,105.7,0,0,0
BL-13550,FNT-12,pilot,1,2025-04-10T22:39:29,2025-04-11T00:39:29,Night,Marketplace,7,0,0,107.8,0,0,0
BL-13551,FNT-12,pilot,1,2025-04-10T22:30:08,2025-04-11T00:30:08,Night,DTC web,2,1,0,72.9,0,0,0
BL-13552,FNT-12,pilot,1,2025-04-10T22:20:14,2025-04-11T00:20:14,Night,DTC web,1,1,0,65.2,0,0,0
BL-13553,FNT-12,pilot,1,2025-04-10T22:43:36,2025-04-11T00:43:36,Night,Marketplace,1,1,0,64.6,0,0,0
BL-13554,FNT-12,pilot,1,2025-04-10T22:09:45,2025-04-11T00:09:45,Night,Marketplace,6,0,0,123.1,0,0,1
BL-13555,AUS-01,pilot,1,2025-04-11T06:36:40,2025-04-11T08:36:40,Days,Marketplace,1,0,1,40.0,0,0,0
BL-13556,AUS-01,pilot,1,2025-04-11T06:46:24,2025-04-11T08:46:24,Days,DTC web,3,0,1,70.6,0,0,0
BL-13557,AUS-01,pilot,1,2025-04-11T06:22:25,2025-04-11T08:22:25,Days,DTC web,2,0,0,66.0,0,0,0
BL-13558,AUS-01,pilot,1,2025-04-11T06:09:38,2025-04-11T08:09:38,Days,DTC web,5,0,0,72.3,0,0,0
BL-13559,AUS-01,pilot,1,2025-04-11T14:20:40,2025-04-11T16:20:40,Swing,Marketplace,4,0,0,105.8,0,0,0
BL-13560,AUS-01,pilot,1,2025-04-11T14:21:16,2025-04-11T16:21:16,Swing,Marketplace,4,0,0,73.9,0,0,0
BL-13561,AUS-01,pilot,1,2025-04-11T14:32:18,2025-04-11T16:32:18,Swing,Store replen,4,0,0,87.7,0,0,0
BL-13562,AUS-01,pilot,1,2025-04-11T14:30:33,2025-04-11T16:30:33,Swing,DTC web,4,0,0,62.5,0,0,0
BL-13563,AUS-01,pilot,1,2025-04-11T22:48:21,2025-04-12T00:48:21,Night,Marketplace,3,0,0,69.4,0,0,0
BL-13564,AUS-01,pilot,1,2025-04-11T22:16:04,2025-04-12T00:16:04,Night,DTC web,7,0,0,72.5,0,0,0
BL-13565,AUS-01,pilot,1,2025-04-11T22:20:38,2025-04-12T00:20:38,Night,DTC web,2,1,0,59.4,0,0,0
BL-13566,AUS-01,pilot,1,2025-04-11T22:47:15,2025-04-12T00:47:15,Night,DTC web,1,1,0,56.4,0,0,0
BL-13567,EWR-07,pilot,1,2025-04-11T06:21:15,2025-04-11T08:21:15,Days,DTC web,3,0,0,95.5,1,1,0
BL-13568,EWR-07,pilot,1,2025-04-11T06:31:18,2025-04-11T08:31:18,Days,Marketplace,7,0,0,95.9,0,0,0
BL-13569,EWR-07,pilot,1,2025-04-11T06:26:08,2025-04-11T08:26:08,Days,Store replen,6,0,0,90.8,0,0,0
BL-13570,EWR-07,pilot,1,2025-04-11T06:31:17,2025-04-11T08:31:17,Days,Store replen,4,0,0,92.5,0,0,0
BL-13571,EWR-07,pilot,1,2025-04-11T14:48:43,2025-04-11T16:48:43,Swing,DTC web,2,1,0,68.3,1,1,0
BL-13572,EWR-07,pilot,1,2025-04-11T14:37:44,2025-04-11T16:37:44,Swing,DTC web,4,0,0,83.3,0,0,0
BL-13573,EWR-07,pilot,1,2025-04-11T14:13:12,2025-04-11T16:13:12,Swing,Marketplace,2,0,0,75.4,0,0,0
BL-13574,EWR-07,pilot,1,2025-04-11T14:51:22,2025-04-11T16:51:22,Swing,Store replen,5,0,0,110.8,0,0,0
BL-13575,EWR-07,pilot,1,2025-04-11T14:11:22,2025-04-11T16:11:22,Swing,DTC web,7,0,0,100.4,0,0,0
BL-13576,EWR-07,pilot,1,2025-04-11T14:47:25,2025-04-11T16:47:25,Swing,Marketplace,3,0,0,116.4,1,1,0
BL-13577,EWR-07,pilot,1,2025-04-11T14:35:47,2025-04-11T16:35:47,Swing,Marketplace,2,1,0,59.1,0,0,0
BL-13578,EWR-07,pilot,1,2025-04-11T14:25:49,2025-04-11T16:25:49,Swing,DTC web,4,0,0,85.4,0,0,0
BL-13579,EWR-07,pilot,1,2025-04-11T22:18:20,2025-04-12T00:18:20,Night,DTC web,2,1,0,70.7,0,0,0
BL-13580,EWR-07,pilot,1,2025-04-11T22:26:25,2025-04-12T00:26:25,Night,DTC web,10,0,0,115.6,0,0,0
BL-13581,EWR-07,pilot,1,2025-04-11T22:38:14,2025-04-12T00:38:14,Night,Marketplace,1,1,0,81.2,0,0,0
BL-13582,EWR-07,pilot,1,2025-04-11T22:41:11,2025-04-12T00:41:11,Night,Marketplace,3,0,0,113.8,0,0,0
BL-13583,FNT-12,pilot,1,2025-04-11T06:30:00,2025-04-11T08:30:00,Days,DTC web,1,1,0,93.1,0,0,0
BL-13584,FNT-12,pilot,1,2025-04-11T06:48:09,2025-04-11T08:48:09,Days,DTC web,1,1,0,73.5,0,0,0
BL-13585,FNT-12,pilot,1,2025-04-11T06:34:00,2025-04-11T08:34:00,Days,DTC web,11,0,0,100.6,0,0,0
BL-13586,FNT-12,pilot,1,2025-04-11T06:27:21,2025-04-11T08:27:21,Days,DTC web,2,1,0,54.3,0,0,0
BL-13587,FNT-12,pilot,1,2025-04-11T06:14:13,2025-04-11T08:14:13,Days,Marketplace,4,0,0,80.3,1,1,0
BL-13588,FNT-12,pilot,1,2025-04-11T14:25:16,2025-04-11T16:25:16,Swing,Marketplace,1,1,0,50.9,0,0,0
BL-13589,FNT-12,pilot,1,2025-04-11T14:22:23,2025-04-11T16:22:23,Swing,Marketplace,3,0,0,112.9,0,0,0
BL-13590,FNT-12,pilot,1,2025-04-11T14:34:12,2025-04-11T16:34:12,Swing,Marketplace,11,0,0,113.4,1,1,0
BL-13591,FNT-12,pilot,1,2025-04-11T14:46:49,2025-04-11T16:46:49,Swing,DTC web,3,0,0,98.8,0,0,0
BL-13592,FNT-12,pilot,1,2025-04-11T14:28:30,2025-04-11T16:28:30,Swing,DTC web,6,0,0,95.3,0,0,0
BL-13593,FNT-12,pilot,1,2025-04-11T22:11:27,2025-04-12T00:11:27,Night,DTC web,2,1,0,66.3,0,0,0
BL-13594,FNT-12,pilot,1,2025-04-11T22:15:04,2025-04-12T00:15:04,Night,Marketplace,1,1,0,73.9,0,0,0
BL-13595,FNT-12,pilot,1,2025-04-11T22:36:48,2025-04-12T00:36:48,Night,DTC web,3,0,0,85.7,0,0,0
BL-13596,FNT-12,pilot,1,2025-04-11T22:51:17,2025-04-12T00:51:17,Night,DTC web,11,0,1,129.4,0,0,1
BL-13597,FNT-12,pilot,1,2025-04-11T22:08:18,2025-04-12T00:08:18,Night,Marketplace,3,0,0,110.1,0,0,0
BL-13598,FNT-12,pilot,1,2025-04-11T22:27:09,2025-04-12T00:27:09,Night,Marketplace,5,0,0,130.5,0,0,1
BL-13599,AUS-01,pilot,1,2025-04-12T06:39:25,2025-04-12T08:39:25,Days,DTC web,3,0,0,96.5,1,1,0
BL-13600,AUS-01,pilot,1,2025-04-12T06:40:45,2025-04-12T08:40:45,Days,Marketplace,4,0,0,87.5,0,0,0
BL-13601,AUS-01,pilot,1,2025-04-12T06:41:00,2025-04-12T08:41:00,Days,Marketplace,9,0,0,107.3,0,0,0
BL-13602,AUS-01,pilot,1,2025-04-12T06:41:00,2025-04-12T08:41:00,Days,DTC web,2,1,0,60.3,0,0,0
BL-13603,AUS-01,pilot,1,2025-04-12T06:16:27,2025-04-12T08:16:27,Days,DTC web,5,0,0,76.0,0,0,0
BL-13604,AUS-01,pilot,1,2025-04-12T06:50:46,2025-04-12T08:50:46,Days,Marketplace,6,0,0,69.3,0,0,0
BL-13605,AUS-01,pilot,1,2025-04-12T06:17:21,2025-04-12T08:17:21,Days,DTC web,6,0,0,80.2,0,0,0
BL-13606,AUS-01,pilot,1,2025-04-12T14:46:04,2025-04-12T16:46:04,Swing,Marketplace,1,1,0,51.9,0,0,0
BL-13607,AUS-01,pilot,1,2025-04-12T14:37:10,2025-04-12T16:37:10,Swing,DTC web,6,0,0,78.4,0,0,0
BL-13608,AUS-01,pilot,1,2025-04-12T22:24:47,2025-04-13T00:24:47,Night,Marketplace,3,0,0,90.6,1,0,0
BL-13609,AUS-01,pilot,1,2025-04-12T22:43:11,2025-04-13T00:43:11,Night,DTC web,1,1,0,50.5,0,0,0
BL-13610,AUS-01,pilot,1,2025-04-12T22:51:43,2025-04-13T00:51:43,Night,DTC web,2,1,0,69.1,1,0,0
BL-13611,AUS-01,pilot,1,2025-04-12T22:16:28,2025-04-13T00:16:28,Night,DTC web,6,0,0,76.9,0,0,0
BL-13612,AUS-01,pilot,1,2025-04-12T22:30:25,2025-04-13T00:30:25,Night,Marketplace,1,1,0,90.7,0,0,0
BL-13613,AUS-01,pilot,1,2025-04-12T22:19:28,2025-04-13T00:19:28,Night,Store replen,4,0,0,86.9,0,0,0
BL-13614,AUS-01,pilot,1,2025-04-12T22:38:34,2025-04-13T00:38:34,Night,Marketplace,4,0,0,101.2,0,0,0
BL-13615,EWR-07,pilot,1,2025-04-12T06:35:36,2025-04-12T08:35:36,Days,DTC web,1,0,0,90.3,1,1,0
BL-13616,EWR-07,pilot,1,2025-04-12T06:33:20,2025-04-12T08:33:20,Days,Marketplace,2,0,0,74.1,0,0,0
BL-13617,EWR-07,pilot,1,2025-04-12T06:09:21,2025-04-12T08:09:21,Days,Store replen,4,0,0,99.0,0,0,0
BL-13618,EWR-07,pilot,1,2025-04-12T06:09:18,2025-04-12T08:09:18,Days,DTC web,1,1,0,72.3,0,0,0
BL-13619,EWR-07,pilot,1,2025-04-12T14:43:32,2025-04-12T16:43:32,Swing,Marketplace,1,1,0,81.3,0,0,0
BL-13620,EWR-07,pilot,1,2025-04-12T14:09:44,2025-04-12T16:09:44,Swing,Marketplace,3,0,0,81.5,0,0,0
BL-13621,EWR-07,pilot,1,2025-04-12T14:15:05,2025-04-12T16:15:05,Swing,DTC web,5,0,0,109.5,0,0,0
BL-13622,EWR-07,pilot,1,2025-04-12T14:49:05,2025-04-12T16:49:05,Swing,Store replen,2,0,0,76.9,0,0,0
BL-13623,EWR-07,pilot,1,2025-04-12T14:29:22,2025-04-12T16:29:22,Swing,Store replen,1,0,0,79.7,1,1,0
BL-13624,EWR-07,pilot,1,2025-04-12T14:45:24,2025-04-12T16:45:24,Swing,DTC web,8,0,0,93.5,0,0,0
BL-13625,EWR-07,pilot,1,2025-04-12T14:40:01,2025-04-12T16:40:01,Swing,Marketplace,4,0,0,85.5,0,0,0
BL-13626,EWR-07,pilot,1,2025-04-12T14:39:39,2025-04-12T16:39:39,Swing,DTC web,7,0,0,146.3,1,1,1
BL-13627,EWR-07,pilot,1,2025-04-12T14:26:37,2025-04-12T16:26:37,Swing,DTC web,3,0,0,104.7,0,0,0
BL-13628,EWR-07,pilot,1,2025-04-12T14:40:34,2025-04-12T16:40:34,Swing,DTC web,2,1,0,73.5,1,0,0
BL-13629,EWR-07,pilot,1,2025-04-12T22:14:35,2025-04-13T00:14:35,Night,DTC web,1,1,0,61.7,0,0,0
BL-13630,EWR-07,pilot,1,2025-04-12T22:09:05,2025-04-13T00:09:05,Night,DTC web,3,0,0,70.4,0,0,0
BL-13631,FNT-12,pilot,1,2025-04-12T06:17:17,2025-04-12T08:17:17,Days,DTC web,2,0,0,88.9,1,1,0
BL-13632,FNT-12,pilot,1,2025-04-12T06:17:06,2025-04-12T08:17:06,Days,Store replen,8,0,0,113.9,0,0,0
BL-13633,FNT-12,pilot,1,2025-04-12T14:41:11,2025-04-12T16:41:11,Swing,DTC web,4,0,0,99.8,0,0,0
BL-13634,FNT-12,pilot,1,2025-04-12T14:20:39,2025-04-12T16:20:39,Swing,DTC web,5,0,0,90.7,0,0,0
BL-13635,FNT-12,pilot,1,2025-04-12T14:38:16,2025-04-12T16:38:16,Swing,Marketplace,3,0,0,83.1,0,0,0
BL-13636,FNT-12,pilot,1,2025-04-12T22:14:36,2025-04-13T00:14:36,Night,Marketplace,4,0,0,88.0,0,0,0
BL-13637,FNT-12,pilot,1,2025-04-12T22:45:47,2025-04-13T00:45:47,Night,DTC web,2,0,1,79.5,0,0,0
BL-13638,AUS-01,pilot,1,2025-04-14T06:10:08,2025-04-14T08:10:08,Days,DTC web,2,1,0,62.1,0,0,0
BL-13639,AUS-01,pilot,1,2025-04-14T06:45:24,2025-04-14T08:45:24,Days,DTC web,4,0,0,62.5,0,0,0
BL-13640,AUS-01,pilot,1,2025-04-14T06:49:47,2025-04-14T08:49:47,Days,DTC web,3,0,0,82.0,0,0,0
BL-13641,AUS-01,pilot,1,2025-04-14T06:12:45,2025-04-14T08:12:45,Days,DTC web,2,1,0,52.8,0,0,0
BL-13642,AUS-01,pilot,1,2025-04-14T06:21:30,2025-04-14T08:21:30,Days,DTC web,4,0,0,78.0,0,0,0
BL-13643,AUS-01,pilot,1,2025-04-14T14:40:09,2025-04-14T16:40:09,Swing,DTC web,1,1,0,45.4,1,1,0
BL-13644,AUS-01,pilot,1,2025-04-14T14:47:22,2025-04-14T16:47:22,Swing,Marketplace,3,0,0,83.8,0,0,0
BL-13645,AUS-01,pilot,1,2025-04-14T14:12:04,2025-04-14T16:12:04,Swing,Marketplace,2,1,0,67.0,1,1,0
BL-13646,AUS-01,pilot,1,2025-04-14T14:08:06,2025-04-14T16:08:06,Swing,DTC web,4,0,0,62.5,0,0,0
BL-13647,AUS-01,pilot,1,2025-04-14T22:29:12,2025-04-15T00:29:12,Night,DTC web,2,1,0,75.1,0,0,0
BL-13648,AUS-01,pilot,1,2025-04-14T22:50:49,2025-04-15T00:50:49,Night,Marketplace,2,1,0,74.7,0,0,0
BL-13649,EWR-07,pilot,1,2025-04-14T06:22:03,2025-04-14T08:22:03,Days,DTC web,2,1,0,82.7,0,0,0
BL-13650,EWR-07,pilot,1,2025-04-14T06:45:21,2025-04-14T08:45:21,Days,DTC web,3,0,0,93.6,0,0,0
BL-13651,EWR-07,pilot,1,2025-04-14T06:37:08,2025-04-14T08:37:08,Days,Marketplace,1,1,0,73.8,0,0,0
BL-13652,EWR-07,pilot,1,2025-04-14T06:12:08,2025-04-14T08:12:08,Days,DTC web,3,0,0,78.5,0,0,0
BL-13653,EWR-07,pilot,1,2025-04-14T06:15:47,2025-04-14T08:15:47,Days,Marketplace,6,0,0,89.5,0,0,0
BL-13654,EWR-07,pilot,1,2025-04-14T14:08:41,2025-04-14T16:08:41,Swing,Marketplace,1,1,0,56.3,0,0,0
BL-13655,EWR-07,pilot,1,2025-04-14T14:22:33,2025-04-14T16:22:33,Swing,DTC web,3,0,0,57.7,0,0,0
BL-13656,EWR-07,pilot,1,2025-04-14T14:25:32,2025-04-14T16:25:32,Swing,Marketplace,6,0,0,74.4,0,0,0
BL-13657,EWR-07,pilot,1,2025-04-14T14:09:29,2025-04-14T16:09:29,Swing,DTC web,14,0,0,144.7,1,0,1
BL-13658,EWR-07,pilot,1,2025-04-14T14:32:17,2025-04-14T16:32:17,Swing,DTC web,5,0,0,111.6,1,1,0
BL-13659,EWR-07,pilot,1,2025-04-14T14:13:21,2025-04-14T16:13:21,Swing,DTC web,1,1,0,65.6,0,0,0
BL-13660,EWR-07,pilot,1,2025-04-14T14:50:29,2025-04-14T16:50:29,Swing,DTC web,5,0,0,102.5,0,0,0
BL-13661,EWR-07,pilot,1,2025-04-14T22:50:11,2025-04-15T00:50:11,Night,Store replen,4,0,0,80.1,0,0,0
BL-13662,EWR-07,pilot,1,2025-04-14T22:36:16,2025-04-15T00:36:16,Night,DTC web,4,0,0,111.4,1,1,0
BL-13663,FNT-12,pilot,1,2025-04-14T06:49:26,2025-04-14T08:49:26,Days,DTC web,1,1,0,67.3,0,0,0
BL-13664,FNT-12,pilot,1,2025-04-14T06:34:28,2025-04-14T08:34:28,Days,Marketplace,3,0,0,62.3,0,0,0
BL-13665,FNT-12,pilot,1,2025-04-14T06:14:04,2025-04-14T08:14:04,Days,Marketplace,2,1,0,83.7,0,0,0
BL-13666,FNT-12,pilot,1,2025-04-14T06:36:05,2025-04-14T08:36:05,Days,Store replen,2,0,0,105.5,0,0,0
BL-13667,FNT-12,pilot,1,2025-04-14T06:29:16,2025-04-14T08:29:16,Days,DTC web,6,0,0,93.7,0,0,0
BL-13668,FNT-12,pilot,1,2025-04-14T06:27:12,2025-04-14T08:27:12,Days,DTC web,7,0,0,94.9,0,0,0
BL-13669,FNT-12,pilot,1,2025-04-14T06:38:43,2025-04-14T08:38:43,Days,Marketplace,2,1,0,58.9,0,0,0
BL-13670,FNT-12,pilot,1,2025-04-14T06:20:42,2025-04-14T08:20:42,Days,DTC web,3,0,0,109.8,0,0,0
BL-13671,FNT-12,pilot,1,2025-04-14T14:13:26,2025-04-14T16:13:26,Swing,Store replen,7,0,0,116.0,0,0,0
BL-13672,FNT-12,pilot,1,2025-04-14T14:44:48,2025-04-14T16:44:48,Swing,Store replen,10,0,0,120.8,1,1,1
BL-13673,FNT-12,pilot,1,2025-04-14T14:46:06,2025-04-14T16:46:06,Swing,DTC web,3,0,0,69.9,0,0,0
BL-13674,FNT-12,pilot,1,2025-04-14T14:41:19,2025-04-14T16:41:19,Swing,DTC web,1,1,0,74.5,0,0,0
BL-13675,FNT-12,pilot,1,2025-04-14T22:38:44,2025-04-15T00:38:44,Night,Store replen,1,0,0,91.5,0,0,0
BL-13676,FNT-12,pilot,1,2025-04-14T22:21:17,2025-04-15T00:21:17,Night,DTC web,4,0,0,82.0,0,0,0
BL-13677,FNT-12,pilot,1,2025-04-14T22:22:10,2025-04-15T00:22:10,Night,Store replen,11,0,0,142.9,0,0,1
BL-13678,AUS-01,pilot,1,2025-04-15T06:22:20,2025-04-15T08:22:20,Days,DTC web,5,0,0,83.0,0,0,0
BL-13679,AUS-01,pilot,1,2025-04-15T06:48:09,2025-04-15T08:48:09,Days,Marketplace,2,1,0,66.9,0,0,0
BL-13680,AUS-01,pilot,1,2025-04-15T06:10:43,2025-04-15T08:10:43,Days,Store replen,5,0,0,110.3,0,0,0
BL-13681,AUS-01,pilot,1,2025-04-15T06:34:03,2025-04-15T08:34:03,Days,Store replen,1,0,0,63.0,0,0,0
BL-13682,AUS-01,pilot,1,2025-04-15T06:48:15,2025-04-15T08:48:15,Days,DTC web,2,1,0,70.3,0,0,0
BL-13683,AUS-01,pilot,1,2025-04-15T14:43:32,2025-04-15T16:43:32,Swing,DTC web,5,0,0,64.5,0,0,0
BL-13684,AUS-01,pilot,1,2025-04-15T14:18:00,2025-04-15T16:18:00,Swing,Marketplace,3,0,0,83.8,1,1,0
BL-13685,AUS-01,pilot,1,2025-04-15T14:12:40,2025-04-15T16:12:40,Swing,DTC web,7,0,0,100.9,0,0,0
BL-13686,AUS-01,pilot,1,2025-04-15T14:24:05,2025-04-15T16:24:05,Swing,DTC web,1,1,0,71.7,0,0,0
BL-13687,AUS-01,pilot,1,2025-04-15T14:38:18,2025-04-15T16:38:18,Swing,Store replen,7,0,0,96.5,0,0,0
BL-13688,AUS-01,pilot,1,2025-04-15T22:23:41,2025-04-16T00:23:41,Night,DTC web,5,0,0,78.3,0,0,0
BL-13689,AUS-01,pilot,1,2025-04-15T22:39:36,2025-04-16T00:39:36,Night,Marketplace,3,0,0,84.3,0,0,0
BL-13690,AUS-01,pilot,1,2025-04-15T22:16:42,2025-04-16T00:16:42,Night,DTC web,4,0,0,58.3,0,0,0
BL-13691,AUS-01,pilot,1,2025-04-15T22:42:34,2025-04-16T00:42:34,Night,DTC web,3,0,0,81.3,0,0,0
BL-13692,EWR-07,pilot,1,2025-04-15T06:39:23,2025-04-15T08:39:23,Days,Marketplace,4,0,0,98.3,0,0,0
BL-13693,EWR-07,pilot,1,2025-04-15T06:47:02,2025-04-15T08:47:02,Days,Store replen,2,0,0,89.3,0,0,0
BL-13694,EWR-07,pilot,1,2025-04-15T06:14:03,2025-04-15T08:14:03,Days,Store replen,2,0,0,77.4,0,0,0
BL-13695,EWR-07,pilot,1,2025-04-15T06:22:41,2025-04-15T08:22:41,Days,DTC web,3,0,0,69.5,0,0,0
BL-13696,EWR-07,pilot,1,2025-04-15T06:24:04,2025-04-15T08:24:04,Days,Marketplace,2,1,0,55.2,0,0,0
BL-13697,EWR-07,pilot,1,2025-04-15T06:16:05,2025-04-15T08:16:05,Days,Marketplace,2,1,0,75.4,0,0,0
BL-13698,EWR-07,pilot,1,2025-04-15T06:37:10,2025-04-15T08:37:10,Days,Store replen,2,0,0,79.2,0,0,0
BL-13699,EWR-07,pilot,1,2025-04-15T06:29:17,2025-04-15T08:29:17,Days,DTC web,3,0,0,82.8,0,0,0
BL-13700,EWR-07,pilot,1,2025-04-15T06:08:20,2025-04-15T08:08:20,Days,DTC web,2,0,0,78.8,0,0,0
BL-13701,EWR-07,pilot,1,2025-04-15T06:34:27,2025-04-15T08:34:27,Days,DTC web,2,1,0,88.9,0,0,0
BL-13702,EWR-07,pilot,1,2025-04-15T14:41:07,2025-04-15T16:41:07,Swing,DTC web,3,0,0,82.2,0,0,0
BL-13703,EWR-07,pilot,1,2025-04-15T14:17:07,2025-04-15T16:17:07,Swing,Store replen,2,0,0,90.8,0,0,0
BL-13704,EWR-07,pilot,1,2025-04-15T14:21:34,2025-04-15T16:21:34,Swing,Marketplace,1,1,0,71.6,0,0,0
BL-13705,EWR-07,pilot,1,2025-04-15T14:51:36,2025-04-15T16:51:36,Swing,DTC web,11,0,0,122.8,0,0,1
BL-13706,EWR-07,pilot,1,2025-04-15T14:41:38,2025-04-15T16:41:38,Swing,Store replen,1,0,0,73.0,0,0,0
BL-13707,EWR-07,pilot,1,2025-04-15T14:34:41,2025-04-15T16:34:41,Swing,DTC web,6,0,0,73.9,0,0,0
BL-13708,EWR-07,pilot,1,2025-04-15T22:43:11,2025-04-16T00:43:11,Night,Marketplace,1,1,0,71.5,1,1,0
BL-13709,EWR-07,pilot,1,2025-04-15T22:24:16,2025-04-16T00:24:16,Night,Marketplace,5,0,0,96.3,0,0,0
BL-13710,EWR-07,pilot,1,2025-04-15T22:50:46,2025-04-16T00:50:46,Night,DTC web,2,0,0,63.8,0,0,0
BL-13711,EWR-07,pilot,1,2025-04-15T22:51:49,2025-04-16T00:51:49,Night,DTC web,8,0,0,95.6,0,0,0
BL-13712,EWR-07,pilot,1,2025-04-15T22:46:12,2025-04-16T00:46:12,Night,DTC web,4,0,0,93.9,0,0,0
BL-13713,FNT-12,pilot,1,2025-04-15T06:19:47,2025-04-15T08:19:47,Days,DTC web,12,0,0,133.2,0,0,1
BL-13714,FNT-12,pilot,1,2025-04-15T06:23:49,2025-04-15T08:23:49,Days,DTC web,5,0,0,90.6,0,0,0
BL-13715,FNT-12,pilot,1,2025-04-15T06:12:13,2025-04-15T08:12:13,Days,Marketplace,2,1,0,60.1,0,0,0
BL-13716,FNT-12,pilot,1,2025-04-15T06:29:13,2025-04-15T08:29:13,Days,DTC web,1,0,0,134.0,0,0,1
BL-13717,FNT-12,pilot,1,2025-04-15T06:22:36,2025-04-15T08:22:36,Days,Marketplace,1,1,0,66.7,0,0,0
BL-13718,FNT-12,pilot,1,2025-04-15T06:29:15,2025-04-15T08:29:15,Days,DTC web,2,1,0,77.5,1,1,0
BL-13719,FNT-12,pilot,1,2025-04-15T06:19:02,2025-04-15T08:19:02,Days,Store replen,1,0,0,77.9,0,0,0
BL-13720,FNT-12,pilot,1,2025-04-15T14:08:33,2025-04-15T16:08:33,Swing,DTC web,1,1,0,85.2,0,0,0
BL-13721,FNT-12,pilot,1,2025-04-15T14:11:49,2025-04-15T16:11:49,Swing,DTC web,1,1,0,88.1,0,0,0
BL-13722,FNT-12,pilot,1,2025-04-15T14:23:38,2025-04-15T16:23:38,Swing,DTC web,3,0,0,99.9,1,1,0
BL-13723,FNT-12,pilot,1,2025-04-15T14:36:27,2025-04-15T16:36:27,Swing,DTC web,2,0,0,96.5,0,0,0
BL-13724,FNT-12,pilot,1,2025-04-15T14:28:23,2025-04-15T16:28:23,Swing,DTC web,1,0,0,69.2,0,0,0
BL-13725,FNT-12,pilot,1,2025-04-15T14:26:08,2025-04-15T16:26:08,Swing,Marketplace,5,0,0,98.4,0,0,0
BL-13726,FNT-12,pilot,1,2025-04-15T14:18:01,2025-04-15T16:18:01,Swing,DTC web,3,0,0,76.0,0,0,0
BL-13727,FNT-12,pilot,1,2025-04-15T22:19:26,2025-04-16T00:19:26,Night,Marketplace,3,0,1,88.8,0,0,0
BL-13728,FNT-12,pilot,1,2025-04-15T22:17:21,2025-04-16T00:17:21,Night,Marketplace,5,0,0,124.3,1,1,1
BL-13729,FNT-12,pilot,1,2025-04-15T22:43:08,2025-04-16T00:43:08,Night,DTC web,6,0,0,131.5,0,0,1
BL-13730,AUS-01,pilot,1,2025-04-16T06:18:10,2025-04-16T08:18:10,Days,DTC web,3,0,0,84.1,0,0,0
BL-13731,AUS-01,pilot,1,2025-04-16T06:13:27,2025-04-16T08:13:27,Days,DTC web,1,1,0,50.8,0,0,0
BL-13732,AUS-01,pilot,1,2025-04-16T06:09:02,2025-04-16T08:09:02,Days,Marketplace,6,0,0,91.9,0,0,0
BL-13733,AUS-01,pilot,1,2025-04-16T06:45:11,2025-04-16T08:45:11,Days,Marketplace,2,1,0,60.9,0,0,0
BL-13734,AUS-01,pilot,1,2025-04-16T06:27:16,2025-04-16T08:27:16,Days,DTC web,1,0,0,63.8,0,0,0
BL-13735,AUS-01,pilot,1,2025-04-16T14:50:01,2025-04-16T16:50:01,Swing,Store replen,2,0,0,68.9,0,0,0
BL-13736,AUS-01,pilot,1,2025-04-16T14:22:24,2025-04-16T16:22:24,Swing,DTC web,2,0,0,82.6,0,0,0
BL-13737,AUS-01,pilot,1,2025-04-16T14:33:30,2025-04-16T16:33:30,Swing,Store replen,3,0,0,95.3,0,0,0
BL-13738,AUS-01,pilot,1,2025-04-16T14:50:46,2025-04-16T16:50:46,Swing,DTC web,6,0,0,78.4,0,0,0
BL-13739,AUS-01,pilot,1,2025-04-16T14:45:27,2025-04-16T16:45:27,Swing,DTC web,3,0,0,73.0,0,0,0
BL-13740,AUS-01,pilot,1,2025-04-16T14:18:28,2025-04-16T16:18:28,Swing,Marketplace,2,1,0,65.2,1,1,0
BL-13741,AUS-01,pilot,1,2025-04-16T14:36:18,2025-04-16T16:36:18,Swing,DTC web,5,0,0,60.4,0,0,0
BL-13742,AUS-01,pilot,1,2025-04-16T14:48:35,2025-04-16T16:48:35,Swing,Store replen,1,0,0,59.6,0,0,0
BL-13743,AUS-01,pilot,1,2025-04-16T22:39:37,2025-04-17T00:39:37,Night,DTC web,5,0,0,86.0,0,0,0
BL-13744,AUS-01,pilot,1,2025-04-16T22:21:23,2025-04-17T00:21:23,Night,Marketplace,4,0,0,99.1,0,0,0
BL-13745,AUS-01,pilot,1,2025-04-16T22:11:09,2025-04-17T00:11:09,Night,DTC web,4,0,0,80.1,0,0,0
BL-13746,AUS-01,pilot,1,2025-04-16T22:16:24,2025-04-17T00:16:24,Night,DTC web,3,0,1,75.6,0,0,0
BL-13747,AUS-01,pilot,1,2025-04-16T22:23:37,2025-04-17T00:23:37,Night,Marketplace,2,1,0,53.7,0,0,0
BL-13748,EWR-07,pilot,1,2025-04-16T06:28:03,2025-04-16T08:28:03,Days,Marketplace,5,0,0,90.7,0,0,0
BL-13749,EWR-07,pilot,1,2025-04-16T06:36:28,2025-04-16T08:36:28,Days,Store replen,1,0,0,62.8,0,0,0
BL-13750,EWR-07,pilot,1,2025-04-16T06:34:08,2025-04-16T08:34:08,Days,DTC web,5,0,0,134.1,1,0,1
BL-13751,EWR-07,pilot,1,2025-04-16T06:16:16,2025-04-16T08:16:16,Days,DTC web,2,1,0,68.1,0,0,0
BL-13752,EWR-07,pilot,1,2025-04-16T14:32:22,2025-04-16T16:32:22,Swing,Marketplace,1,1,0,64.3,0,0,0
BL-13753,EWR-07,pilot,1,2025-04-16T14:37:04,2025-04-16T16:37:04,Swing,Marketplace,2,1,0,72.1,0,0,0
BL-13754,EWR-07,pilot,1,2025-04-16T14:47:45,2025-04-16T16:47:45,Swing,Store replen,4,0,0,90.8,1,0,0
BL-13755,EWR-07,pilot,1,2025-04-16T14:20:23,2025-04-16T16:20:23,Swing,DTC web,3,0,0,89.5,1,1,0
BL-13756,EWR-07,pilot,1,2025-04-16T22:42:23,2025-04-17T00:42:23,Night,Store replen,10,0,0,125.4,0,0,1
BL-13757,EWR-07,pilot,1,2025-04-16T22:32:01,2025-04-17T00:32:01,Night,DTC web,3,0,0,117.7,0,0,0
BL-13758,EWR-07,pilot,1,2025-04-16T22:45:44,2025-04-17T00:45:44,Night,DTC web,2,0,1,82.6,0,0,0
BL-13759,EWR-07,pilot,1,2025-04-16T22:18:15,2025-04-17T00:18:15,Night,DTC web,1,1,0,85.3,0,0,0
BL-13760,EWR-07,pilot,1,2025-04-16T22:38:03,2025-04-17T00:38:03,Night,DTC web,1,1,0,86.1,0,0,0
BL-13761,EWR-07,pilot,1,2025-04-16T22:45:12,2025-04-17T00:45:12,Night,Marketplace,1,1,0,51.3,0,0,0
BL-13762,EWR-07,pilot,1,2025-04-16T22:35:36,2025-04-17T00:35:36,Night,DTC web,5,0,0,100.4,0,0,0
BL-13763,FNT-12,pilot,1,2025-04-16T06:25:38,2025-04-16T08:25:38,Days,DTC web,2,1,0,80.4,0,0,0
BL-13764,FNT-12,pilot,1,2025-04-16T06:10:06,2025-04-16T08:10:06,Days,Marketplace,2,0,0,91.5,1,1,0
BL-13765,FNT-12,pilot,1,2025-04-16T06:19:06,2025-04-16T08:19:06,Days,DTC web,1,1,0,88.0,0,0,0
BL-13766,FNT-12,pilot,1,2025-04-16T06:19:26,2025-04-16T08:19:26,Days,DTC web,4,0,0,80.1,0,0,0
BL-13767,FNT-12,pilot,1,2025-04-16T14:21:39,2025-04-16T16:21:39,Swing,Marketplace,6,0,0,107.8,1,0,0
BL-13768,FNT-12,pilot,1,2025-04-16T14:48:19,2025-04-16T16:48:19,Swing,DTC web,2,1,0,86.6,1,1,0
BL-13769,FNT-12,pilot,1,2025-04-16T14:45:11,2025-04-16T16:45:11,Swing,DTC web,3,0,0,73.2,0,0,0
BL-13770,FNT-12,pilot,1,2025-04-16T14:23:17,2025-04-16T16:23:17,Swing,Marketplace,4,0,0,86.7,0,0,0
BL-13771,FNT-12,pilot,1,2025-04-16T14:32:36,2025-04-16T16:32:36,Swing,DTC web,1,1,0,65.0,0,0,0
BL-13772,FNT-12,pilot,1,2025-04-16T14:13:28,2025-04-16T16:13:28,Swing,Marketplace,9,0,0,105.5,0,0,0
BL-13773,FNT-12,pilot,1,2025-04-16T22:48:33,2025-04-17T00:48:33,Night,Marketplace,2,0,0,91.1,0,0,0
BL-13774,FNT-12,pilot,1,2025-04-16T22:21:40,2025-04-17T00:21:40,Night,Marketplace,3,0,0,81.7,0,0,0
BL-13775,FNT-12,pilot,1,2025-04-16T22:42:48,2025-04-17T00:42:48,Night,DTC web,1,0,0,66.8,0,0,0
BL-13776,FNT-12,pilot,1,2025-04-16T22:38:30,2025-04-17T00:38:30,Night,Store replen,4,0,0,122.7,0,0,1
BL-13777,FNT-12,pilot,1,2025-04-16T22:35:37,2025-04-17T00:35:37,Night,Store replen,3,0,0,94.0,0,0,0
BL-13778,AUS-01,pilot,1,2025-04-17T06:32:39,2025-04-17T08:32:39,Days,Store replen,4,0,0,84.8,0,0,0
BL-13779,AUS-01,pilot,1,2025-04-17T06:23:40,2025-04-17T08:23:40,Days,Marketplace,5,0,0,77.5,0,0,0
BL-13780,AUS-01,pilot,1,2025-04-17T06:41:17,2025-04-17T08:41:17,Days,Store replen,1,0,0,86.0,0,0,0
BL-13781,AUS-01,pilot,1,2025-04-17T06:30:00,2025-04-17T08:30:00,Days,DTC web,2,1,0,68.1,1,1,0
BL-13782,AUS-01,pilot,1,2025-04-17T06:18:34,2025-04-17T08:18:34,Days,DTC web,5,0,0,80.3,0,0,0
BL-13783,AUS-01,pilot,1,2025-04-17T06:41:41,2025-04-17T08:41:41,Days,Marketplace,1,0,0,91.7,0,0,0
BL-13784,AUS-01,pilot,1,2025-04-17T06:09:30,2025-04-17T08:09:30,Days,Marketplace,9,0,0,112.0,1,1,0
BL-13785,AUS-01,pilot,1,2025-04-17T14:34:34,2025-04-17T16:34:34,Swing,DTC web,2,1,0,74.6,0,0,0
BL-13786,AUS-01,pilot,1,2025-04-17T14:13:23,2025-04-17T16:13:23,Swing,Store replen,10,0,0,108.3,0,0,0
BL-13787,AUS-01,pilot,1,2025-04-17T14:22:25,2025-04-17T16:22:25,Swing,Marketplace,2,1,0,73.5,0,0,0
BL-13788,AUS-01,pilot,1,2025-04-17T14:35:18,2025-04-17T16:35:18,Swing,DTC web,2,0,0,87.2,0,0,0
BL-13789,AUS-01,pilot,1,2025-04-17T22:18:41,2025-04-18T00:18:41,Night,DTC web,4,0,0,96.1,0,0,0
BL-13790,AUS-01,pilot,1,2025-04-17T22:19:39,2025-04-18T00:19:39,Night,DTC web,2,0,1,78.2,0,0,0
BL-13791,EWR-07,pilot,1,2025-04-17T06:11:48,2025-04-17T08:11:48,Days,DTC web,5,0,0,85.1,0,0,0
BL-13792,EWR-07,pilot,1,2025-04-17T06:51:20,2025-04-17T08:51:20,Days,Store replen,3,0,0,86.3,0,0,0
BL-13793,EWR-07,pilot,1,2025-04-17T06:08:40,2025-04-17T08:08:40,Days,Store replen,1,0,0,85.3,0,0,0
BL-13794,EWR-07,pilot,1,2025-04-17T06:37:00,2025-04-17T08:37:00,Days,DTC web,3,0,1,121.5,0,0,1
BL-13795,EWR-07,pilot,1,2025-04-17T14:37:18,2025-04-17T16:37:18,Swing,Store replen,3,0,0,79.6,0,0,0
BL-13796,EWR-07,pilot,1,2025-04-17T14:35:10,2025-04-17T16:35:10,Swing,DTC web,1,1,0,53.4,0,0,0
BL-13797,EWR-07,pilot,1,2025-04-17T14:31:32,2025-04-17T16:31:32,Swing,DTC web,3,0,0,86.4,0,0,0
BL-13798,EWR-07,pilot,1,2025-04-17T14:36:07,2025-04-17T16:36:07,Swing,Store replen,4,0,0,97.4,0,0,0
BL-13799,EWR-07,pilot,1,2025-04-17T14:48:00,2025-04-17T16:48:00,Swing,Store replen,8,0,0,126.5,0,0,1
BL-13800,EWR-07,pilot,1,2025-04-17T14:20:40,2025-04-17T16:20:40,Swing,DTC web,5,0,0,87.8,0,0,0
BL-13801,EWR-07,pilot,1,2025-04-17T14:21:06,2025-04-17T16:21:06,Swing,Marketplace,2,1,0,82.5,0,0,0
BL-13802,EWR-07,pilot,1,2025-04-17T14:21:31,2025-04-17T16:21:31,Swing,Store replen,2,0,0,85.6,0,0,0
BL-13803,EWR-07,pilot,1,2025-04-17T22:47:24,2025-04-18T00:47:24,Night,DTC web,2,1,0,113.0,2,1,0
BL-13804,EWR-07,pilot,1,2025-04-17T22:20:49,2025-04-18T00:20:49,Night,DTC web,13,0,0,142.0,1,1,1
BL-13805,EWR-07,pilot,1,2025-04-17T22:36:44,2025-04-18T00:36:44,Night,DTC web,2,1,0,68.5,0,0,0
BL-13806,EWR-07,pilot,1,2025-04-17T22:32:28,2025-04-18T00:32:28,Night,DTC web,3,0,0,72.4,0,0,0
BL-13807,EWR-07,pilot,1,2025-04-17T22:20:13,2025-04-18T00:20:13,Night,Marketplace,6,0,0,105.4,0,0,0
BL-13808,FNT-12,pilot,1,2025-04-17T06:51:27,2025-04-17T08:51:27,Days,Store replen,1,0,0,67.4,0,0,0
BL-13809,FNT-12,pilot,1,2025-04-17T06:42:16,2025-04-17T08:42:16,Days,DTC web,2,1,0,93.5,1,1,0
BL-13810,FNT-12,pilot,1,2025-04-17T06:47:31,2025-04-17T08:47:31,Days,Marketplace,1,1,0,58.6,0,0,0
BL-13811,FNT-12,pilot,1,2025-04-17T06:47:38,2025-04-17T08:47:38,Days,DTC web,1,1,0,76.6,1,1,0
BL-13812,FNT-12,pilot,1,2025-04-17T06:12:14,2025-04-17T08:12:14,Days,Store replen,3,0,0,98.6,0,0,0
BL-13813,FNT-12,pilot,1,2025-04-17T06:25:23,2025-04-17T08:25:23,Days,DTC web,1,1,0,65.4,0,0,0
BL-13814,FNT-12,pilot,1,2025-04-17T14:26:20,2025-04-17T16:26:20,Swing,DTC web,4,0,0,81.6,0,0,0
BL-13815,FNT-12,pilot,1,2025-04-17T14:08:06,2025-04-17T16:08:06,Swing,Marketplace,2,1,0,68.7,0,0,0
BL-13816,FNT-12,pilot,1,2025-04-17T22:08:40,2025-04-18T00:08:40,Night,DTC web,4,0,0,112.3,1,1,0
BL-13817,FNT-12,pilot,1,2025-04-17T22:16:40,2025-04-18T00:16:40,Night,Marketplace,3,0,0,85.7,0,0,0
BL-13818,FNT-12,pilot,1,2025-04-17T22:44:39,2025-04-18T00:44:39,Night,Marketplace,6,0,0,99.9,0,0,0
BL-13819,FNT-12,pilot,1,2025-04-17T22:25:32,2025-04-18T00:25:32,Night,Marketplace,1,1,0,92.7,0,0,0
BL-13820,AUS-01,pilot,1,2025-04-18T06:12:30,2025-04-18T08:12:30,Days,DTC web,2,1,0,55.6,0,0,0
BL-13821,AUS-01,pilot,1,2025-04-18T06:22:26,2025-04-18T08:22:26,Days,Store replen,4,0,0,101.0,0,0,0
BL-13822,AUS-01,pilot,1,2025-04-18T06:28:31,2025-04-18T08:28:31,Days,DTC web,2,0,0,86.6,0,0,0
BL-13823,AUS-01,pilot,1,2025-04-18T14:17:19,2025-04-18T16:17:19,Swing,Marketplace,2,1,0,66.8,0,0,0
BL-13824,AUS-01,pilot,1,2025-04-18T14:37:04,2025-04-18T16:37:04,Swing,Marketplace,1,1,0,38.8,0,0,0
BL-13825,AUS-01,pilot,1,2025-04-18T14:09:14,2025-04-18T16:09:14,Swing,Marketplace,3,0,0,73.7,0,0,0
BL-13826,AUS-01,pilot,1,2025-04-18T14:51:28,2025-04-18T16:51:28,Swing,DTC web,2,1,0,58.2,0,0,0
BL-13827,AUS-01,pilot,1,2025-04-18T14:14:14,2025-04-18T16:14:14,Swing,DTC web,3,0,0,71.4,0,0,0
BL-13828,AUS-01,pilot,1,2025-04-18T14:17:20,2025-04-18T16:17:20,Swing,Store replen,3,0,0,96.8,0,0,0
BL-13829,AUS-01,pilot,1,2025-04-18T14:13:33,2025-04-18T16:13:33,Swing,Store replen,6,0,0,79.5,0,0,0
BL-13830,AUS-01,pilot,1,2025-04-18T14:28:30,2025-04-18T16:28:30,Swing,Marketplace,5,0,0,76.4,0,0,0
BL-13831,AUS-01,pilot,1,2025-04-18T14:08:13,2025-04-18T16:08:13,Swing,Marketplace,2,1,0,79.3,0,0,0
BL-13832,AUS-01,pilot,1,2025-04-18T14:24:30,2025-04-18T16:24:30,Swing,Marketplace,2,1,0,72.6,0,0,0
BL-13833,AUS-01,pilot,1,2025-04-18T14:19:49,2025-04-18T16:19:49,Swing,DTC web,2,1,0,58.4,0,0,0
BL-13834,AUS-01,pilot,1,2025-04-18T14:29:45,2025-04-18T16:29:45,Swing,DTC web,2,1,0,71.4,0,0,0
BL-13835,AUS-01,pilot,1,2025-04-18T22:43:26,2025-04-19T00:43:26,Night,DTC web,4,0,0,78.9,0,0,0
BL-13836,AUS-01,pilot,1,2025-04-18T22:23:34,2025-04-19T00:23:34,Night,DTC web,4,0,0,74.0,0,0,0
BL-13837,AUS-01,pilot,1,2025-04-18T22:33:03,2025-04-19T00:33:03,Night,DTC web,5,0,0,93.9,1,1,0
BL-13838,EWR-07,pilot,1,2025-04-18T06:13:28,2025-04-18T08:13:28,Days,DTC web,4,0,0,104.8,0,0,0
BL-13839,EWR-07,pilot,1,2025-04-18T06:27:00,2025-04-18T08:27:00,Days,DTC web,6,0,0,141.9,1,1,1
BL-13840,EWR-07,pilot,1,2025-04-18T06:30:32,2025-04-18T08:30:32,Days,Marketplace,3,0,0,80.9,0,0,0
BL-13841,EWR-07,pilot,1,2025-04-18T06:17:05,2025-04-18T08:17:05,Days,DTC web,3,0,0,77.3,0,0,0
BL-13842,EWR-07,pilot,1,2025-04-18T06:46:36,2025-04-18T08:46:36,Days,Marketplace,1,0,0,71.4,0,0,0
BL-13843,EWR-07,pilot,1,2025-04-18T06:50:24,2025-04-18T08:50:24,Days,DTC web,5,0,0,100.7,1,1,0
BL-13844,EWR-07,pilot,1,2025-04-18T14:10:11,2025-04-18T16:10:11,Swing,DTC web,14,0,0,127.8,1,1,1
BL-13845,EWR-07,pilot,1,2025-04-18T14:17:06,2025-04-18T16:17:06,Swing,DTC web,12,0,0,113.1,0,0,0
BL-13846,EWR-07,pilot,1,2025-04-18T14:33:25,2025-04-18T16:33:25,Swing,DTC web,6,0,0,103.9,0,0,0
BL-13847,EWR-07,pilot,1,2025-04-18T14:33:27,2025-04-18T16:33:27,Swing,DTC web,3,0,0,75.9,0,0,0
BL-13848,EWR-07,pilot,1,2025-04-18T14:46:06,2025-04-18T16:46:06,Swing,Marketplace,1,1,0,66.1,0,0,0
BL-13849,EWR-07,pilot,1,2025-04-18T14:34:44,2025-04-18T16:34:44,Swing,Marketplace,5,0,0,91.8,0,0,0
BL-13850,EWR-07,pilot,1,2025-04-18T14:44:36,2025-04-18T16:44:36,Swing,DTC web,2,1,0,89.3,0,0,0
BL-13851,EWR-07,pilot,1,2025-04-18T22:33:27,2025-04-19T00:33:27,Night,Marketplace,8,0,0,107.5,0,0,0
BL-13852,EWR-07,pilot,1,2025-04-18T22:26:25,2025-04-19T00:26:25,Night,DTC web,3,0,0,90.7,0,0,0
BL-13853,FNT-12,pilot,1,2025-04-18T06:17:26,2025-04-18T08:17:26,Days,DTC web,2,1,0,70.3,0,0,0
BL-13854,FNT-12,pilot,1,2025-04-18T06:33:44,2025-04-18T08:33:44,Days,DTC web,2,0,0,65.1,0,0,0
BL-13855,FNT-12,pilot,1,2025-04-18T06:36:01,2025-04-18T08:36:01,Days,DTC web,4,0,0,62.7,0,0,0
BL-13856,FNT-12,pilot,1,2025-04-18T06:38:12,2025-04-18T08:38:12,Days,DTC web,1,1,0,51.8,0,0,0
BL-13857,FNT-12,pilot,1,2025-04-18T06:25:30,2025-04-18T08:25:30,Days,DTC web,3,0,0,87.5,0,0,0
BL-13858,FNT-12,pilot,1,2025-04-18T06:32:34,2025-04-18T08:32:34,Days,DTC web,3,0,0,93.9,0,0,0
BL-13859,FNT-12,pilot,1,2025-04-18T06:48:15,2025-04-18T08:48:15,Days,Marketplace,2,1,0,66.0,1,1,0
BL-13860,FNT-12,pilot,1,2025-04-18T14:16:13,2025-04-18T16:16:13,Swing,Marketplace,1,1,0,74.3,1,0,0
BL-13861,FNT-12,pilot,1,2025-04-18T14:23:29,2025-04-18T16:23:29,Swing,DTC web,4,0,0,84.8,0,0,0
BL-13862,FNT-12,pilot,1,2025-04-18T14:43:41,2025-04-18T16:43:41,Swing,Marketplace,10,0,0,102.0,0,0,0
BL-13863,FNT-12,pilot,1,2025-04-18T14:44:39,2025-04-18T16:44:39,Swing,DTC web,6,0,0,104.5,0,0,0
BL-13864,FNT-12,pilot,1,2025-04-18T14:12:45,2025-04-18T16:12:45,Swing,DTC web,8,0,0,118.5,1,1,0
BL-13865,FNT-12,pilot,1,2025-04-18T22:47:05,2025-04-19T00:47:05,Night,Marketplace,2,1,0,86.9,1,0,0
BL-13866,FNT-12,pilot,1,2025-04-18T22:09:44,2025-04-19T00:09:44,Night,DTC web,6,0,0,126.9,0,0,1
BL-13867,FNT-12,pilot,1,2025-04-18T22:49:44,2025-04-19T00:49:44,Night,DTC web,2,1,0,78.9,0,0,0
BL-13868,FNT-12,pilot,1,2025-04-18T22:26:33,2025-04-19T00:26:33,Night,DTC web,1,1,0,73.6,0,0,0
BL-13869,FNT-12,pilot,1,2025-04-18T22:12:07,2025-04-19T00:12:07,Night,Store replen,3,0,0,97.1,0,0,0
BL-13870,FNT-12,pilot,1,2025-04-18T22:24:34,2025-04-19T00:24:34,Night,DTC web,5,0,0,88.9,1,1,0
BL-13871,AUS-01,pilot,1,2025-04-19T06:12:12,2025-04-19T08:12:12,Days,Store replen,1,0,0,67.9,0,0,0
BL-13872,AUS-01,pilot,1,2025-04-19T06:24:20,2025-04-19T08:24:20,Days,Store replen,4,0,0,86.1,0,0,0
BL-13873,AUS-01,pilot,1,2025-04-19T14:24:18,2025-04-19T16:24:18,Swing,DTC web,2,1,0,46.6,0,0,0
BL-13874,AUS-01,pilot,1,2025-04-19T14:15:07,2025-04-19T16:15:07,Swing,Marketplace,3,0,0,80.3,1,0,0
BL-13875,AUS-01,pilot,1,2025-04-19T14:41:01,2025-04-19T16:41:01,Swing,DTC web,4,0,0,79.4,0,0,0
BL-13876,AUS-01,pilot,1,2025-04-19T14:17:49,2025-04-19T16:17:49,Swing,Store replen,6,0,0,80.8,0,0,0
BL-13877,AUS-01,pilot,1,2025-04-19T14:31:44,2025-04-19T16:31:44,Swing,Store replen,3,0,0,74.2,0,0,0
BL-13878,AUS-01,pilot,1,2025-04-19T14:14:46,2025-04-19T16:14:46,Swing,Store replen,7,0,0,124.0,0,0,1
BL-13879,AUS-01,pilot,1,2025-04-19T14:38:47,2025-04-19T16:38:47,Swing,DTC web,4,0,0,108.1,0,0,0
BL-13880,AUS-01,pilot,1,2025-04-19T22:43:28,2025-04-20T00:43:28,Night,Marketplace,2,1,0,85.6,0,0,0
BL-13881,AUS-01,pilot,1,2025-04-19T22:29:04,2025-04-20T00:29:04,Night,Store replen,3,0,0,71.6,0,0,0
BL-13882,AUS-01,pilot,1,2025-04-19T22:23:04,2025-04-20T00:23:04,Night,Store replen,1,0,0,56.6,0,0,0
BL-13883,EWR-07,pilot,1,2025-04-19T06:47:43,2025-04-19T08:47:43,Days,DTC web,4,0,0,81.8,0,0,0
BL-13884,EWR-07,pilot,1,2025-04-19T06:44:03,2025-04-19T08:44:03,Days,Marketplace,2,1,0,80.5,0,0,0
BL-13885,EWR-07,pilot,1,2025-04-19T06:39:10,2025-04-19T08:39:10,Days,DTC web,4,0,0,94.5,0,0,0
BL-13886,EWR-07,pilot,1,2025-04-19T06:08:45,2025-04-19T08:08:45,Days,Store replen,9,0,0,118.3,0,0,0
BL-13887,EWR-07,pilot,1,2025-04-19T06:40:35,2025-04-19T08:40:35,Days,Store replen,6,0,0,109.7,1,1,0
BL-13888,EWR-07,pilot,1,2025-04-19T14:08:46,2025-04-19T16:08:46,Swing,DTC web,2,1,0,73.5,0,0,0
BL-13889,EWR-07,pilot,1,2025-04-19T14:12:30,2025-04-19T16:12:30,Swing,DTC web,1,0,0,117.7,1,0,0
BL-13890,EWR-07,pilot,1,2025-04-19T14:37:15,2025-04-19T16:37:15,Swing,Marketplace,2,1,0,67.6,0,0,0
BL-13891,EWR-07,pilot,1,2025-04-19T14:13:02,2025-04-19T16:13:02,Swing,DTC web,2,0,0,84.0,0,0,0
BL-13892,EWR-07,pilot,1,2025-04-19T14:41:09,2025-04-19T16:41:09,Swing,Marketplace,7,0,0,120.1,0,0,1
BL-13893,EWR-07,pilot,1,2025-04-19T22:16:02,2025-04-20T00:16:02,Night,DTC web,3,0,0,80.4,0,0,0
BL-13894,EWR-07,pilot,1,2025-04-19T22:35:49,2025-04-20T00:35:49,Night,DTC web,1,1,0,62.4,0,0,0
BL-13895,EWR-07,pilot,1,2025-04-19T22:13:21,2025-04-20T00:13:21,Night,Marketplace,4,0,0,99.6,1,1,0
BL-13896,EWR-07,pilot,1,2025-04-19T22:11:28,2025-04-20T00:11:28,Night,DTC web,11,0,0,140.6,0,0,1
BL-13897,EWR-07,pilot,1,2025-04-19T22:49:15,2025-04-20T00:49:15,Night,Marketplace,2,0,0,90.6,0,0,0
BL-13898,FNT-12,pilot,1,2025-04-19T06:41:32,2025-04-19T08:41:32,Days,DTC web,2,0,0,109.2,0,0,0
BL-13899,FNT-12,pilot,1,2025-04-19T06:33:00,2025-04-19T08:33:00,Days,DTC web,6,0,0,85.2,0,0,0
BL-13900,FNT-12,pilot,1,2025-04-19T06:48:47,2025-04-19T08:48:47,Days,Store replen,1,0,0,81.1,0,0,0
BL-13901,FNT-12,pilot,1,2025-04-19T06:42:22,2025-04-19T08:42:22,Days,DTC web,2,1,0,59.7,0,0,0
BL-13902,FNT-12,pilot,1,2025-04-19T06:16:14,2025-04-19T08:16:14,Days,Marketplace,6,0,0,90.8,0,0,0
BL-13903,FNT-12,pilot,1,2025-04-19T14:21:10,2025-04-19T16:21:10,Swing,DTC web,5,0,0,106.3,1,1,0
BL-13904,FNT-12,pilot,1,2025-04-19T14:49:14,2025-04-19T16:49:14,Swing,DTC web,3,0,0,105.0,0,0,0
BL-13905,FNT-12,pilot,1,2025-04-19T14:15:10,2025-04-19T16:15:10,Swing,DTC web,8,0,0,85.2,0,0,0
BL-13906,FNT-12,pilot,1,2025-04-19T22:13:25,2025-04-20T00:13:25,Night,DTC web,6,0,0,126.5,1,0,1
BL-13907,FNT-12,pilot,1,2025-04-19T22:28:46,2025-04-20T00:28:46,Night,Store replen,4,0,0,89.9,0,0,0
BL-13908,AUS-01,pilot,1,2025-04-21T06:14:29,2025-04-21T08:14:29,Days,DTC web,3,0,0,63.2,0,0,0
BL-13909,AUS-01,pilot,1,2025-04-21T06:43:39,2025-04-21T08:43:39,Days,DTC web,11,0,0,103.4,0,0,0
BL-13910,AUS-01,pilot,1,2025-04-21T06:10:28,2025-04-21T08:10:28,Days,DTC web,2,0,0,80.9,0,0,0
BL-13911,AUS-01,pilot,1,2025-04-21T06:48:32,2025-04-21T08:48:32,Days,Marketplace,5,0,0,74.2,0,0,0
BL-13912,AUS-01,pilot,1,2025-04-21T06:30:05,2025-04-21T08:30:05,Days,DTC web,3,0,0,57.5,0,0,0
BL-13913,AUS-01,pilot,1,2025-04-21T06:19:23,2025-04-21T08:19:23,Days,Marketplace,3,0,0,70.2,0,0,0
BL-13914,AUS-01,pilot,1,2025-04-21T14:34:48,2025-04-21T16:34:48,Swing,Store replen,2,0,0,97.1,1,1,0
BL-13915,AUS-01,pilot,1,2025-04-21T14:13:08,2025-04-21T16:13:08,Swing,Marketplace,8,0,0,102.6,0,0,0
BL-13916,AUS-01,pilot,1,2025-04-21T14:34:20,2025-04-21T16:34:20,Swing,Marketplace,5,0,0,79.5,0,0,0
BL-13917,AUS-01,pilot,1,2025-04-21T14:17:16,2025-04-21T16:17:16,Swing,DTC web,1,1,0,51.8,0,0,0
BL-13918,AUS-01,pilot,1,2025-04-21T14:18:08,2025-04-21T16:18:08,Swing,DTC web,4,0,0,65.0,0,0,0
BL-13919,AUS-01,pilot,1,2025-04-21T14:50:08,2025-04-21T16:50:08,Swing,Marketplace,1,0,0,67.9,1,1,0
BL-13920,AUS-01,pilot,1,2025-04-21T14:51:45,2025-04-21T16:51:45,Swing,DTC web,5,0,0,99.0,1,1,0
BL-13921,AUS-01,pilot,1,2025-04-21T22:46:42,2025-04-22T00:46:42,Night,Marketplace,6,0,0,80.0,0,0,0
BL-13922,AUS-01,pilot,1,2025-04-21T22:43:33,2025-04-22T00:43:33,Night,DTC web,9,0,0,115.4,0,0,0
BL-13923,AUS-01,pilot,1,2025-04-21T22:42:16,2025-04-22T00:42:16,Night,Marketplace,3,0,0,70.0,0,0,0
BL-13924,AUS-01,pilot,1,2025-04-21T22:46:23,2025-04-22T00:46:23,Night,Marketplace,12,0,0,109.1,0,0,0
BL-13925,AUS-01,pilot,1,2025-04-21T22:31:29,2025-04-22T00:31:29,Night,DTC web,2,1,0,58.7,0,0,0
BL-13926,EWR-07,pilot,1,2025-04-21T06:50:38,2025-04-21T08:50:38,Days,DTC web,1,1,0,69.6,0,0,0
BL-13927,EWR-07,pilot,1,2025-04-21T06:37:16,2025-04-21T08:37:16,Days,DTC web,1,0,0,73.5,0,0,0
BL-13928,EWR-07,pilot,1,2025-04-21T06:35:18,2025-04-21T08:35:18,Days,Marketplace,5,0,0,74.3,0,0,0
BL-13929,EWR-07,pilot,1,2025-04-21T06:10:23,2025-04-21T08:10:23,Days,DTC web,6,0,0,113.3,0,0,0
BL-13930,EWR-07,pilot,1,2025-04-21T06:49:23,2025-04-21T08:49:23,Days,DTC web,3,0,0,81.1,0,0,0
BL-13931,EWR-07,pilot,1,2025-04-21T06:29:38,2025-04-21T08:29:38,Days,DTC web,5,0,0,78.7,0,0,0
BL-13932,EWR-07,pilot,1,2025-04-21T06:48:02,2025-04-21T08:48:02,Days,DTC web,2,1,0,88.2,0,0,0
BL-13933,EWR-07,pilot,1,2025-04-21T06:47:17,2025-04-21T08:47:17,Days,DTC web,4,0,0,84.2,0,0,0
BL-13934,EWR-07,pilot,1,2025-04-21T06:26:43,2025-04-21T08:26:43,Days,DTC web,4,0,0,65.1,0,0,0
BL-13935,EWR-07,pilot,1,2025-04-21T14:47:12,2025-04-21T16:47:12,Swing,DTC web,3,0,0,84.3,0,0,0
BL-13936,EWR-07,pilot,1,2025-04-21T14:12:47,2025-04-21T16:12:47,Swing,Store replen,2,0,0,66.2,0,0,0
BL-13937,EWR-07,pilot,1,2025-04-21T14:45:19,2025-04-21T16:45:19,Swing,Store replen,5,0,0,93.2,0,0,0
BL-13938,EWR-07,pilot,1,2025-04-21T14:17:20,2025-04-21T16:17:20,Swing,DTC web,8,0,0,126.2,0,0,1
BL-13939,EWR-07,pilot,1,2025-04-21T14:14:11,2025-04-21T16:14:11,Swing,Store replen,2,0,0,84.5,0,0,0
BL-13940,EWR-07,pilot,1,2025-04-21T22:36:46,2025-04-22T00:36:46,Night,DTC web,2,1,0,60.0,0,0,0
BL-13941,EWR-07,pilot,1,2025-04-21T22:48:48,2025-04-22T00:48:48,Night,DTC web,9,0,0,118.4,0,0,0
BL-13942,EWR-07,pilot,1,2025-04-21T22:34:18,2025-04-22T00:34:18,Night,Marketplace,2,1,0,148.9,1,1,1
BL-13943,FNT-12,pilot,1,2025-04-21T06:23:49,2025-04-21T08:23:49,Days,Marketplace,14,0,0,99.4,0,0,0
BL-13944,FNT-12,pilot,1,2025-04-21T06:17:41,2025-04-21T08:17:41,Days,DTC web,1,1,0,92.3,0,0,0
BL-13945,FNT-12,pilot,1,2025-04-21T06:26:19,2025-04-21T08:26:19,Days,DTC web,2,0,0,51.6,0,0,0
BL-13946,FNT-12,pilot,1,2025-04-21T06:49:19,2025-04-21T08:49:19,Days,DTC web,4,0,0,75.3,0,0,0
BL-13947,FNT-12,pilot,1,2025-04-21T14:13:02,2025-04-21T16:13:02,Swing,DTC web,7,0,0,74.4,0,0,0
BL-13948,FNT-12,pilot,1,2025-04-21T14:34:02,2025-04-21T16:34:02,Swing,DTC web,2,1,0,75.9,0,0,0
BL-13949,FNT-12,pilot,1,2025-04-21T14:44:28,2025-04-21T16:44:28,Swing,Marketplace,2,1,0,64.5,0,0,0
BL-13950,FNT-12,pilot,1,2025-04-21T14:20:07,2025-04-21T16:20:07,Swing,Marketplace,4,0,0,93.6,1,1,0
BL-13951,FNT-12,pilot,1,2025-04-21T22:34:10,2025-04-22T00:34:10,Night,Store replen,6,0,0,90.5,0,0,0
BL-13952,FNT-12,pilot,1,2025-04-21T22:27:09,2025-04-22T00:27:09,Night,DTC web,3,0,0,105.1,1,1,0
BL-13953,AUS-01,pilot,1,2025-04-22T06:18:34,2025-04-22T08:18:34,Days,DTC web,3,0,0,78.1,0,0,0
BL-13954,AUS-01,pilot,1,2025-04-22T06:25:33,2025-04-22T08:25:33,Days,DTC web,5,0,0,107.8,0,0,0
BL-13955,AUS-01,pilot,1,2025-04-22T06:28:48,2025-04-22T08:28:48,Days,DTC web,7,0,1,77.2,1,1,0
BL-13956,AUS-01,pilot,1,2025-04-22T06:17:09,2025-04-22T08:17:09,Days,Marketplace,5,0,0,77.5,0,0,0
BL-13957,AUS-01,pilot,1,2025-04-22T06:49:31,2025-04-22T08:49:31,Days,DTC web,1,1,0,66.3,0,0,0
BL-13958,AUS-01,pilot,1,2025-04-22T14:32:09,2025-04-22T16:32:09,Swing,DTC web,1,1,0,69.9,0,0,0
BL-13959,AUS-01,pilot,1,2025-04-22T14:45:46,2025-04-22T16:45:46,Swing,Marketplace,5,0,0,87.3,0,0,0
BL-13960,AUS-01,pilot,1,2025-04-22T14:27:12,2025-04-22T16:27:12,Swing,DTC web,3,0,0,72.5,0,0,0
BL-13961,AUS-01,pilot,1,2025-04-22T14:43:26,2025-04-22T16:43:26,Swing,DTC web,1,1,0,37.4,0,0,0
BL-13962,AUS-01,pilot,1,2025-04-22T14:14:34,2025-04-22T16:14:34,Swing,DTC web,6,0,0,93.2,2,1,0
BL-13963,AUS-01,pilot,1,2025-04-22T14:08:21,2025-04-22T16:08:21,Swing,Marketplace,5,0,1,72.6,0,0,0
BL-13964,AUS-01,pilot,1,2025-04-22T14:31:21,2025-04-22T16:31:21,Swing,Marketplace,3,0,0,71.1,0,0,0
BL-13965,AUS-01,pilot,1,2025-04-22T22:46:19,2025-04-23T00:46:19,Night,DTC web,3,0,0,73.2,0,0,0
BL-13966,AUS-01,pilot,1,2025-04-22T22:18:32,2025-04-23T00:18:32,Night,Store replen,4,0,0,70.3,0,0,0
BL-13967,AUS-01,pilot,1,2025-04-22T22:32:28,2025-04-23T00:32:28,Night,DTC web,7,0,0,140.3,1,1,1
BL-13968,AUS-01,pilot,1,2025-04-22T22:21:00,2025-04-23T00:21:00,Night,DTC web,1,1,0,70.9,0,0,0
BL-13969,AUS-01,pilot,1,2025-04-22T22:37:12,2025-04-23T00:37:12,Night,Marketplace,1,1,0,51.6,0,0,0
BL-13970,AUS-01,pilot,1,2025-04-22T22:48:16,2025-04-23T00:48:16,Night,DTC web,13,0,0,109.1,0,0,0
BL-13971,AUS-01,pilot,1,2025-04-22T22:20:05,2025-04-23T00:20:05,Night,DTC web,8,0,0,124.2,0,0,1
BL-13972,EWR-07,pilot,1,2025-04-22T06:11:48,2025-04-22T08:11:48,Days,DTC web,4,0,0,102.7,0,0,0
BL-13973,EWR-07,pilot,1,2025-04-22T06:24:28,2025-04-22T08:24:28,Days,Store replen,4,0,0,129.2,0,0,1
BL-13974,EWR-07,pilot,1,2025-04-22T06:22:17,2025-04-22T08:22:17,Days,DTC web,12,0,0,126.4,0,0,1
BL-13975,EWR-07,pilot,1,2025-04-22T06:21:43,2025-04-22T08:21:43,Days,DTC web,1,1,0,76.0,1,1,0
BL-13976,EWR-07,pilot,1,2025-04-22T06:48:12,2025-04-22T08:48:12,Days,DTC web,8,0,0,118.8,0,0,0
BL-13977,EWR-07,pilot,1,2025-04-22T06:20:00,2025-04-22T08:20:00,Days,Marketplace,3,0,0,80.2,0,0,0
BL-13978,EWR-07,pilot,1,2025-04-22T06:18:28,2025-04-22T08:18:28,Days,DTC web,2,1,0,93.1,0,0,0
BL-13979,EWR-07,pilot,1,2025-04-22T14:23:39,2025-04-22T16:23:39,Swing,DTC web,3,0,0,78.8,0,0,0
BL-13980,EWR-07,pilot,1,2025-04-22T14:13:16,2025-04-22T16:13:16,Swing,Marketplace,3,0,0,98.9,0,0,0
BL-13981,EWR-07,pilot,1,2025-04-22T14:37:20,2025-04-22T16:37:20,Swing,DTC web,1,1,0,66.1,0,0,0
BL-13982,EWR-07,pilot,1,2025-04-22T14:50:12,2025-04-22T16:50:12,Swing,Marketplace,3,0,0,66.4,0,0,0
BL-13983,EWR-07,pilot,1,2025-04-22T14:44:38,2025-04-22T16:44:38,Swing,Marketplace,4,0,0,87.8,0,0,0
BL-13984,EWR-07,pilot,1,2025-04-22T14:40:28,2025-04-22T16:40:28,Swing,Store replen,3,0,1,79.3,0,0,0
BL-13985,EWR-07,pilot,1,2025-04-22T14:42:32,2025-04-22T16:42:32,Swing,DTC web,3,0,1,109.5,0,0,0
BL-13986,EWR-07,pilot,1,2025-04-22T14:41:26,2025-04-22T16:41:26,Swing,Store replen,5,0,0,106.4,0,0,0
BL-13987,EWR-07,pilot,1,2025-04-22T22:20:38,2025-04-23T00:20:38,Night,Marketplace,4,0,0,104.2,0,0,0
BL-13988,EWR-07,pilot,1,2025-04-22T22:09:31,2025-04-23T00:09:31,Night,Store replen,2,0,0,73.8,0,0,0
BL-13989,EWR-07,pilot,1,2025-04-22T22:31:17,2025-04-23T00:31:17,Night,DTC web,5,0,0,102.5,0,0,0
BL-13990,FNT-12,pilot,1,2025-04-22T06:51:46,2025-04-22T08:51:46,Days,Store replen,3,0,0,92.3,1,1,0
BL-13991,FNT-12,pilot,1,2025-04-22T06:49:35,2025-04-22T08:49:35,Days,Marketplace,8,0,0,117.3,1,0,0
BL-13992,FNT-12,pilot,1,2025-04-22T06:48:49,2025-04-22T08:48:49,Days,DTC web,6,0,0,78.7,0,0,0
BL-13993,FNT-12,pilot,1,2025-04-22T06:14:32,2025-04-22T08:14:32,Days,DTC web,2,1,0,76.8,0,0,0
BL-13994,FNT-12,pilot,1,2025-04-22T06:47:47,2025-04-22T08:47:47,Days,DTC web,2,1,0,72.8,1,1,0
BL-13995,FNT-12,pilot,1,2025-04-22T06:50:01,2025-04-22T08:50:01,Days,DTC web,5,0,0,72.5,0,0,0
BL-13996,FNT-12,pilot,1,2025-04-22T06:14:26,2025-04-22T08:14:26,Days,Marketplace,3,0,0,120.2,1,1,1
BL-13997,FNT-12,pilot,1,2025-04-22T14:33:43,2025-04-22T16:33:43,Swing,DTC web,8,0,0,107.9,1,1,0
BL-13998,FNT-12,pilot,1,2025-04-22T14:48:29,2025-04-22T16:48:29,Swing,DTC web,2,1,0,96.7,1,0,0
BL-13999,FNT-12,pilot,1,2025-04-22T14:32:14,2025-04-22T16:32:14,Swing,DTC web,4,0,0,78.2,0,0,0
BL-14000,FNT-12,pilot,1,2025-04-22T14:33:45,2025-04-22T16:33:45,Swing,Marketplace,5,0,0,80.1,0,0,0
BL-14001,FNT-12,pilot,1,2025-04-22T14:27:23,2025-04-22T16:27:23,Swing,DTC web,3,0,0,88.3,0,0,0
BL-14002,FNT-12,pilot,1,2025-04-22T14:44:11,2025-04-22T16:44:11,Swing,DTC web,5,0,0,71.8,0,0,0
BL-14003,FNT-12,pilot,1,2025-04-22T14:50:39,2025-04-22T16:50:39,Swing,DTC web,2,1,0,51.6,0,0,0
BL-14004,FNT-12,pilot,1,2025-04-22T14:49:46,2025-04-22T16:49:46,Swing,Marketplace,4,0,0,76.4,0,0,0
BL-14005,FNT-12,pilot,1,2025-04-22T22:22:43,2025-04-23T00:22:43,Night,Marketplace,5,0,0,81.1,0,0,0
BL-14006,FNT-12,pilot,1,2025-04-22T22:46:49,2025-04-23T00:46:49,Night,DTC web,5,0,0,107.3,0,0,0
BL-14007,FNT-12,pilot,1,2025-04-22T22:11:28,2025-04-23T00:11:28,Night,DTC web,1,0,0,94.8,1,0,0
BL-14008,AUS-01,pilot,1,2025-04-23T06:38:15,2025-04-23T08:38:15,Days,DTC web,5,0,0,67.1,0,0,0
BL-14009,AUS-01,pilot,1,2025-04-23T06:34:17,2025-04-23T08:34:17,Days,DTC web,2,1,0,104.2,1,1,0
BL-14010,AUS-01,pilot,1,2025-04-23T06:14:10,2025-04-23T08:14:10,Days,Marketplace,4,0,0,74.3,0,0,0
BL-14011,AUS-01,pilot,1,2025-04-23T06:22:43,2025-04-23T08:22:43,Days,Marketplace,5,0,1,64.4,0,0,0
BL-14012,AUS-01,pilot,1,2025-04-23T06:13:12,2025-04-23T08:13:12,Days,DTC web,1,1,0,70.5,0,0,0
BL-14013,AUS-01,pilot,1,2025-04-23T06:40:31,2025-04-23T08:40:31,Days,DTC web,5,0,0,92.1,1,1,0
BL-14014,AUS-01,pilot,1,2025-04-23T14:41:06,2025-04-23T16:41:06,Swing,Store replen,5,0,0,78.5,0,0,0
BL-14015,AUS-01,pilot,1,2025-04-23T14:23:45,2025-04-23T16:23:45,Swing,DTC web,1,0,0,90.8,0,0,0
BL-14016,AUS-01,pilot,1,2025-04-23T14:20:36,2025-04-23T16:20:36,Swing,DTC web,3,0,0,74.3,0,0,0
BL-14017,AUS-01,pilot,1,2025-04-23T14:27:11,2025-04-23T16:27:11,Swing,Marketplace,3,0,0,88.6,0,0,0
BL-14018,AUS-01,pilot,1,2025-04-23T22:22:04,2025-04-24T00:22:04,Night,DTC web,6,0,0,109.4,1,1,0
BL-14019,AUS-01,pilot,1,2025-04-23T22:44:10,2025-04-24T00:44:10,Night,DTC web,6,0,0,91.5,1,1,0
BL-14020,AUS-01,pilot,1,2025-04-23T22:09:40,2025-04-24T00:09:40,Night,DTC web,2,1,0,65.1,0,0,0
BL-14021,AUS-01,pilot,1,2025-04-23T22:17:01,2025-04-24T00:17:01,Night,DTC web,1,1,0,67.8,1,1,0
BL-14022,AUS-01,pilot,1,2025-04-23T22:38:18,2025-04-24T00:38:18,Night,DTC web,1,0,1,54.9,0,0,0
BL-14023,EWR-07,pilot,1,2025-04-23T06:13:39,2025-04-23T08:13:39,Days,DTC web,6,0,0,92.3,0,0,0
BL-14024,EWR-07,pilot,1,2025-04-23T06:47:14,2025-04-23T08:47:14,Days,DTC web,2,1,0,70.8,0,0,0
BL-14025,EWR-07,pilot,1,2025-04-23T06:48:42,2025-04-23T08:48:42,Days,DTC web,3,0,1,91.3,0,0,0
BL-14026,EWR-07,pilot,1,2025-04-23T06:32:15,2025-04-23T08:32:15,Days,DTC web,5,0,0,102.8,0,0,0
BL-14027,EWR-07,pilot,1,2025-04-23T06:39:32,2025-04-23T08:39:32,Days,DTC web,3,0,0,106.8,0,0,0
BL-14028,EWR-07,pilot,1,2025-04-23T14:46:30,2025-04-23T16:46:30,Swing,Marketplace,3,0,0,85.1,0,0,0
BL-14029,EWR-07,pilot,1,2025-04-23T14:37:12,2025-04-23T16:37:12,Swing,DTC web,7,0,0,103.9,0,0,0
BL-14030,EWR-07,pilot,1,2025-04-23T14:37:24,2025-04-23T16:37:24,Swing,DTC web,1,1,0,73.4,1,1,0
BL-14031,EWR-07,pilot,1,2025-04-23T14:31:35,2025-04-23T16:31:35,Swing,DTC web,3,0,0,108.7,1,1,0
BL-14032,EWR-07,pilot,1,2025-04-23T22:32:24,2025-04-24T00:32:24,Night,Store replen,7,0,0,139.7,1,1,1
BL-14033,EWR-07,pilot,1,2025-04-23T22:14:33,2025-04-24T00:14:33,Night,Store replen,1,0,0,83.1,1,1,0
BL-14034,EWR-07,pilot,1,2025-04-23T22:36:19,2025-04-24T00:36:19,Night,Store replen,3,0,0,86.4,0,0,0
BL-14035,EWR-07,pilot,1,2025-04-23T22:51:12,2025-04-24T00:51:12,Night,DTC web,3,0,0,94.0,0,0,0
BL-14036,EWR-07,pilot,1,2025-04-23T22:17:41,2025-04-24T00:17:41,Night,DTC web,5,0,0,76.9,0,0,0
BL-14037,EWR-07,pilot,1,2025-04-23T22:46:26,2025-04-24T00:46:26,Night,DTC web,3,0,0,92.0,0,0,0
BL-14038,EWR-07,pilot,1,2025-04-23T22:49:27,2025-04-24T00:49:27,Night,DTC web,4,0,0,79.9,0,0,0
BL-14039,EWR-07,pilot,1,2025-04-23T22:23:29,2025-04-24T00:23:29,Night,Marketplace,2,0,0,86.0,1,1,0
BL-14040,EWR-07,pilot,1,2025-04-23T22:51:31,2025-04-24T00:51:31,Night,DTC web,1,0,0,64.1,0,0,0
BL-14041,EWR-07,pilot,1,2025-04-23T22:32:11,2025-04-24T00:32:11,Night,DTC web,3,0,0,93.6,0,0,0
BL-14042,EWR-07,pilot,1,2025-04-23T22:14:25,2025-04-24T00:14:25,Night,Store replen,5,0,0,110.9,0,0,0
BL-14043,FNT-12,pilot,1,2025-04-23T06:20:22,2025-04-23T08:20:22,Days,DTC web,2,1,0,54.1,0,0,0
BL-14044,FNT-12,pilot,1,2025-04-23T06:40:11,2025-04-23T08:40:11,Days,Store replen,3,0,0,69.4,0,0,0
BL-14045,FNT-12,pilot,1,2025-04-23T06:42:17,2025-04-23T08:42:17,Days,Store replen,4,0,0,103.2,0,0,0
BL-14046,FNT-12,pilot,1,2025-04-23T06:38:30,2025-04-23T08:38:30,Days,Marketplace,3,0,0,80.7,0,0,0
BL-14047,FNT-12,pilot,1,2025-04-23T06:37:22,2025-04-23T08:37:22,Days,Marketplace,3,0,0,88.2,0,0,0
BL-14048,FNT-12,pilot,1,2025-04-23T06:12:15,2025-04-23T08:12:15,Days,DTC web,4,0,0,86.0,0,0,0
BL-14049,FNT-12,pilot,1,2025-04-23T06:42:42,2025-04-23T08:42:42,Days,Store replen,4,0,0,86.1,0,0,0
BL-14050,FNT-12,pilot,1,2025-04-23T06:21:11,2025-04-23T08:21:11,Days,Store replen,1,0,0,82.8,0,0,0
BL-14051,FNT-12,pilot,1,2025-04-23T06:15:08,2025-04-23T08:15:08,Days,Marketplace,6,0,0,91.7,0,0,0
BL-14052,FNT-12,pilot,1,2025-04-23T14:30:05,2025-04-23T16:30:05,Swing,DTC web,2,1,0,64.5,0,0,0
BL-14053,FNT-12,pilot,1,2025-04-23T14:30:46,2025-04-23T16:30:46,Swing,Marketplace,6,0,0,108.0,0,0,0
BL-14054,FNT-12,pilot,1,2025-04-23T14:35:13,2025-04-23T16:35:13,Swing,DTC web,1,1,0,82.2,1,0,0
BL-14055,FNT-12,pilot,1,2025-04-23T14:22:28,2025-04-23T16:22:28,Swing,DTC web,1,1,0,67.8,0,0,0
BL-14056,FNT-12,pilot,1,2025-04-23T14:39:15,2025-04-23T16:39:15,Swing,DTC web,4,0,0,85.8,0,0,0
BL-14057,FNT-12,pilot,1,2025-04-23T14:23:19,2025-04-23T16:23:19,Swing,Marketplace,9,0,0,101.1,0,0,0
BL-14058,FNT-12,pilot,1,2025-04-23T22:19:00,2025-04-24T00:19:00,Night,Store replen,2,0,0,85.5,0,0,0
BL-14059,FNT-12,pilot,1,2025-04-23T22:33:14,2025-04-24T00:33:14,Night,DTC web,4,0,0,116.2,1,1,0
BL-14060,FNT-12,pilot,1,2025-04-23T22:11:09,2025-04-24T00:11:09,Night,DTC web,14,0,0,133.9,0,0,1
BL-14061,FNT-12,pilot,1,2025-04-23T22:09:01,2025-04-24T00:09:01,Night,DTC web,7,0,0,115.8,0,0,0
BL-14062,AUS-01,pilot,1,2025-04-24T06:43:41,2025-04-24T08:43:41,Days,Marketplace,3,0,0,68.6,0,0,0
BL-14063,AUS-01,pilot,1,2025-04-24T06:33:32,2025-04-24T08:33:32,Days,DTC web,1,1,0,39.8,0,0,0
BL-14064,AUS-01,pilot,1,2025-04-24T06:12:05,2025-04-24T08:12:05,Days,DTC web,1,1,0,84.1,0,0,0
BL-14065,AUS-01,pilot,1,2025-04-24T06:51:44,2025-04-24T08:51:44,Days,Marketplace,5,0,0,83.9,0,0,0
BL-14066,AUS-01,pilot,1,2025-04-24T06:37:41,2025-04-24T08:37:41,Days,DTC web,1,1,0,59.4,0,0,0
BL-14067,AUS-01,pilot,1,2025-04-24T06:15:05,2025-04-24T08:15:05,Days,Marketplace,5,0,0,80.7,0,0,0
BL-14068,AUS-01,pilot,1,2025-04-24T14:41:28,2025-04-24T16:41:28,Swing,Marketplace,4,0,0,61.4,0,0,0
BL-14069,AUS-01,pilot,1,2025-04-24T14:49:07,2025-04-24T16:49:07,Swing,DTC web,4,0,1,77.7,0,0,0
BL-14070,AUS-01,pilot,1,2025-04-24T14:42:37,2025-04-24T16:42:37,Swing,Store replen,1,0,0,97.2,1,0,0
BL-14071,AUS-01,pilot,1,2025-04-24T14:09:14,2025-04-24T16:09:14,Swing,DTC web,1,1,0,37.9,0,0,0
BL-14072,AUS-01,pilot,1,2025-04-24T14:43:08,2025-04-24T16:43:08,Swing,DTC web,2,1,0,56.0,0,0,0
BL-14073,AUS-01,pilot,1,2025-04-24T14:41:23,2025-04-24T16:41:23,Swing,Store replen,5,0,0,94.4,0,0,0
BL-14074,AUS-01,pilot,1,2025-04-24T22:32:12,2025-04-25T00:32:12,Night,Marketplace,2,1,0,73.7,0,0,0
BL-14075,AUS-01,pilot,1,2025-04-24T22:20:12,2025-04-25T00:20:12,Night,Store replen,1,0,1,62.5,0,0,0
BL-14076,AUS-01,pilot,1,2025-04-24T22:39:43,2025-04-25T00:39:43,Night,DTC web,2,1,0,70.2,1,1,0
BL-14077,AUS-01,pilot,1,2025-04-24T22:13:12,2025-04-25T00:13:12,Night,DTC web,1,0,0,62.8,0,0,0
BL-14078,AUS-01,pilot,1,2025-04-24T22:28:42,2025-04-25T00:28:42,Night,Marketplace,2,1,0,60.6,0,0,0
BL-14079,AUS-01,pilot,1,2025-04-24T22:44:22,2025-04-25T00:44:22,Night,DTC web,5,0,0,95.1,0,0,0
BL-14080,EWR-07,pilot,1,2025-04-24T06:10:03,2025-04-24T08:10:03,Days,DTC web,2,0,0,83.8,0,0,0
BL-14081,EWR-07,pilot,1,2025-04-24T06:44:26,2025-04-24T08:44:26,Days,DTC web,2,1,0,85.7,1,1,0
BL-14082,EWR-07,pilot,1,2025-04-24T06:24:19,2025-04-24T08:24:19,Days,DTC web,2,0,0,87.4,0,0,0
BL-14083,EWR-07,pilot,1,2025-04-24T06:13:47,2025-04-24T08:13:47,Days,DTC web,1,1,0,56.6,0,0,0
BL-14084,EWR-07,pilot,1,2025-04-24T06:16:43,2025-04-24T08:16:43,Days,DTC web,2,0,0,100.5,1,1,0
BL-14085,EWR-07,pilot,1,2025-04-24T14:47:49,2025-04-24T16:47:49,Swing,Marketplace,9,0,0,117.4,0,0,0
BL-14086,EWR-07,pilot,1,2025-04-24T14:30:31,2025-04-24T16:30:31,Swing,Marketplace,8,0,0,94.3,0,0,0
BL-14087,EWR-07,pilot,1,2025-04-24T14:25:01,2025-04-24T16:25:01,Swing,DTC web,3,0,0,72.8,0,0,0
BL-14088,EWR-07,pilot,1,2025-04-24T14:37:37,2025-04-24T16:37:37,Swing,DTC web,11,0,0,107.5,0,0,0
BL-14089,EWR-07,pilot,1,2025-04-24T14:51:25,2025-04-24T16:51:25,Swing,DTC web,2,0,0,58.0,0,0,0
BL-14090,EWR-07,pilot,1,2025-04-24T14:47:09,2025-04-24T16:47:09,Swing,DTC web,3,0,0,73.1,0,0,0
BL-14091,EWR-07,pilot,1,2025-04-24T14:34:02,2025-04-24T16:34:02,Swing,Marketplace,2,1,0,83.3,0,0,0
BL-14092,EWR-07,pilot,1,2025-04-24T14:46:10,2025-04-24T16:46:10,Swing,Marketplace,5,0,0,98.5,0,0,0
BL-14093,EWR-07,pilot,1,2025-04-24T14:12:25,2025-04-24T16:12:25,Swing,DTC web,1,1,0,84.7,0,0,0
BL-14094,EWR-07,pilot,1,2025-04-24T14:32:11,2025-04-24T16:32:11,Swing,DTC web,5,0,0,70.4,0,0,0
BL-14095,EWR-07,pilot,1,2025-04-24T14:47:09,2025-04-24T16:47:09,Swing,DTC web,4,0,0,85.0,0,0,0
BL-14096,EWR-07,pilot,1,2025-04-24T14:30:29,2025-04-24T16:30:29,Swing,Store replen,2,0,0,75.7,0,0,0
BL-14097,EWR-07,pilot,1,2025-04-24T14:37:42,2025-04-24T16:37:42,Swing,Marketplace,13,0,0,137.6,1,1,1
BL-14098,EWR-07,pilot,1,2025-04-24T14:11:43,2025-04-24T16:11:43,Swing,DTC web,11,0,0,102.2,0,0,0
BL-14099,EWR-07,pilot,1,2025-04-24T22:09:14,2025-04-25T00:09:14,Night,Marketplace,5,0,0,95.2,0,0,0
BL-14100,EWR-07,pilot,1,2025-04-24T22:19:43,2025-04-25T00:19:43,Night,DTC web,2,1,0,113.5,0,0,0
BL-14101,EWR-07,pilot,1,2025-04-24T22:15:36,2025-04-25T00:15:36,Night,DTC web,1,1,0,70.8,0,0,0
BL-14102,EWR-07,pilot,1,2025-04-24T22:46:27,2025-04-25T00:46:27,Night,Marketplace,1,0,0,92.2,0,0,0
BL-14103,EWR-07,pilot,1,2025-04-24T22:34:43,2025-04-25T00:34:43,Night,Marketplace,2,0,0,78.3,0,0,0
BL-14104,FNT-12,pilot,1,2025-04-24T06:20:25,2025-04-24T08:20:25,Days,DTC web,5,0,0,95.1,0,0,0
BL-14105,FNT-12,pilot,1,2025-04-24T06:15:26,2025-04-24T08:15:26,Days,DTC web,4,0,0,62.7,0,0,0
BL-14106,FNT-12,pilot,1,2025-04-24T06:35:14,2025-04-24T08:35:14,Days,DTC web,3,0,0,78.9,0,0,0
BL-14107,FNT-12,pilot,1,2025-04-24T06:42:02,2025-04-24T08:42:02,Days,DTC web,4,0,0,90.8,1,0,0
BL-14108,FNT-12,pilot,1,2025-04-24T06:08:43,2025-04-24T08:08:43,Days,Marketplace,2,0,1,74.6,0,0,0
BL-14109,FNT-12,pilot,1,2025-04-24T06:12:29,2025-04-24T08:12:29,Days,DTC web,2,1,0,79.9,0,0,0
BL-14110,FNT-12,pilot,1,2025-04-24T14:21:26,2025-04-24T16:21:26,Swing,Marketplace,11,0,0,153.0,1,0,1
BL-14111,FNT-12,pilot,1,2025-04-24T14:20:01,2025-04-24T16:20:01,Swing,Marketplace,4,0,0,84.7,0,0,0
BL-14112,FNT-12,pilot,1,2025-04-24T14:31:31,2025-04-24T16:31:31,Swing,Store replen,2,0,0,92.1,0,0,0
BL-14113,FNT-12,pilot,1,2025-04-24T14:24:30,2025-04-24T16:24:30,Swing,DTC web,1,1,0,74.2,0,0,0
BL-14114,FNT-12,pilot,1,2025-04-24T14:09:47,2025-04-24T16:09:47,Swing,DTC web,4,0,0,72.9,0,0,0
BL-14115,FNT-12,pilot,1,2025-04-24T14:10:28,2025-04-24T16:10:28,Swing,DTC web,1,1,0,76.2,0,0,0
BL-14116,FNT-12,pilot,1,2025-04-24T14:43:29,2025-04-24T16:43:29,Swing,DTC web,5,0,0,107.8,0,0,0
BL-14117,FNT-12,pilot,1,2025-04-24T14:47:28,2025-04-24T16:47:28,Swing,Marketplace,2,0,0,96.1,0,0,0
BL-14118,FNT-12,pilot,1,2025-04-24T22:13:27,2025-04-25T00:13:27,Night,DTC web,1,1,0,70.0,0,0,0
BL-14119,FNT-12,pilot,1,2025-04-24T22:35:32,2025-04-25T00:35:32,Night,Marketplace,2,0,0,85.1,0,0,0
BL-14120,AUS-01,pilot,1,2025-04-25T06:13:27,2025-04-25T08:13:27,Days,Marketplace,2,1,0,70.4,0,0,0
BL-14121,AUS-01,pilot,1,2025-04-25T06:48:22,2025-04-25T08:48:22,Days,Marketplace,4,0,0,93.5,0,0,0
BL-14122,AUS-01,pilot,1,2025-04-25T06:18:30,2025-04-25T08:18:30,Days,DTC web,3,0,0,84.0,0,0,0
BL-14123,AUS-01,pilot,1,2025-04-25T06:12:33,2025-04-25T08:12:33,Days,DTC web,3,0,0,74.6,0,0,0
BL-14124,AUS-01,pilot,1,2025-04-25T06:51:07,2025-04-25T08:51:07,Days,Marketplace,6,0,0,94.6,1,1,0
BL-14125,AUS-01,pilot,1,2025-04-25T06:18:02,2025-04-25T08:18:02,Days,Marketplace,4,0,0,70.9,0,0,0
BL-14126,AUS-01,pilot,1,2025-04-25T06:18:03,2025-04-25T08:18:03,Days,Store replen,4,0,0,71.1,0,0,0
BL-14127,AUS-01,pilot,1,2025-04-25T06:34:26,2025-04-25T08:34:26,Days,DTC web,2,1,0,54.9,0,0,0
BL-14128,AUS-01,pilot,1,2025-04-25T06:10:31,2025-04-25T08:10:31,Days,Store replen,3,0,0,96.3,1,0,0
BL-14129,AUS-01,pilot,1,2025-04-25T14:45:03,2025-04-25T16:45:03,Swing,DTC web,5,0,0,80.7,0,0,0
BL-14130,AUS-01,pilot,1,2025-04-25T14:34:43,2025-04-25T16:34:43,Swing,Marketplace,5,0,0,98.9,0,0,0
BL-14131,AUS-01,pilot,1,2025-04-25T14:20:31,2025-04-25T16:20:31,Swing,DTC web,2,1,0,64.1,0,0,0
BL-14132,AUS-01,pilot,1,2025-04-25T14:51:33,2025-04-25T16:51:33,Swing,DTC web,4,0,0,82.0,0,0,0
BL-14133,AUS-01,pilot,1,2025-04-25T22:48:27,2025-04-26T00:48:27,Night,DTC web,1,1,0,47.4,0,0,0
BL-14134,AUS-01,pilot,1,2025-04-25T22:35:17,2025-04-26T00:35:17,Night,DTC web,3,0,0,84.1,2,1,0
BL-14135,AUS-01,pilot,1,2025-04-25T22:30:35,2025-04-26T00:30:35,Night,DTC web,1,1,0,49.2,0,0,0
BL-14136,AUS-01,pilot,1,2025-04-25T22:36:36,2025-04-26T00:36:36,Night,DTC web,3,0,0,65.1,0,0,0
BL-14137,AUS-01,pilot,1,2025-04-25T22:35:29,2025-04-26T00:35:29,Night,Marketplace,1,1,0,61.3,0,0,0
BL-14138,EWR-07,pilot,1,2025-04-25T06:20:33,2025-04-25T08:20:33,Days,DTC web,1,1,0,53.9,0,0,0
BL-14139,EWR-07,pilot,1,2025-04-25T06:16:04,2025-04-25T08:16:04,Days,DTC web,2,1,0,73.1,0,0,0
BL-14140,EWR-07,pilot,1,2025-04-25T06:09:46,2025-04-25T08:09:46,Days,Store replen,2,0,0,79.4,0,0,0
BL-14141,EWR-07,pilot,1,2025-04-25T06:48:42,2025-04-25T08:48:42,Days,Store replen,3,0,0,83.6,0,0,0
BL-14142,EWR-07,pilot,1,2025-04-25T06:20:02,2025-04-25T08:20:02,Days,DTC web,1,1,0,62.0,0,0,0
BL-14143,EWR-07,pilot,1,2025-04-25T06:47:41,2025-04-25T08:47:41,Days,Marketplace,10,0,0,117.9,0,0,0
BL-14144,EWR-07,pilot,1,2025-04-25T14:37:37,2025-04-25T16:37:37,Swing,DTC web,1,1,0,54.7,0,0,0
BL-14145,EWR-07,pilot,1,2025-04-25T14:23:35,2025-04-25T16:23:35,Swing,Marketplace,4,0,0,97.2,0,0,0
BL-14146,EWR-07,pilot,1,2025-04-25T14:45:32,2025-04-25T16:45:32,Swing,DTC web,1,0,0,76.4,0,0,0
BL-14147,EWR-07,pilot,1,2025-04-25T14:36:32,2025-04-25T16:36:32,Swing,Marketplace,5,0,0,104.7,0,0,0
BL-14148,EWR-07,pilot,1,2025-04-25T14:38:12,2025-04-25T16:38:12,Swing,DTC web,8,0,0,124.9,0,0,1
BL-14149,EWR-07,pilot,1,2025-04-25T22:29:09,2025-04-26T00:29:09,Night,DTC web,1,1,0,62.8,0,0,0
BL-14150,EWR-07,pilot,1,2025-04-25T22:15:19,2025-04-26T00:15:19,Night,DTC web,5,0,0,113.3,0,0,0
BL-14151,EWR-07,pilot,1,2025-04-25T22:38:29,2025-04-26T00:38:29,Night,DTC web,2,1,0,78.7,0,0,0
BL-14152,EWR-07,pilot,1,2025-04-25T22:36:27,2025-04-26T00:36:27,Night,Store replen,1,0,0,83.4,1,1,0
BL-14153,EWR-07,pilot,1,2025-04-25T22:30:06,2025-04-26T00:30:06,Night,Marketplace,4,0,0,90.0,0,0,0
BL-14154,EWR-07,pilot,1,2025-04-25T22:15:49,2025-04-26T00:15:49,Night,Marketplace,6,0,0,139.1,0,0,1
BL-14155,FNT-12,pilot,1,2025-04-25T06:08:34,2025-04-25T08:08:34,Days,DTC web,2,1,0,104.1,0,0,0
BL-14156,FNT-12,pilot,1,2025-04-25T06:14:03,2025-04-25T08:14:03,Days,Store replen,2,0,0,73.1,0,0,0
BL-14157,FNT-12,pilot,1,2025-04-25T06:51:46,2025-04-25T08:51:46,Days,DTC web,7,0,0,83.9,0,0,0
BL-14158,FNT-12,pilot,1,2025-04-25T06:10:45,2025-04-25T08:10:45,Days,Marketplace,2,0,1,60.3,0,0,0
BL-14159,FNT-12,pilot,1,2025-04-25T14:47:22,2025-04-25T16:47:22,Swing,DTC web,1,1,0,56.7,1,1,0
BL-14160,FNT-12,pilot,1,2025-04-25T14:12:17,2025-04-25T16:12:17,Swing,DTC web,3,0,0,101.5,1,1,0
BL-14161,FNT-12,pilot,1,2025-04-25T14:49:03,2025-04-25T16:49:03,Swing,DTC web,1,1,0,59.4,0,0,0
BL-14162,FNT-12,pilot,1,2025-04-25T14:37:44,2025-04-25T16:37:44,Swing,DTC web,6,0,0,105.0,0,0,0
BL-14163,FNT-12,pilot,1,2025-04-25T14:17:16,2025-04-25T16:17:16,Swing,Store replen,2,0,0,63.0,0,0,0
BL-14164,FNT-12,pilot,1,2025-04-25T14:22:10,2025-04-25T16:22:10,Swing,DTC web,5,0,0,89.2,0,0,0
BL-14165,FNT-12,pilot,1,2025-04-25T14:11:39,2025-04-25T16:11:39,Swing,DTC web,2,1,0,65.0,0,0,0
BL-14166,FNT-12,pilot,1,2025-04-25T22:48:25,2025-04-26T00:48:25,Night,Marketplace,1,1,0,56.2,0,0,0
BL-14167,FNT-12,pilot,1,2025-04-25T22:13:30,2025-04-26T00:13:30,Night,Store replen,4,0,0,113.2,0,0,0
BL-14168,FNT-12,pilot,1,2025-04-25T22:26:28,2025-04-26T00:26:28,Night,DTC web,4,0,0,151.8,2,1,1
BL-14169,FNT-12,pilot,1,2025-04-25T22:44:17,2025-04-26T00:44:17,Night,DTC web,5,0,0,82.7,0,0,0
BL-14170,FNT-12,pilot,1,2025-04-25T22:11:32,2025-04-26T00:11:32,Night,DTC web,4,0,0,100.6,1,1,0
BL-14171,FNT-12,pilot,1,2025-04-25T22:24:49,2025-04-26T00:24:49,Night,Marketplace,1,1,0,73.1,0,0,0
BL-14172,FNT-12,pilot,1,2025-04-25T22:27:45,2025-04-26T00:27:45,Night,DTC web,2,1,0,85.2,0,0,0
BL-14173,AUS-01,pilot,1,2025-04-26T06:29:37,2025-04-26T08:29:37,Days,DTC web,8,0,0,77.8,0,0,0
BL-14174,AUS-01,pilot,1,2025-04-26T06:41:05,2025-04-26T08:41:05,Days,DTC web,5,0,0,92.1,0,0,0
BL-14175,AUS-01,pilot,1,2025-04-26T06:17:20,2025-04-26T08:17:20,Days,Marketplace,2,0,1,65.1,0,0,0
BL-14176,AUS-01,pilot,1,2025-04-26T06:38:44,2025-04-26T08:38:44,Days,DTC web,1,1,0,53.1,0,0,0
BL-14177,AUS-01,pilot,1,2025-04-26T14:48:37,2025-04-26T16:48:37,Swing,DTC web,2,1,0,44.6,0,0,0
BL-14178,AUS-01,pilot,1,2025-04-26T14:36:20,2025-04-26T16:36:20,Swing,Store replen,3,0,0,58.2,0,0,0
BL-14179,AUS-01,pilot,1,2025-04-26T14:30:22,2025-04-26T16:30:22,Swing,Marketplace,11,0,0,98.4,0,0,0
BL-14180,AUS-01,pilot,1,2025-04-26T22:30:36,2025-04-27T00:30:36,Night,Store replen,1,0,0,57.7,0,0,0
BL-14181,AUS-01,pilot,1,2025-04-26T22:16:17,2025-04-27T00:16:17,Night,Store replen,3,0,0,80.7,0,0,0
BL-14182,AUS-01,pilot,1,2025-04-26T22:29:36,2025-04-27T00:29:36,Night,DTC web,1,0,1,68.8,0,0,0
BL-14183,EWR-07,pilot,1,2025-04-26T06:49:31,2025-04-26T08:49:31,Days,Marketplace,1,1,0,61.2,0,0,0
BL-14184,EWR-07,pilot,1,2025-04-26T06:23:34,2025-04-26T08:23:34,Days,DTC web,5,0,0,119.1,0,0,0
BL-14185,EWR-07,pilot,1,2025-04-26T06:13:19,2025-04-26T08:13:19,Days,Marketplace,4,0,0,80.7,0,0,0
BL-14186,EWR-07,pilot,1,2025-04-26T06:29:19,2025-04-26T08:29:19,Days,Store replen,5,0,0,98.1,0,0,0
BL-14187,EWR-07,pilot,1,2025-04-26T06:21:43,2025-04-26T08:21:43,Days,Marketplace,2,1,0,52.6,0,0,0
BL-14188,EWR-07,pilot,1,2025-04-26T14:17:09,2025-04-26T16:17:09,Swing,DTC web,7,0,0,96.8,0,0,0
BL-14189,EWR-07,pilot,1,2025-04-26T14:50:12,2025-04-26T16:50:12,Swing,Marketplace,3,0,0,94.6,0,0,0
BL-14190,EWR-07,pilot,1,2025-04-26T14:23:15,2025-04-26T16:23:15,Swing,DTC web,5,0,0,97.7,0,0,0
BL-14191,EWR-07,pilot,1,2025-04-26T14:37:10,2025-04-26T16:37:10,Swing,DTC web,4,0,0,86.9,0,0,0
BL-14192,EWR-07,pilot,1,2025-04-26T14:37:27,2025-04-26T16:37:27,Swing,Store replen,1,0,0,78.5,0,0,0
BL-14193,EWR-07,pilot,1,2025-04-26T22:37:24,2025-04-27T00:37:24,Night,DTC web,4,0,0,83.7,0,0,0
BL-14194,EWR-07,pilot,1,2025-04-26T22:09:20,2025-04-27T00:09:20,Night,DTC web,6,0,0,94.7,0,0,0
BL-14195,FNT-12,pilot,1,2025-04-26T06:34:37,2025-04-26T08:34:37,Days,Marketplace,5,0,0,87.6,0,0,0
BL-14196,FNT-12,pilot,1,2025-04-26T06:50:36,2025-04-26T08:50:36,Days,Marketplace,4,0,0,87.5,0,0,0
BL-14197,FNT-12,pilot,1,2025-04-26T06:41:32,2025-04-26T08:41:32,Days,DTC web,4,0,0,115.7,0,0,0
BL-14198,FNT-12,pilot,1,2025-04-26T06:43:35,2025-04-26T08:43:35,Days,DTC web,1,1,0,87.4,0,0,0
BL-14199,FNT-12,pilot,1,2025-04-26T06:08:17,2025-04-26T08:08:17,Days,Marketplace,4,0,0,89.7,0,0,0
BL-14200,FNT-12,pilot,1,2025-04-26T06:20:36,2025-04-26T08:20:36,Days,Marketplace,3,0,0,95.8,2,1,0
BL-14201,FNT-12,pilot,1,2025-04-26T14:09:01,2025-04-26T16:09:01,Swing,Store replen,5,0,0,87.4,0,0,0
BL-14202,FNT-12,pilot,1,2025-04-26T14:39:16,2025-04-26T16:39:16,Swing,Marketplace,6,0,0,97.4,0,0,0
BL-14203,FNT-12,pilot,1,2025-04-26T14:15:37,2025-04-26T16:15:37,Swing,DTC web,3,0,0,87.3,1,1,0
BL-14204,FNT-12,pilot,1,2025-04-26T14:49:05,2025-04-26T16:49:05,Swing,DTC web,1,1,0,67.8,0,0,0
BL-14205,FNT-12,pilot,1,2025-04-26T22:44:37,2025-04-27T00:44:37,Night,Marketplace,4,0,0,109.1,1,1,0
BL-14206,FNT-12,pilot,1,2025-04-26T22:14:45,2025-04-27T00:14:45,Night,DTC web,7,0,0,99.0,0,0,0
BL-14207,AUS-01,pilot,1,2025-04-28T06:11:18,2025-04-28T08:11:18,Days,DTC web,1,1,0,52.0,0,0,0
BL-14208,AUS-01,pilot,1,2025-04-28T06:22:36,2025-04-28T08:22:36,Days,Marketplace,2,1,0,78.1,0,0,0
BL-14209,AUS-01,pilot,1,2025-04-28T14:47:29,2025-04-28T16:47:29,Swing,DTC web,2,1,0,75.7,0,0,0
BL-14210,AUS-01,pilot,1,2025-04-28T14:42:29,2025-04-28T16:42:29,Swing,Marketplace,9,0,0,88.1,0,0,0
BL-14211,AUS-01,pilot,1,2025-04-28T14:42:36,2025-04-28T16:42:36,Swing,DTC web,3,0,0,81.0,0,0,0
BL-14212,AUS-01,pilot,1,2025-04-28T22:26:14,2025-04-29T00:26:14,Night,DTC web,1,0,0,87.7,0,0,0
BL-14213,AUS-01,pilot,1,2025-04-28T22:42:12,2025-04-29T00:42:12,Night,DTC web,3,0,0,66.7,0,0,0
BL-14214,AUS-01,pilot,1,2025-04-28T22:09:39,2025-04-29T00:09:39,Night,Store replen,3,0,0,67.2,0,0,0
BL-14215,AUS-01,pilot,1,2025-04-28T22:46:38,2025-04-29T00:46:38,Night,DTC web,3,0,0,61.2,0,0,0
BL-14216,AUS-01,pilot,1,2025-04-28T22:49:12,2025-04-29T00:49:12,Night,Store replen,2,0,0,67.2,0,0,0
BL-14217,AUS-01,pilot,1,2025-04-28T22:42:32,2025-04-29T00:42:32,Night,Store replen,10,0,0,124.3,0,0,1
BL-14218,EWR-07,pilot,1,2025-04-28T06:45:24,2025-04-28T08:45:24,Days,DTC web,6,0,0,104.7,0,0,0
BL-14219,EWR-07,pilot,1,2025-04-28T06:28:33,2025-04-28T08:28:33,Days,DTC web,8,0,0,76.3,0,0,0
BL-14220,EWR-07,pilot,1,2025-04-28T06:17:16,2025-04-28T08:17:16,Days,Marketplace,5,0,0,95.3,0,0,0
BL-14221,EWR-07,pilot,1,2025-04-28T06:49:43,2025-04-28T08:49:43,Days,Store replen,5,0,0,87.7,0,0,0
BL-14222,EWR-07,pilot,1,2025-04-28T06:23:13,2025-04-28T08:23:13,Days,DTC web,8,0,0,94.8,0,0,0
BL-14223,EWR-07,pilot,1,2025-04-28T06:45:00,2025-04-28T08:45:00,Days,Marketplace,4,0,0,102.3,0,0,0
BL-14224,EWR-07,pilot,1,2025-04-28T06:50:16,2025-04-28T08:50:16,Days,DTC web,4,0,0,97.9,0,0,0
BL-14225,EWR-07,pilot,1,2025-04-28T06:40:08,2025-04-28T08:40:08,Days,Store replen,3,0,0,81.8,0,0,0
BL-14226,EWR-07,pilot,1,2025-04-28T06:14:23,2025-04-28T08:14:23,Days,DTC web,4,0,0,86.6,0,0,0
BL-14227,EWR-07,pilot,1,2025-04-28T14:42:21,2025-04-28T16:42:21,Swing,DTC web,6,0,0,94.2,0,0,0
BL-14228,EWR-07,pilot,1,2025-04-28T14:35:32,2025-04-28T16:35:32,Swing,Store replen,3,0,0,96.6,0,0,0
BL-14229,EWR-07,pilot,1,2025-04-28T14:51:27,2025-04-28T16:51:27,Swing,DTC web,1,1,0,77.4,0,0,0
BL-14230,EWR-07,pilot,1,2025-04-28T14:40:39,2025-04-28T16:40:39,Swing,DTC web,4,0,0,83.6,0,0,0
BL-14231,EWR-07,pilot,1,2025-04-28T14:11:11,2025-04-28T16:11:11,Swing,DTC web,2,0,0,62.7,0,0,0
BL-14232,EWR-07,pilot,1,2025-04-28T14:33:34,2025-04-28T16:33:34,Swing,Store replen,3,0,0,81.7,0,0,0
BL-14233,EWR-07,pilot,1,2025-04-28T14:34:42,2025-04-28T16:34:42,Swing,DTC web,3,0,0,94.7,1,1,0
BL-14234,EWR-07,pilot,1,2025-04-28T14:41:44,2025-04-28T16:41:44,Swing,DTC web,2,1,0,73.7,0,0,0
BL-14235,EWR-07,pilot,1,2025-04-28T14:34:22,2025-04-28T16:34:22,Swing,DTC web,2,1,0,61.6,0,0,0
BL-14236,EWR-07,pilot,1,2025-04-28T14:31:30,2025-04-28T16:31:30,Swing,Marketplace,3,0,0,78.1,0,0,0
BL-14237,EWR-07,pilot,1,2025-04-28T14:32:38,2025-04-28T16:32:38,Swing,DTC web,3,0,0,86.7,1,0,0
BL-14238,EWR-07,pilot,1,2025-04-28T22:09:25,2025-04-29T00:09:25,Night,DTC web,10,0,0,121.0,0,0,1
BL-14239,EWR-07,pilot,1,2025-04-28T22:14:07,2025-04-29T00:14:07,Night,DTC web,6,0,0,87.0,0,0,0
BL-14240,EWR-07,pilot,1,2025-04-28T22:44:44,2025-04-29T00:44:44,Night,DTC web,5,0,0,103.8,0,0,0
BL-14241,EWR-07,pilot,1,2025-04-28T22:49:26,2025-04-29T00:49:26,Night,DTC web,1,1,0,84.6,1,1,0
BL-14242,EWR-07,pilot,1,2025-04-28T22:21:07,2025-04-29T00:21:07,Night,Store replen,5,0,0,115.6,0,0,0
BL-14243,EWR-07,pilot,1,2025-04-28T22:30:10,2025-04-29T00:30:10,Night,DTC web,2,1,0,84.1,0,0,0
BL-14244,EWR-07,pilot,1,2025-04-28T22:51:40,2025-04-29T00:51:40,Night,DTC web,4,0,0,91.2,0,0,0
BL-14245,EWR-07,pilot,1,2025-04-28T22:11:00,2025-04-29T00:11:00,Night,DTC web,3,0,0,87.1,0,0,0
BL-14246,FNT-12,pilot,1,2025-04-28T06:51:11,2025-04-28T08:51:11,Days,Marketplace,5,0,0,88.0,1,1,0
BL-14247,FNT-12,pilot,1,2025-04-28T06:11:40,2025-04-28T08:11:40,Days,Marketplace,5,0,0,89.8,0,0,0
BL-14248,FNT-12,pilot,1,2025-04-28T06:28:10,2025-04-28T08:28:10,Days,Marketplace,1,1,0,70.8,0,0,0
BL-14249,FNT-12,pilot,1,2025-04-28T06:29:29,2025-04-28T08:29:29,Days,Marketplace,1,1,0,73.1,0,0,0
BL-14250,FNT-12,pilot,1,2025-04-28T06:11:30,2025-04-28T08:11:30,Days,Marketplace,3,0,0,69.1,0,0,0
BL-14251,FNT-12,pilot,1,2025-04-28T06:36:12,2025-04-28T08:36:12,Days,Marketplace,2,1,0,71.2,0,0,0
BL-14252,FNT-12,pilot,1,2025-04-28T06:34:19,2025-04-28T08:34:19,Days,DTC web,3,0,0,74.3,0,0,0
BL-14253,FNT-12,pilot,1,2025-04-28T14:11:24,2025-04-28T16:11:24,Swing,DTC web,1,1,0,74.3,0,0,0
BL-14254,FNT-12,pilot,1,2025-04-28T14:31:47,2025-04-28T16:31:47,Swing,Marketplace,6,0,0,81.5,0,0,0
BL-14255,FNT-12,pilot,1,2025-04-28T14:40:28,2025-04-28T16:40:28,Swing,DTC web,2,0,0,78.0,1,0,0
BL-14256,FNT-12,pilot,1,2025-04-28T14:30:17,2025-04-28T16:30:17,Swing,DTC web,2,0,0,70.2,0,0,0
BL-14257,FNT-12,pilot,1,2025-04-28T22:12:07,2025-04-29T00:12:07,Night,DTC web,2,0,0,95.2,0,0,0
BL-14258,FNT-12,pilot,1,2025-04-28T22:44:43,2025-04-29T00:44:43,Night,Marketplace,3,0,0,111.9,0,0,0
BL-14259,FNT-12,pilot,1,2025-04-28T22:11:23,2025-04-29T00:11:23,Night,DTC web,3,0,0,108.0,0,0,0
BL-14260,FNT-12,pilot,1,2025-04-28T22:34:10,2025-04-29T00:34:10,Night,DTC web,7,0,0,127.2,0,0,1
BL-14261,AUS-01,pilot,1,2025-04-29T06:41:32,2025-04-29T08:41:32,Days,DTC web,2,1,0,57.7,0,0,0
BL-14262,AUS-01,pilot,1,2025-04-29T06:20:41,2025-04-29T08:20:41,Days,DTC web,2,1,0,56.6,0,0,0
BL-14263,AUS-01,pilot,1,2025-04-29T06:20:39,2025-04-29T08:20:39,Days,DTC web,1,1,0,47.3,0,0,0
BL-14264,AUS-01,pilot,1,2025-04-29T06:40:05,2025-04-29T08:40:05,Days,Marketplace,6,0,0,111.1,0,0,0
BL-14265,AUS-01,pilot,1,2025-04-29T14:28:37,2025-04-29T16:28:37,Swing,Marketplace,3,0,0,63.3,0,0,0
BL-14266,AUS-01,pilot,1,2025-04-29T14:13:43,2025-04-29T16:13:43,Swing,Marketplace,3,0,0,62.8,0,0,0
BL-14267,AUS-01,pilot,1,2025-04-29T14:35:20,2025-04-29T16:35:20,Swing,Marketplace,9,0,0,105.8,1,0,0
BL-14268,AUS-01,pilot,1,2025-04-29T14:42:11,2025-04-29T16:42:11,Swing,Store replen,8,0,0,98.2,0,0,0
BL-14269,AUS-01,pilot,1,2025-04-29T14:33:30,2025-04-29T16:33:30,Swing,Store replen,8,0,0,99.6,0,0,0
BL-14270,AUS-01,pilot,1,2025-04-29T14:26:19,2025-04-29T16:26:19,Swing,DTC web,4,0,0,72.9,0,0,0
BL-14271,AUS-01,pilot,1,2025-04-29T14:39:08,2025-04-29T16:39:08,Swing,Store replen,3,0,0,66.7,0,0,0
BL-14272,AUS-01,pilot,1,2025-04-29T14:32:39,2025-04-29T16:32:39,Swing,DTC web,3,0,1,63.2,0,0,0
BL-14273,AUS-01,pilot,1,2025-04-29T14:36:15,2025-04-29T16:36:15,Swing,Store replen,1,0,0,53.7,0,0,0
BL-14274,AUS-01,pilot,1,2025-04-29T14:25:02,2025-04-29T16:25:02,Swing,Store replen,1,0,0,84.8,0,0,0
BL-14275,AUS-01,pilot,1,2025-04-29T14:17:45,2025-04-29T16:17:45,Swing,Marketplace,4,0,0,85.8,0,0,0
BL-14276,AUS-01,pilot,1,2025-04-29T14:45:00,2025-04-29T16:45:00,Swing,Marketplace,1,1,0,91.3,0,0,0
BL-14277,AUS-01,pilot,1,2025-04-29T22:29:13,2025-04-30T00:29:13,Night,DTC web,4,0,0,87.7,0,0,0
BL-14278,AUS-01,pilot,1,2025-04-29T22:29:18,2025-04-30T00:29:18,Night,DTC web,9,0,0,101.0,0,0,0
BL-14279,AUS-01,pilot,1,2025-04-29T22:17:19,2025-04-30T00:17:19,Night,DTC web,4,0,0,71.2,0,0,0
BL-14280,AUS-01,pilot,1,2025-04-29T22:27:35,2025-04-30T00:27:35,Night,DTC web,1,1,0,59.4,0,0,0
BL-14281,EWR-07,pilot,1,2025-04-29T06:28:07,2025-04-29T08:28:07,Days,DTC web,1,1,0,87.7,0,0,0
BL-14282,EWR-07,pilot,1,2025-04-29T06:37:12,2025-04-29T08:37:12,Days,DTC web,4,0,0,101.8,1,1,0
BL-14283,EWR-07,pilot,1,2025-04-29T06:28:29,2025-04-29T08:28:29,Days,DTC web,4,0,0,87.2,0,0,0
BL-14284,EWR-07,pilot,1,2025-04-29T06:24:34,2025-04-29T08:24:34,Days,DTC web,1,1,0,63.5,1,1,0
BL-14285,EWR-07,pilot,1,2025-04-29T06:31:05,2025-04-29T08:31:05,Days,DTC web,10,0,0,110.9,0,0,0
BL-14286,EWR-07,pilot,1,2025-04-29T14:39:28,2025-04-29T16:39:28,Swing,DTC web,4,0,0,123.3,0,0,1
BL-14287,EWR-07,pilot,1,2025-04-29T14:38:01,2025-04-29T16:38:01,Swing,DTC web,2,1,0,65.6,0,0,0
BL-14288,EWR-07,pilot,1,2025-04-29T14:39:01,2025-04-29T16:39:01,Swing,DTC web,3,0,0,97.0,0,0,0
BL-14289,EWR-07,pilot,1,2025-04-29T14:42:47,2025-04-29T16:42:47,Swing,DTC web,9,0,0,100.7,0,0,0
BL-14290,EWR-07,pilot,1,2025-04-29T14:28:14,2025-04-29T16:28:14,Swing,Store replen,5,0,0,104.4,0,0,0
BL-14291,EWR-07,pilot,1,2025-04-29T14:21:08,2025-04-29T16:21:08,Swing,Marketplace,5,0,1,83.2,0,0,0
BL-14292,EWR-07,pilot,1,2025-04-29T14:15:29,2025-04-29T16:15:29,Swing,DTC web,2,1,0,70.7,0,0,0
BL-14293,EWR-07,pilot,1,2025-04-29T22:30:05,2025-04-30T00:30:05,Night,DTC web,2,1,0,76.0,0,0,0
BL-14294,EWR-07,pilot,1,2025-04-29T22:37:34,2025-04-30T00:37:34,Night,DTC web,5,0,0,92.1,0,0,0
BL-14295,EWR-07,pilot,1,2025-04-29T22:31:27,2025-04-30T00:31:27,Night,DTC web,3,0,0,101.1,0,0,0
BL-14296,EWR-07,pilot,1,2025-04-29T22:41:31,2025-04-30T00:41:31,Night,DTC web,2,1,0,72.7,0,0,0
BL-14297,EWR-07,pilot,1,2025-04-29T22:27:17,2025-04-30T00:27:17,Night,Store replen,3,0,0,86.3,0,0,0
BL-14298,EWR-07,pilot,1,2025-04-29T22:27:32,2025-04-30T00:27:32,Night,DTC web,5,0,0,106.3,0,0,0
BL-14299,EWR-07,pilot,1,2025-04-29T22:24:09,2025-04-30T00:24:09,Night,Marketplace,7,0,0,101.0,0,0,0
BL-14300,FNT-12,pilot,1,2025-04-29T06:37:38,2025-04-29T08:37:38,Days,Marketplace,7,0,0,83.5,0,0,0
BL-14301,FNT-12,pilot,1,2025-04-29T06:49:03,2025-04-29T08:49:03,Days,DTC web,9,0,0,92.3,0,0,0
BL-14302,FNT-12,pilot,1,2025-04-29T06:47:22,2025-04-29T08:47:22,Days,DTC web,10,0,0,125.0,1,0,1
BL-14303,FNT-12,pilot,1,2025-04-29T06:08:08,2025-04-29T08:08:08,Days,DTC web,5,0,0,72.6,0,0,0
BL-14304,FNT-12,pilot,1,2025-04-29T06:40:38,2025-04-29T08:40:38,Days,DTC web,3,0,0,98.9,0,0,0
BL-14305,FNT-12,pilot,1,2025-04-29T06:30:25,2025-04-29T08:30:25,Days,DTC web,1,0,0,65.4,1,1,0
BL-14306,FNT-12,pilot,1,2025-04-29T06:35:06,2025-04-29T08:35:06,Days,DTC web,2,1,0,82.5,0,0,0
BL-14307,FNT-12,pilot,1,2025-04-29T06:50:40,2025-04-29T08:50:40,Days,Marketplace,2,1,0,71.8,0,0,0
BL-14308,FNT-12,pilot,1,2025-04-29T06:21:41,2025-04-29T08:21:41,Days,DTC web,2,1,0,69.2,0,0,0
BL-14309,FNT-12,pilot,1,2025-04-29T06:26:43,2025-04-29T08:26:43,Days,DTC web,3,0,1,73.2,0,0,0
BL-14310,FNT-12,pilot,1,2025-04-29T06:29:42,2025-04-29T08:29:42,Days,Store replen,1,0,0,92.3,1,1,0
BL-14311,FNT-12,pilot,1,2025-04-29T14:31:28,2025-04-29T16:31:28,Swing,DTC web,2,1,0,67.8,0,0,0
BL-14312,FNT-12,pilot,1,2025-04-29T14:24:30,2025-04-29T16:24:30,Swing,Store replen,9,0,0,83.4,0,0,0
BL-14313,FNT-12,pilot,1,2025-04-29T14:11:36,2025-04-29T16:11:36,Swing,DTC web,3,0,1,92.6,1,0,0
BL-14314,FNT-12,pilot,1,2025-04-29T14:24:48,2025-04-29T16:24:48,Swing,Marketplace,5,0,0,94.0,1,1,0
BL-14315,FNT-12,pilot,1,2025-04-29T14:22:30,2025-04-29T16:22:30,Swing,DTC web,4,0,0,80.2,0,0,0
BL-14316,FNT-12,pilot,1,2025-04-29T14:41:02,2025-04-29T16:41:02,Swing,Marketplace,8,0,0,89.8,0,0,0
BL-14317,FNT-12,pilot,1,2025-04-29T14:19:29,2025-04-29T16:19:29,Swing,DTC web,2,1,0,67.6,0,0,0
BL-14318,FNT-12,pilot,1,2025-04-29T14:28:22,2025-04-29T16:28:22,Swing,Marketplace,1,0,0,71.5,0,0,0
BL-14319,FNT-12,pilot,1,2025-04-29T14:09:47,2025-04-29T16:09:47,Swing,DTC web,7,0,0,105.9,0,0,0
BL-14320,FNT-12,pilot,1,2025-04-29T22:11:48,2025-04-30T00:11:48,Night,Marketplace,3,0,1,108.5,1,0,0
BL-14321,FNT-12,pilot,1,2025-04-29T22:27:41,2025-04-30T00:27:41,Night,Store replen,5,0,0,106.4,0,0,0
BL-14322,FNT-12,pilot,1,2025-04-29T22:16:45,2025-04-30T00:16:45,Night,DTC web,1,1,0,84.3,0,0,0
BL-14323,FNT-12,pilot,1,2025-04-29T22:39:35,2025-04-30T00:39:35,Night,DTC web,4,0,0,82.0,0,0,0
BL-14324,AUS-01,pilot,1,2025-04-30T06:29:48,2025-04-30T08:29:48,Days,DTC web,2,1,0,67.1,0,0,0
BL-14325,AUS-01,pilot,1,2025-04-30T06:28:00,2025-04-30T08:28:00,Days,DTC web,7,0,0,88.3,0,0,0
BL-14326,AUS-01,pilot,1,2025-04-30T06:28:10,2025-04-30T08:28:10,Days,DTC web,5,0,0,89.0,0,0,0
BL-14327,AUS-01,pilot,1,2025-04-30T06:39:29,2025-04-30T08:39:29,Days,DTC web,1,0,0,47.7,0,0,0
BL-14328,AUS-01,pilot,1,2025-04-30T06:50:15,2025-04-30T08:50:15,Days,Store replen,3,0,0,73.2,0,0,0
BL-14329,AUS-01,pilot,1,2025-04-30T14:31:04,2025-04-30T16:31:04,Swing,Store replen,2,0,0,84.0,1,0,0
BL-14330,AUS-01,pilot,1,2025-04-30T14:51:07,2025-04-30T16:51:07,Swing,DTC web,2,0,0,51.8,0,0,0
BL-14331,AUS-01,pilot,1,2025-04-30T14:50:36,2025-04-30T16:50:36,Swing,Marketplace,8,0,0,92.3,0,0,0
BL-14332,AUS-01,pilot,1,2025-04-30T22:43:37,2025-05-01T00:43:37,Night,DTC web,4,0,0,85.0,0,0,0
BL-14333,AUS-01,pilot,1,2025-04-30T22:48:33,2025-05-01T00:48:33,Night,Marketplace,5,0,0,93.1,1,0,0
BL-14334,AUS-01,pilot,1,2025-04-30T22:49:28,2025-05-01T00:49:28,Night,DTC web,2,1,0,89.4,1,0,0
BL-14335,EWR-07,pilot,1,2025-04-30T06:23:28,2025-04-30T08:23:28,Days,Store replen,2,0,0,87.7,0,0,0
BL-14336,EWR-07,pilot,1,2025-04-30T06:36:37,2025-04-30T08:36:37,Days,DTC web,2,1,0,55.4,0,0,0
BL-14337,EWR-07,pilot,1,2025-04-30T06:34:10,2025-04-30T08:34:10,Days,Store replen,3,0,0,90.5,0,0,0
BL-14338,EWR-07,pilot,1,2025-04-30T06:08:11,2025-04-30T08:08:11,Days,Marketplace,3,0,0,87.6,0,0,0
BL-14339,EWR-07,pilot,1,2025-04-30T06:27:15,2025-04-30T08:27:15,Days,Marketplace,1,1,0,71.6,0,0,0
BL-14340,EWR-07,pilot,1,2025-04-30T06:09:12,2025-04-30T08:09:12,Days,Marketplace,3,0,0,85.2,0,0,0
BL-14341,EWR-07,pilot,1,2025-04-30T14:41:43,2025-04-30T16:41:43,Swing,DTC web,2,1,0,74.2,0,0,0
BL-14342,EWR-07,pilot,1,2025-04-30T14:39:31,2025-04-30T16:39:31,Swing,Marketplace,4,0,0,101.8,0,0,0
BL-14343,EWR-07,pilot,1,2025-04-30T14:12:48,2025-04-30T16:12:48,Swing,DTC web,7,0,0,98.1,0,0,0
BL-14344,EWR-07,pilot,1,2025-04-30T14:14:03,2025-04-30T16:14:03,Swing,Store replen,5,0,0,111.4,0,0,0
BL-14345,EWR-07,pilot,1,2025-04-30T22:36:00,2025-05-01T00:36:00,Night,Store replen,2,0,0,78.2,0,0,0
BL-14346,EWR-07,pilot,1,2025-04-30T22:41:01,2025-05-01T00:41:01,Night,DTC web,4,0,0,93.3,0,0,0
BL-14347,EWR-07,pilot,1,2025-04-30T22:33:22,2025-05-01T00:33:22,Night,DTC web,3,0,0,84.3,0,0,0
BL-14348,EWR-07,pilot,1,2025-04-30T22:24:12,2025-05-01T00:24:12,Night,Store replen,1,0,0,81.8,0,0,0
BL-14349,EWR-07,pilot,1,2025-04-30T22:35:01,2025-05-01T00:35:01,Night,DTC web,5,0,0,121.3,0,0,1
BL-14350,EWR-07,pilot,1,2025-04-30T22:17:28,2025-05-01T00:17:28,Night,DTC web,1,0,0,131.4,0,0,1
BL-14351,FNT-12,pilot,1,2025-04-30T06:22:34,2025-04-30T08:22:34,Days,Marketplace,2,1,0,76.6,0,0,0
BL-14352,FNT-12,pilot,1,2025-04-30T06:33:22,2025-04-30T08:33:22,Days,DTC web,2,1,0,68.5,0,0,0
BL-14353,FNT-12,pilot,1,2025-04-30T06:42:40,2025-04-30T08:42:40,Days,DTC web,9,0,0,101.7,0,0,0
BL-14354,FNT-12,pilot,1,2025-04-30T06:42:20,2025-04-30T08:42:20,Days,DTC web,4,0,0,65.1,0,0,0
BL-14355,FNT-12,pilot,1,2025-04-30T06:18:43,2025-04-30T08:18:43,Days,DTC web,1,1,0,88.9,1,1,0
BL-14356,FNT-12,pilot,1,2025-04-30T14:09:45,2025-04-30T16:09:45,Swing,DTC web,5,0,0,86.5,0,0,0
BL-14357,FNT-12,pilot,1,2025-04-30T14:22:08,2025-04-30T16:22:08,Swing,Marketplace,1,1,0,55.0,0,0,0
BL-14358,FNT-12,pilot,1,2025-04-30T14:33:18,2025-04-30T16:33:18,Swing,Marketplace,4,0,0,110.8,0,0,0
BL-14359,FNT-12,pilot,1,2025-04-30T14:35:44,2025-04-30T16:35:44,Swing,Marketplace,3,0,0,81.9,0,0,0
BL-14360,FNT-12,pilot,1,2025-04-30T14:13:37,2025-04-30T16:13:37,Swing,Store replen,2,0,0,99.3,1,1,0
BL-14361,FNT-12,pilot,1,2025-04-30T14:32:37,2025-04-30T16:32:37,Swing,DTC web,1,0,0,88.4,1,1,0
BL-14362,FNT-12,pilot,1,2025-04-30T14:12:49,2025-04-30T16:12:49,Swing,DTC web,4,0,0,104.3,1,1,0
BL-14363,FNT-12,pilot,1,2025-04-30T14:24:48,2025-04-30T16:24:48,Swing,Store replen,4,0,0,76.4,0,0,0
BL-14364,FNT-12,pilot,1,2025-04-30T14:38:13,2025-04-30T16:38:13,Swing,Store replen,2,0,0,88.2,0,0,0
BL-14365,FNT-12,pilot,1,2025-04-30T22:33:40,2025-05-01T00:33:40,Night,DTC web,3,0,0,88.1,0,0,0
BL-14366,FNT-12,pilot,1,2025-04-30T22:46:24,2025-05-01T00:46:24,Night,DTC web,2,0,0,85.5,0,0,0
BL-14367,FNT-12,pilot,1,2025-04-30T22:35:32,2025-05-01T00:35:32,Night,DTC web,3,0,0,91.2,0,0,0
BL-14368,FNT-12,pilot,1,2025-04-30T22:33:21,2025-05-01T00:33:21,Night,Marketplace,5,0,0,98.4,1,1,0
BL-14369,AUS-01,pilot,1,2025-05-01T06:18:35,2025-05-01T08:18:35,Days,DTC web,3,0,0,61.6,0,0,0
BL-14370,AUS-01,pilot,1,2025-05-01T06:46:11,2025-05-01T08:46:11,Days,DTC web,3,0,0,71.8,0,0,0
BL-14371,AUS-01,pilot,1,2025-05-01T06:47:44,2025-05-01T08:47:44,Days,DTC web,4,0,0,77.8,0,0,0
BL-14372,AUS-01,pilot,1,2025-05-01T06:40:12,2025-05-01T08:40:12,Days,DTC web,2,1,0,84.5,0,0,0
BL-14373,AUS-01,pilot,1,2025-05-01T06:28:28,2025-05-01T08:28:28,Days,Marketplace,2,1,0,67.2,0,0,0
BL-14374,AUS-01,pilot,1,2025-05-01T14:19:33,2025-05-01T16:19:33,Swing,Marketplace,1,1,0,50.2,0,0,0
BL-14375,AUS-01,pilot,1,2025-05-01T14:18:06,2025-05-01T16:18:06,Swing,Store replen,4,0,0,86.5,0,0,0
BL-14376,AUS-01,pilot,1,2025-05-01T14:21:21,2025-05-01T16:21:21,Swing,DTC web,10,0,0,87.7,1,0,0
BL-14377,AUS-01,pilot,1,2025-05-01T14:10:19,2025-05-01T16:10:19,Swing,DTC web,2,1,0,67.2,1,1,0
BL-14378,AUS-01,pilot,1,2025-05-01T14:08:28,2025-05-01T16:08:28,Swing,Store replen,5,0,0,106.2,0,0,0
BL-14379,AUS-01,pilot,1,2025-05-01T14:47:06,2025-05-01T16:47:06,Swing,Marketplace,1,1,0,71.4,0,0,0
BL-14380,AUS-01,pilot,1,2025-05-01T22:42:11,2025-05-02T00:42:11,Night,Store replen,4,0,0,76.3,0,0,0
BL-14381,AUS-01,pilot,1,2025-05-01T22:18:45,2025-05-02T00:18:45,Night,Store replen,4,0,0,86.0,1,1,0
BL-14382,AUS-01,pilot,1,2025-05-01T22:36:08,2025-05-02T00:36:08,Night,DTC web,7,0,0,92.0,0,0,0
BL-14383,AUS-01,pilot,1,2025-05-01T22:42:29,2025-05-02T00:42:29,Night,Marketplace,3,0,0,68.6,0,0,0
BL-14384,EWR-07,pilot,1,2025-05-01T06:46:44,2025-05-01T08:46:44,Days,DTC web,1,0,0,64.4,0,0,0
BL-14385,EWR-07,pilot,1,2025-05-01T06:37:02,2025-05-01T08:37:02,Days,Marketplace,8,0,0,134.2,0,0,1
BL-14386,EWR-07,pilot,1,2025-05-01T06:17:03,2025-05-01T08:17:03,Days,Marketplace,2,0,0,82.4,0,0,0
BL-14387,EWR-07,pilot,1,2025-05-01T06:30:43,2025-05-01T08:30:43,Days,DTC web,4,0,0,95.3,0,0,0
BL-14388,EWR-07,pilot,1,2025-05-01T06:19:00,2025-05-01T08:19:00,Days,Marketplace,6,0,0,101.1,0,0,0
BL-14389,EWR-07,pilot,1,2025-05-01T06:51:25,2025-05-01T08:51:25,Days,DTC web,4,0,0,99.3,0,0,0
BL-14390,EWR-07,pilot,1,2025-05-01T06:13:32,2025-05-01T08:13:32,Days,DTC web,7,0,0,97.4,0,0,0
BL-14391,EWR-07,pilot,1,2025-05-01T06:46:46,2025-05-01T08:46:46,Days,DTC web,1,1,0,85.9,1,1,0
BL-14392,EWR-07,pilot,1,2025-05-01T06:31:01,2025-05-01T08:31:01,Days,DTC web,1,1,0,50.4,0,0,0
BL-14393,EWR-07,pilot,1,2025-05-01T06:23:07,2025-05-01T08:23:07,Days,DTC web,6,0,0,94.8,0,0,0
BL-14394,EWR-07,pilot,1,2025-05-01T06:33:25,2025-05-01T08:33:25,Days,DTC web,1,1,0,62.7,0,0,0
BL-14395,EWR-07,pilot,1,2025-05-01T06:49:05,2025-05-01T08:49:05,Days,Marketplace,6,0,0,94.0,0,0,0
BL-14396,EWR-07,pilot,1,2025-05-01T06:12:01,2025-05-01T08:12:01,Days,DTC web,6,0,1,122.7,2,1,1
BL-14397,EWR-07,pilot,1,2025-05-01T14:23:06,2025-05-01T16:23:06,Swing,Marketplace,8,0,0,107.2,0,0,0
BL-14398,EWR-07,pilot,1,2025-05-01T14:51:05,2025-05-01T16:51:05,Swing,DTC web,4,0,0,87.5,0,0,0
BL-14399,EWR-07,pilot,1,2025-05-01T14:41:26,2025-05-01T16:41:26,Swing,Marketplace,2,1,0,81.2,0,0,0
BL-14400,EWR-07,pilot,1,2025-05-01T14:22:41,2025-05-01T16:22:41,Swing,DTC web,2,1,0,64.3,0,0,0
BL-14401,EWR-07,pilot,1,2025-05-01T14:31:19,2025-05-01T16:31:19,Swing,DTC web,3,0,0,93.8,0,0,0
BL-14402,EWR-07,pilot,1,2025-05-01T14:21:48,2025-05-01T16:21:48,Swing,DTC web,1,1,0,85.1,1,0,0
BL-14403,EWR-07,pilot,1,2025-05-01T14:25:29,2025-05-01T16:25:29,Swing,Marketplace,4,0,0,77.1,0,0,0
BL-14404,EWR-07,pilot,1,2025-05-01T14:36:46,2025-05-01T16:36:46,Swing,DTC web,2,1,0,66.9,0,0,0
BL-14405,EWR-07,pilot,1,2025-05-01T22:34:10,2025-05-02T00:34:10,Night,DTC web,1,0,0,85.2,1,0,0
BL-14406,EWR-07,pilot,1,2025-05-01T22:27:49,2025-05-02T00:27:49,Night,Store replen,4,0,0,79.7,0,0,0
BL-14407,EWR-07,pilot,1,2025-05-01T22:30:29,2025-05-02T00:30:29,Night,Marketplace,2,1,0,84.3,0,0,0
BL-14408,EWR-07,pilot,1,2025-05-01T22:36:42,2025-05-02T00:36:42,Night,Store replen,3,0,0,82.9,0,0,0
BL-14409,EWR-07,pilot,1,2025-05-01T22:12:46,2025-05-02T00:12:46,Night,DTC web,3,0,0,79.8,0,0,0
BL-14410,FNT-12,pilot,1,2025-05-01T06:42:10,2025-05-01T08:42:10,Days,DTC web,1,0,1,83.1,0,0,0
BL-14411,FNT-12,pilot,1,2025-05-01T06:14:45,2025-05-01T08:14:45,Days,Marketplace,8,0,0,106.3,0,0,0
BL-14412,FNT-12,pilot,1,2025-05-01T06:27:24,2025-05-01T08:27:24,Days,DTC web,4,0,0,81.8,0,0,0
BL-14413,FNT-12,pilot,1,2025-05-01T06:24:21,2025-05-01T08:24:21,Days,Marketplace,4,0,0,87.4,0,0,0
BL-14414,FNT-12,pilot,1,2025-05-01T06:09:44,2025-05-01T08:09:44,Days,DTC web,4,0,0,112.4,0,0,0
BL-14415,FNT-12,pilot,1,2025-05-01T06:33:47,2025-05-01T08:33:47,Days,Store replen,7,0,0,101.9,0,0,0
BL-14416,FNT-12,pilot,1,2025-05-01T06:42:02,2025-05-01T08:42:02,Days,DTC web,7,0,0,90.0,0,0,0
BL-14417,FNT-12,pilot,1,2025-05-01T06:18:49,2025-05-01T08:18:49,Days,Store replen,2,0,0,82.7,0,0,0
BL-14418,FNT-12,pilot,1,2025-05-01T06:19:24,2025-05-01T08:19:24,Days,DTC web,3,0,0,81.6,0,0,0
BL-14419,FNT-12,pilot,1,2025-05-01T06:33:22,2025-05-01T08:33:22,Days,Marketplace,3,0,0,72.7,0,0,0
BL-14420,FNT-12,pilot,1,2025-05-01T14:15:39,2025-05-01T16:15:39,Swing,Store replen,2,0,1,93.1,0,0,0
BL-14421,FNT-12,pilot,1,2025-05-01T14:50:06,2025-05-01T16:50:06,Swing,Marketplace,3,0,0,100.0,0,0,0
BL-14422,FNT-12,pilot,1,2025-05-01T14:21:49,2025-05-01T16:21:49,Swing,DTC web,2,1,0,70.8,0,0,0
BL-14423,FNT-12,pilot,1,2025-05-01T14:42:17,2025-05-01T16:42:17,Swing,DTC web,4,0,0,103.5,0,0,0
BL-14424,FNT-12,pilot,1,2025-05-01T14:30:13,2025-05-01T16:30:13,Swing,DTC web,4,0,0,81.3,0,0,0
BL-14425,FNT-12,pilot,1,2025-05-01T14:26:02,2025-05-01T16:26:02,Swing,Marketplace,3,0,0,74.2,0,0,0
BL-14426,FNT-12,pilot,1,2025-05-01T14:17:11,2025-05-01T16:17:11,Swing,Store replen,1,0,0,96.1,0,0,0
BL-14427,FNT-12,pilot,1,2025-05-01T14:17:35,2025-05-01T16:17:35,Swing,DTC web,6,0,1,98.2,0,0,0
BL-14428,FNT-12,pilot,1,2025-05-01T14:32:11,2025-05-01T16:32:11,Swing,DTC web,7,0,0,87.6,0,0,0
BL-14429,FNT-12,pilot,1,2025-05-01T22:12:26,2025-05-02T00:12:26,Night,DTC web,4,0,0,72.3,0,0,0
BL-14430,FNT-12,pilot,1,2025-05-01T22:39:37,2025-05-02T00:39:37,Night,Store replen,1,0,0,95.1,0,0,0
BL-14431,FNT-12,pilot,1,2025-05-01T22:08:46,2025-05-02T00:08:46,Night,Marketplace,3,0,0,78.2,0,0,0
BL-14432,AUS-01,pilot,1,2025-05-02T06:13:28,2025-05-02T08:13:28,Days,DTC web,3,0,0,61.0,0,0,0
BL-14433,AUS-01,pilot,1,2025-05-02T06:32:33,2025-05-02T08:32:33,Days,DTC web,1,1,0,55.4,0,0,0
BL-14434,AUS-01,pilot,1,2025-05-02T06:14:21,2025-05-02T08:14:21,Days,DTC web,5,0,0,82.3,0,0,0
BL-14435,AUS-01,pilot,1,2025-05-02T06:33:15,2025-05-02T08:33:15,Days,DTC web,8,0,0,106.8,1,0,0
BL-14436,AUS-01,pilot,1,2025-05-02T06:14:31,2025-05-02T08:14:31,Days,Marketplace,5,0,0,80.1,1,0,0
BL-14437,AUS-01,pilot,1,2025-05-02T06:18:44,2025-05-02T08:18:44,Days,DTC web,9,0,0,88.4,0,0,0
BL-14438,AUS-01,pilot,1,2025-05-02T06:32:22,2025-05-02T08:32:22,Days,Marketplace,1,1,0,84.2,1,1,0
BL-14439,AUS-01,pilot,1,2025-05-02T14:19:49,2025-05-02T16:19:49,Swing,Marketplace,1,0,0,66.4,0,0,0
BL-14440,AUS-01,pilot,1,2025-05-02T14:23:31,2025-05-02T16:23:31,Swing,DTC web,1,1,0,45.1,0,0,0
BL-14441,AUS-01,pilot,1,2025-05-02T22:47:25,2025-05-03T00:47:25,Night,Marketplace,2,1,0,70.5,0,0,0
BL-14442,AUS-01,pilot,1,2025-05-02T22:30:19,2025-05-03T00:30:19,Night,Marketplace,7,0,0,80.1,0,0,0
BL-14443,AUS-01,pilot,1,2025-05-02T22:39:13,2025-05-03T00:39:13,Night,Store replen,4,0,0,97.3,0,0,0
BL-14444,AUS-01,pilot,1,2025-05-02T22:39:07,2025-05-03T00:39:07,Night,DTC web,2,0,0,63.8,0,0,0
BL-14445,EWR-07,pilot,1,2025-05-02T06:21:28,2025-05-02T08:21:28,Days,Marketplace,2,1,0,76.6,1,1,0
BL-14446,EWR-07,pilot,1,2025-05-02T06:38:34,2025-05-02T08:38:34,Days,Marketplace,1,1,0,64.3,0,0,0
BL-14447,EWR-07,pilot,1,2025-05-02T06:29:05,2025-05-02T08:29:05,Days,DTC web,1,0,0,81.8,1,1,0
BL-14448,EWR-07,pilot,1,2025-05-02T06:50:04,2025-05-02T08:50:04,Days,Store replen,5,0,0,88.4,0,0,0
BL-14449,EWR-07,pilot,1,2025-05-02T06:18:30,2025-05-02T08:18:30,Days,DTC web,1,1,0,75.6,0,0,0
BL-14450,EWR-07,pilot,1,2025-05-02T06:11:15,2025-05-02T08:11:15,Days,DTC web,1,0,0,82.3,0,0,0
BL-14451,EWR-07,pilot,1,2025-05-02T06:23:39,2025-05-02T08:23:39,Days,DTC web,5,0,0,96.5,0,0,0
BL-14452,EWR-07,pilot,1,2025-05-02T06:29:13,2025-05-02T08:29:13,Days,DTC web,3,0,0,77.1,0,0,0
BL-14453,EWR-07,pilot,1,2025-05-02T06:22:10,2025-05-02T08:22:10,Days,DTC web,1,1,0,65.0,0,0,0
BL-14454,EWR-07,pilot,1,2025-05-02T14:22:07,2025-05-02T16:22:07,Swing,DTC web,8,0,0,105.0,0,0,0
BL-14455,EWR-07,pilot,1,2025-05-02T14:17:49,2025-05-02T16:17:49,Swing,DTC web,3,0,0,85.9,0,0,0
BL-14456,EWR-07,pilot,1,2025-05-02T14:12:01,2025-05-02T16:12:01,Swing,Marketplace,3,0,1,89.7,0,0,0
BL-14457,EWR-07,pilot,1,2025-05-02T14:16:33,2025-05-02T16:16:33,Swing,DTC web,1,1,0,71.7,0,0,0
BL-14458,EWR-07,pilot,1,2025-05-02T14:41:00,2025-05-02T16:41:00,Swing,DTC web,3,0,0,74.8,0,0,0
BL-14459,EWR-07,pilot,1,2025-05-02T14:22:32,2025-05-02T16:22:32,Swing,Marketplace,3,0,0,84.3,1,0,0
BL-14460,EWR-07,pilot,1,2025-05-02T14:19:40,2025-05-02T16:19:40,Swing,DTC web,10,0,0,109.9,0,0,0
BL-14461,EWR-07,pilot,1,2025-05-02T14:16:27,2025-05-02T16:16:27,Swing,Marketplace,5,0,0,93.7,0,0,0
BL-14462,EWR-07,pilot,1,2025-05-02T14:50:08,2025-05-02T16:50:08,Swing,Store replen,2,0,0,76.4,0,0,0
BL-14463,EWR-07,pilot,1,2025-05-02T14:15:39,2025-05-02T16:15:39,Swing,DTC web,8,0,0,113.1,1,0,0
BL-14464,EWR-07,pilot,1,2025-05-02T14:35:47,2025-05-02T16:35:47,Swing,DTC web,4,0,0,112.8,1,1,0
BL-14465,EWR-07,pilot,1,2025-05-02T22:26:42,2025-05-03T00:26:42,Night,Store replen,8,0,0,104.0,0,0,0
BL-14466,EWR-07,pilot,1,2025-05-02T22:26:08,2025-05-03T00:26:08,Night,DTC web,1,1,0,97.6,1,1,0
BL-14467,EWR-07,pilot,1,2025-05-02T22:47:19,2025-05-03T00:47:19,Night,DTC web,3,0,0,114.7,0,0,0
BL-14468,EWR-07,pilot,1,2025-05-02T22:47:18,2025-05-03T00:47:18,Night,DTC web,5,0,0,95.5,0,0,0
BL-14469,FNT-12,pilot,1,2025-05-02T06:11:13,2025-05-02T08:11:13,Days,DTC web,13,0,1,118.4,0,0,0
BL-14470,FNT-12,pilot,1,2025-05-02T06:41:01,2025-05-02T08:41:01,Days,Store replen,2,0,0,64.5,0,0,0
BL-14471,FNT-12,pilot,1,2025-05-02T06:29:08,2025-05-02T08:29:08,Days,Store replen,4,0,0,99.3,0,0,0
BL-14472,FNT-12,pilot,1,2025-05-02T06:43:00,2025-05-02T08:43:00,Days,Store replen,2,0,0,90.0,0,0,0
BL-14473,FNT-12,pilot,1,2025-05-02T06:44:39,2025-05-02T08:44:39,Days,DTC web,1,1,0,63.8,0,0,0
BL-14474,FNT-12,pilot,1,2025-05-02T06:12:48,2025-05-02T08:12:48,Days,Store replen,2,0,0,89.9,1,1,0
BL-14475,FNT-12,pilot,1,2025-05-02T14:51:44,2025-05-02T16:51:44,Swing,Marketplace,10,0,0,110.0,0,0,0
BL-14476,FNT-12,pilot,1,2025-05-02T14:09:00,2025-05-02T16:09:00,Swing,Marketplace,1,1,0,56.4,0,0,0
BL-14477,FNT-12,pilot,1,2025-05-02T14:43:45,2025-05-02T16:43:45,Swing,Store replen,2,0,0,90.3,0,0,0
BL-14478,FNT-12,pilot,1,2025-05-02T14:12:37,2025-05-02T16:12:37,Swing,DTC web,7,0,0,103.7,0,0,0
BL-14479,FNT-12,pilot,1,2025-05-02T14:35:35,2025-05-02T16:35:35,Swing,DTC web,2,0,0,67.7,0,0,0
BL-14480,FNT-12,pilot,1,2025-05-02T22:16:40,2025-05-03T00:16:40,Night,Marketplace,4,0,0,113.2,1,0,0
BL-14481,FNT-12,pilot,1,2025-05-02T22:33:34,2025-05-03T00:33:34,Night,Marketplace,2,0,0,90.8,0,0,0
BL-14482,AUS-01,pilot,1,2025-05-03T06:35:21,2025-05-03T08:35:21,Days,Marketplace,5,0,0,82.2,0,0,0
BL-14483,AUS-01,pilot,1,2025-05-03T06:28:13,2025-05-03T08:28:13,Days,Marketplace,4,0,0,77.6,0,0,0
BL-14484,AUS-01,pilot,1,2025-05-03T06:25:43,2025-05-03T08:25:43,Days,Marketplace,4,0,0,79.2,0,0,0
BL-14485,AUS-01,pilot,1,2025-05-03T06:31:46,2025-05-03T08:31:46,Days,DTC web,1,1,0,45.8,0,0,0
BL-14486,AUS-01,pilot,1,2025-05-03T06:15:07,2025-05-03T08:15:07,Days,Marketplace,2,1,0,85.8,0,0,0
BL-14487,AUS-01,pilot,1,2025-05-03T14:30:08,2025-05-03T16:30:08,Swing,DTC web,2,1,0,75.9,0,0,0
BL-14488,AUS-01,pilot,1,2025-05-03T14:17:34,2025-05-03T16:17:34,Swing,DTC web,3,0,0,65.3,0,0,0
BL-14489,AUS-01,pilot,1,2025-05-03T14:27:19,2025-05-03T16:27:19,Swing,DTC web,8,0,0,98.6,0,0,0
BL-14490,AUS-01,pilot,1,2025-05-03T14:48:01,2025-05-03T16:48:01,Swing,Store replen,2,0,0,69.9,0,0,0
BL-14491,AUS-01,pilot,1,2025-05-03T14:35:27,2025-05-03T16:35:27,Swing,Marketplace,3,0,0,107.4,0,0,0
BL-14492,AUS-01,pilot,1,2025-05-03T14:17:07,2025-05-03T16:17:07,Swing,Marketplace,3,0,0,56.2,0,0,0
BL-14493,AUS-01,pilot,1,2025-05-03T14:08:39,2025-05-03T16:08:39,Swing,DTC web,3,0,0,67.3,0,0,0
BL-14494,AUS-01,pilot,1,2025-05-03T22:34:49,2025-05-04T00:34:49,Night,DTC web,6,0,0,81.1,1,1,0
BL-14495,AUS-01,pilot,1,2025-05-03T22:51:27,2025-05-04T00:51:27,Night,DTC web,9,0,0,122.3,0,0,1
BL-14496,AUS-01,pilot,1,2025-05-03T22:19:15,2025-05-04T00:19:15,Night,DTC web,8,0,0,110.3,0,0,0
BL-14497,AUS-01,pilot,1,2025-05-03T22:19:32,2025-05-04T00:19:32,Night,DTC web,3,0,0,79.5,0,0,0
BL-14498,EWR-07,pilot,1,2025-05-03T06:19:40,2025-05-03T08:19:40,Days,DTC web,1,1,0,66.7,0,0,0
BL-14499,EWR-07,pilot,1,2025-05-03T06:29:00,2025-05-03T08:29:00,Days,Store replen,3,0,0,86.4,0,0,0
BL-14500,EWR-07,pilot,1,2025-05-03T06:32:42,2025-05-03T08:32:42,Days,DTC web,2,1,0,92.0,0,0,0
BL-14501,EWR-07,pilot,1,2025-05-03T14:11:18,2025-05-03T16:11:18,Swing,Store replen,1,0,1,82.5,0,0,0
BL-14502,EWR-07,pilot,1,2025-05-03T14:44:21,2025-05-03T16:44:21,Swing,DTC web,4,0,0,83.9,0,0,0
BL-14503,EWR-07,pilot,1,2025-05-03T14:31:43,2025-05-03T16:31:43,Swing,DTC web,1,1,0,49.7,0,0,0
BL-14504,EWR-07,pilot,1,2025-05-03T22:25:42,2025-05-04T00:25:42,Night,Marketplace,3,0,0,101.3,1,1,0
BL-14505,EWR-07,pilot,1,2025-05-03T22:26:28,2025-05-04T00:26:28,Night,DTC web,4,0,0,76.6,0,0,0
BL-14506,EWR-07,pilot,1,2025-05-03T22:41:39,2025-05-04T00:41:39,Night,DTC web,1,1,0,73.1,1,1,0
BL-14507,FNT-12,pilot,1,2025-05-03T06:44:18,2025-05-03T08:44:18,Days,Store replen,2,0,0,116.1,0,0,0
BL-14508,FNT-12,pilot,1,2025-05-03T06:11:21,2025-05-03T08:11:21,Days,Store replen,1,0,0,79.2,0,0,0
BL-14509,FNT-12,pilot,1,2025-05-03T06:47:46,2025-05-03T08:47:46,Days,DTC web,4,0,1,86.8,0,0,0
BL-14510,FNT-12,pilot,1,2025-05-03T06:27:30,2025-05-03T08:27:30,Days,Store replen,10,0,0,101.5,0,0,0
BL-14511,FNT-12,pilot,1,2025-05-03T06:50:00,2025-05-03T08:50:00,Days,DTC web,6,0,0,84.5,0,0,0
BL-14512,FNT-12,pilot,1,2025-05-03T06:19:31,2025-05-03T08:19:31,Days,DTC web,2,0,1,81.2,0,0,0
BL-14513,FNT-12,pilot,1,2025-05-03T06:27:46,2025-05-03T08:27:46,Days,DTC web,2,1,0,71.7,0,0,0
BL-14514,FNT-12,pilot,1,2025-05-03T14:26:29,2025-05-03T16:26:29,Swing,DTC web,2,1,0,56.4,0,0,0
BL-14515,FNT-12,pilot,1,2025-05-03T14:14:37,2025-05-03T16:14:37,Swing,DTC web,4,0,0,68.1,0,0,0
BL-14516,FNT-12,pilot,1,2025-05-03T14:09:22,2025-05-03T16:09:22,Swing,Marketplace,1,0,0,64.7,0,0,0
BL-14517,FNT-12,pilot,1,2025-05-03T14:42:09,2025-05-03T16:42:09,Swing,Marketplace,3,0,0,62.6,0,0,0
BL-14518,FNT-12,pilot,1,2025-05-03T14:47:08,2025-05-03T16:47:08,Swing,DTC web,3,0,0,89.1,0,0,0
BL-14519,FNT-12,pilot,1,2025-05-03T14:08:04,2025-05-03T16:08:04,Swing,DTC web,6,0,0,94.9,0,0,0
BL-14520,FNT-12,pilot,1,2025-05-03T14:10:15,2025-05-03T16:10:15,Swing,DTC web,2,1,0,77.7,1,0,0
BL-14521,FNT-12,pilot,1,2025-05-03T14:43:23,2025-05-03T16:43:23,Swing,DTC web,4,0,0,92.7,0,0,0
BL-14522,FNT-12,pilot,1,2025-05-03T14:10:45,2025-05-03T16:10:45,Swing,DTC web,3,0,0,68.5,0,0,0
BL-14523,FNT-12,pilot,1,2025-05-03T22:35:41,2025-05-04T00:35:41,Night,DTC web,4,0,0,87.9,0,0,0
BL-14524,FNT-12,pilot,1,2025-05-03T22:40:43,2025-05-04T00:40:43,Night,Store replen,10,0,0,121.5,1,0,1
