Label,Avg Cycle Time (min),Std Dev Cycle Time,Avg Errors per Order,Error Rate (%),Rework Rate (%),Daily Throughput,Monthly Throughput
Before,201.67399999999998,41.80677684178714,0.21,21.0,11.0,2.3800787409383464,52.361732300643624
After,75.57299999999998,9.754955798273134,0.13,13.0,6.0,6.35147473303958,139.73244412687075
